timestamp,zone1_c,zone2_c,zone3_c,zone1_sp_c,zone2_sp_c,zone3_sp_c,zone1_power_pct,zone2_power_pct,zone3_power_pct,zone1_remote,zone2_remote,zone3_remote,alarm
2026-09-30T09:10:09,22.0,22.0,23.0,0.0,0.0,0.0,0.0,0.0,0.0,0,0,0,
2026-09-30T09:10:11,22.0,22.0,23.0,0.0,0.0,0.0,0.0,0.0,0.0,0,0,0,
2026-09-30T09:10:13,22.0,22.0,23.0,0.0,0.0,0.0,0.0,0.0,0.0,0,0,0,
2026-09-30T09:10:15,22.0,22.0,23.0,0.0,0.0,0.0,0.0,0.0,0.0,0,0,0,
2026-09-30T09:10:17,22.0,22.0,23.0,0.0,0.0,0.0,0.0,0.0,0.0,0,0,0,
2026-09-30T09:10:20,22.0,22.0,23.0,0.0,0.0,0.0,0.0,0.0,0.0,0,0,0,
2026-09-30T09:10:22,22.0,22.0,23.0,0.0,0.0,0.0,0.0,0.0,0.0,0,0,0,
2026-09-30T09:10:24,22.0,22.0,23.0,0.0,0.0,0.0,0.0,0.0,0.0,0,0,0,
2026-09-30T09:10:26,22.0,22.0,23.0,0.0,0.0,0.0,0.0,0.0,0.0,0,0,0,
2026-09-30T09:10:28,22.0,22.0,23.0,0.0,0.0,0.0,0.0,0.0,0.0,0,0,0,
2026-09-30T09:10:30,22.0,22.0,23.0,0.0,0.0,0.0,0.0,0.0,0.0,0,0,0,
2026-09-30T09:10:32,22.0,22.0,23.0,0.0,0.0,0.0,0.0,0.0,0.0,0,0,0,
2026-09-30T09:10:34,22.0,22.0,23.0,0.0,0.0,0.0,0.0,0.0,0.0,0,0,0,
2026-09-30T09:10:36,22.0,22.0,23.0,0.0,0.0,0.0,0.0,0.0,0.0,0,0,0,
2026-09-30T09:10:38,22.0,22.0,23.0,0.0,0.0,0.0,0.0,0.0,0.0,0,0,0,
2026-09-30T09:10:40,22.0,22.0,23.0,0.0,0.0,0.0,0.0,0.0,0.0,0,0,0,
2026-09-30T09:10:42,22.0,22.0,23.0,0.0,0.0,0.0,0.0,0.0,0.0,0,0,0,
2026-09-30T09:10:44,22.0,22.0,23.0,0.0,0.0,0.0,0.0,0.0,0.0,0,0,0,
2026-09-30T09:10:46,22.0,22.0,23.0,0.0,0.0,0.0,0.0,0.0,0.0,0,0,0,
2026-09-30T09:10:48,22.0,22.0,23.0,0.0,0.0,0.0,0.0,0.0,0.0,0,0,0,
2026-09-30T09:10:50,22.0,22.0,23.0,0.0,0.0,0.0,0.0,0.0,0.0,0,0,0,
2026-09-30T09:10:52,22.0,22.0,23.0,0.0,0.0,0.0,0.0,0.0,0.0,0,0,0,
2026-09-30T09:10:54,22.0,22.0,23.0,0.0,0.0,0.0,0.0,0.0,0.0,0,0,0,
2026-09-30T09:10:56,22.0,22.0,23.0,0.0,0.0,0.0,0.0,0.0,0.0,0,0,0,
2026-09-30T09:10:58,22.0,22.0,23.0,0.0,0.0,0.0,0.0,0.0,0.0,0,0,0,
2026-09-30T09:11:00,22.0,22.0,23.0,0.0,0.0,0.0,0.0,0.0,0.0,0,0,0,
2026-09-30T09:11:02,22.0,22.0,23.0,0.0,0.0,0.0,0.0,0.0,0.0,0,0,0,
2026-09-30T09:11:04,22.0,22.0,23.0,0.0,0.0,0.0,0.0,0.0,0.0,0,0,0,
2026-09-30T09:11:06,22.0,22.0,23.0,0.0,0.0,0.0,0.0,0.0,0.0,0,0,0,
2026-09-30T09:11:08,22.0,22.0,23.0,0.0,0.0,0.0,0.0,0.0,0.0,0,0,0,
2026-09-30T09:11:10,22.0,22.0,23.0,0.0,0.0,0.0,0.0,0.0,0.0,0,0,0,
2026-09-30T09:11:12,22.0,22.0,23.0,0.0,0.0,0.0,0.0,0.0,0.0,0,0,0,
2026-09-30T09:11:14,22.0,22.0,23.0,0.0,0.0,0.0,0.0,0.0,0.0,0,0,0,
2026-09-30T09:11:16,22.0,22.0,23.0,0.0,0.0,0.0,0.0,0.0,0.0,0,0,0,
2026-09-30T09:11:18,22.0,22.0,23.0,0.0,0.0,0.0,0.0,0.0,0.0,0,0,0,
2026-09-30T09:11:20,22.0,22.0,23.0,0.0,0.0,0.0,0.0,0.0,0.0,0,0,0,
2026-09-30T09:11:22,22.0,22.0,23.0,0.0,0.0,0.0,0.0,0.0,0.0,0,0,0,
2026-09-30T09:11:24,22.0,22.0,23.0,0.0,0.0,0.0,0.0,0.0,0.0,0,0,0,
2026-09-30T09:11:26,22.0,22.0,23.0,0.0,0.0,0.0,0.0,0.0,0.0,0,0,0,
2026-09-30T09:11:28,22.0,22.0,23.0,0.0,0.0,0.0,0.0,0.0,0.0,0,0,0,
2026-09-30T09:11:30,22.0,22.0,23.0,0.0,0.0,0.0,0.0,0.0,0.0,0,0,0,
2026-09-30T09:11:32,22.0,22.0,23.0,0.0,0.0,0.0,0.0,0.0,0.0,0,0,0,
2026-09-30T09:11:34,22.0,22.0,23.0,0.0,0.0,0.0,0.0,0.0,0.0,0,0,0,
2026-09-30T09:11:36,22.0,22.0,23.0,0.0,0.0,0.0,0.0,0.0,0.0,0,0,0,
2026-09-30T09:11:38,22.0,22.0,23.0,0.0,0.0,0.0,0.0,0.0,0.0,0,0,0,
2026-09-30T09:11:40,22.0,22.0,23.0,0.0,0.0,0.0,0.0,0.0,0.0,0,0,0,
2026-09-30T09:11:42,22.0,22.0,23.0,0.0,0.0,0.0,0.0,0.0,0.0,0,0,0,
2026-09-30T09:11:44,22.0,22.0,23.0,0.0,0.0,0.0,0.0,0.0,0.0,0,0,0,
2026-09-30T09:11:46,22.0,22.0,23.0,0.0,0.0,0.0,0.0,0.0,0.0,0,0,0,
2026-09-30T09:11:48,22.0,22.0,23.0,0.0,0.0,0.0,0.0,0.0,0.0,0,0,0,
2026-09-30T09:12:03,22.0,22.0,23.0,0.0,0.0,0.0,0.0,0.0,0.0,0,0,0,
2026-09-30T09:12:05,22.0,22.0,23.0,0.0,0.0,0.0,0.0,0.0,0.0,0,0,0,
2026-09-30T09:12:07,22.0,22.0,23.0,0.0,0.0,0.0,0.0,0.0,0.0,0,0,0,
2026-09-30T09:12:09,22.0,22.0,23.0,0.0,0.0,0.0,0.0,0.0,0.0,0,0,0,
2026-09-30T09:12:12,22.0,22.0,23.0,0.0,0.0,0.0,0.0,0.0,0.0,0,0,0,
2026-09-30T09:12:14,22.0,22.0,23.0,0.0,0.0,0.0,0.0,0.0,0.0,0,0,0,
2026-09-30T09:12:16,22.0,22.0,23.0,0.0,0.0,0.0,0.0,0.0,0.0,0,0,0,
2026-09-30T09:12:18,22.0,22.0,23.0,0.0,0.0,0.0,0.0,0.0,0.0,0,0,0,
2026-09-30T09:12:20,22.0,22.0,23.0,0.0,0.0,0.0,0.0,0.0,0.0,0,0,0,
2026-09-30T09:12:22,22.0,22.0,23.0,0.0,0.0,0.0,0.0,0.0,0.0,0,0,0,
2026-09-30T09:12:24,22.0,22.0,23.0,0.0,0.0,0.0,0.0,0.0,0.0,0,0,0,
2026-09-30T09:12:26,22.0,22.0,23.0,0.0,0.0,0.0,0.0,0.0,0.0,0,0,0,
2026-09-30T09:12:28,22.0,22.0,23.0,0.0,0.0,0.0,0.0,0.0,0.0,0,0,0,
2026-09-30T09:12:30,22.0,22.0,23.0,0.0,0.0,0.0,0.0,0.0,0.0,0,0,0,
2026-09-30T09:12:32,22.0,22.0,23.0,0.0,0.0,0.0,0.0,0.0,0.0,0,0,0,
2026-09-30T09:12:34,22.0,22.0,23.0,0.0,0.0,0.0,0.0,0.0,0.0,0,0,0,
2026-09-30T09:12:36,22.0,22.0,23.0,0.0,0.0,0.0,0.0,0.0,0.0,0,0,0,
2026-09-30T09:12:38,22.0,22.0,23.0,0.0,0.0,0.0,0.0,0.0,0.0,0,0,0,
2026-09-30T09:12:40,22.0,22.0,23.0,0.0,0.0,0.0,0.0,0.0,0.0,0,0,0,
2026-09-30T09:48:36,101.0,105.0,101.0,0.0,0.0,0.0,0.0,0.0,0.0,0,0,0,
2026-09-30T09:48:38,101.0,105.0,101.0,0.0,0.0,0.0,0.0,0.0,0.0,0,0,0,
2026-09-30T09:48:40,101.0,105.0,101.0,0.0,0.0,0.0,0.0,0.0,0.0,0,0,0,
2026-09-30T09:48:42,101.0,105.0,101.0,0.0,0.0,0.0,0.0,0.0,0.0,0,0,0,
2026-09-30T09:48:45,101.0,105.0,101.0,0.0,0.0,0.0,0.0,0.0,0.0,0,0,0,
2026-09-30T09:48:47,101.0,105.0,101.0,0.0,0.0,0.0,0.0,0.0,0.0,0,0,0,
2026-09-30T09:48:49,101.0,105.0,101.0,0.0,0.0,0.0,0.0,0.0,0.0,0,0,0,
2026-09-30T09:48:51,101.0,105.0,101.0,0.0,0.0,0.0,0.0,0.0,0.0,0,0,0,
2026-09-30T09:48:53,101.0,105.0,101.0,0.0,0.0,0.0,0.0,0.0,0.0,0,0,0,
2026-09-30T09:48:55,101.0,105.0,101.0,0.0,0.0,0.0,0.0,0.0,0.0,0,0,0,
2026-09-30T09:48:57,101.0,105.0,101.0,0.0,0.0,0.0,0.0,0.0,0.0,0,0,0,
2026-09-30T09:48:59,101.0,105.0,101.0,0.0,0.0,0.0,0.0,0.0,0.0,0,0,0,
2026-09-30T09:49:01,101.0,105.0,101.0,0.0,0.0,0.0,0.0,0.0,0.0,0,0,0,
2026-09-30T09:49:03,101.0,105.0,101.0,0.0,0.0,0.0,0.0,0.0,0.0,0,0,0,
2026-09-30T09:49:05,101.0,105.0,101.0,0.0,0.0,0.0,0.0,0.0,0.0,0,0,0,
2026-09-30T09:49:07,101.0,105.0,101.0,0.0,0.0,0.0,0.0,0.0,0.0,0,0,0,
2026-09-30T09:49:09,101.0,105.0,101.0,0.0,0.0,0.0,0.0,0.0,0.0,0,0,0,
2026-09-30T09:49:11,101.0,105.0,101.0,0.0,0.0,0.0,0.0,0.0,0.0,0,0,0,
2026-09-30T09:49:13,101.0,105.0,101.0,0.0,0.0,0.0,0.0,0.0,0.0,0,0,0,
2026-09-30T09:49:15,101.0,105.0,101.0,0.0,0.0,0.0,0.0,0.0,0.0,0,0,0,
2026-09-30T09:49:17,101.0,105.0,101.0,0.0,0.0,0.0,0.0,0.0,0.0,0,0,0,
2026-09-30T09:49:19,101.0,105.0,101.0,0.0,0.0,0.0,0.0,0.0,0.0,0,0,0,
2026-09-30T09:49:21,101.0,105.0,101.0,0.0,0.0,0.0,0.0,0.0,0.0,0,0,0,
2026-09-30T09:49:23,101.0,105.0,101.0,0.0,0.0,0.0,0.0,0.0,0.0,0,0,0,
2026-09-30T09:49:25,101.0,105.0,101.0,0.0,0.0,0.0,0.0,0.0,0.0,0,0,0,
2026-09-30T09:49:27,101.0,105.0,101.0,0.0,0.0,0.0,0.0,0.0,0.0,0,0,0,
2026-09-30T09:49:29,100.0,105.0,101.0,0.0,0.0,0.0,0.0,0.0,0.0,0,0,0,
2026-09-30T09:49:31,100.0,105.0,101.0,0.0,0.0,0.0,0.0,0.0,0.0,0,0,0,
2026-09-30T09:49:33,100.0,105.0,101.0,0.0,0.0,0.0,0.0,0.0,0.0,0,0,0,
2026-09-30T09:49:35,100.0,105.0,101.0,0.0,0.0,0.0,0.0,0.0,0.0,0,0,0,
2026-09-30T09:49:37,100.0,105.0,101.0,0.0,0.0,0.0,0.0,0.0,0.0,0,0,0,
2026-09-30T09:49:39,100.0,105.0,101.0,0.0,0.0,0.0,0.0,0.0,0.0,0,0,0,
2026-09-30T09:49:41,100.0,105.0,100.0,0.0,0.0,0.0,0.0,0.0,0.0,0,0,0,
2026-09-30T09:49:43,100.0,105.0,100.0,0.0,0.0,0.0,0.0,0.0,0.0,0,0,0,
2026-09-30T09:49:45,100.0,105.0,100.0,0.0,0.0,0.0,0.0,0.0,0.0,0,0,0,
2026-09-30T09:49:47,100.0,105.0,100.0,0.0,0.0,0.0,0.0,0.0,0.0,0,0,0,
2026-09-30T09:49:49,100.0,105.0,100.0,0.0,0.0,0.0,0.0,0.0,0.0,0,0,0,
2026-09-30T09:49:51,100.0,105.0,100.0,0.0,0.0,0.0,0.0,0.0,0.0,0,0,0,
2026-09-30T09:49:53,100.0,105.0,100.0,0.0,0.0,0.0,0.0,0.0,0.0,0,0,0,
2026-09-30T09:49:55,100.0,105.0,100.0,0.0,0.0,0.0,0.0,0.0,0.0,0,0,0,
2026-09-30T09:49:57,99.0,105.0,100.0,0.0,0.0,0.0,0.0,0.0,0.0,0,0,0,
2026-09-30T09:49:59,99.0,105.0,100.0,0.0,0.0,0.0,0.0,0.0,0.0,0,0,0,
2026-09-30T09:50:01,99.0,105.0,100.0,0.0,0.0,0.0,0.0,0.0,0.0,0,0,0,
2026-09-30T09:50:03,99.0,105.0,100.0,0.0,0.0,0.0,0.0,0.0,0.0,0,0,0,
2026-09-30T09:50:05,99.0,105.0,100.0,0.0,0.0,0.0,0.0,0.0,0.0,0,0,0,
2026-09-30T09:50:07,99.0,105.0,100.0,0.0,0.0,0.0,0.0,0.0,0.0,0,0,0,
2026-09-30T09:50:09,99.0,105.0,100.0,0.0,0.0,0.0,0.0,0.0,0.0,0,0,0,
2026-09-30T09:50:11,99.0,105.0,99.0,0.0,0.0,0.0,0.0,0.0,0.0,0,0,0,
2026-09-30T09:50:13,99.0,105.0,99.0,0.0,0.0,0.0,0.0,0.0,0.0,0,0,0,
2026-09-30T09:50:15,99.0,105.0,99.0,0.0,0.0,0.0,0.0,0.0,0.0,0,0,0,
2026-09-30T09:50:17,99.0,105.0,99.0,0.0,0.0,0.0,0.0,0.0,0.0,0,0,0,
2026-09-30T09:50:19,99.0,105.0,99.0,0.0,0.0,0.0,0.0,0.0,0.0,0,0,0,
2026-09-30T09:50:21,99.0,105.0,99.0,0.0,0.0,0.0,0.0,0.0,0.0,0,0,0,
2026-09-30T09:50:23,99.0,105.0,99.0,0.0,0.0,0.0,0.0,0.0,0.0,0,0,0,
2026-09-30T09:50:25,98.0,105.0,99.0,0.0,0.0,0.0,0.0,0.0,0.0,0,0,0,
2026-09-30T09:50:27,98.0,105.0,99.0,0.0,0.0,0.0,0.0,0.0,0.0,0,0,0,
2026-09-30T09:50:29,98.0,105.0,99.0,0.0,0.0,0.0,0.0,0.0,0.0,0,0,0,
2026-09-30T09:50:31,98.0,105.0,99.0,0.0,0.0,0.0,0.0,0.0,0.0,0,0,0,
2026-09-30T09:50:33,98.0,105.0,99.0,0.0,0.0,0.0,0.0,0.0,0.0,0,0,0,
2026-09-30T09:50:35,98.0,105.0,99.0,0.0,0.0,0.0,0.0,0.0,0.0,0,0,0,
2026-09-30T09:50:37,98.0,105.0,98.0,0.0,0.0,0.0,0.0,0.0,0.0,0,0,0,
2026-09-30T09:50:39,98.0,105.0,98.0,0.0,0.0,0.0,0.0,0.0,0.0,0,0,0,
2026-09-30T09:50:41,98.0,105.0,98.0,0.0,0.0,0.0,0.0,0.0,0.0,0,0,0,
2026-09-30T09:50:43,98.0,105.0,98.0,0.0,0.0,0.0,0.0,0.0,0.0,0,0,0,
2026-09-30T09:50:45,98.0,105.0,98.0,0.0,0.0,0.0,0.0,0.0,0.0,0,0,0,
2026-09-30T09:50:47,98.0,105.0,98.0,0.0,0.0,0.0,0.0,0.0,0.0,0,0,0,
2026-09-30T09:50:49,98.0,105.0,98.0,0.0,0.0,0.0,0.0,0.0,0.0,0,0,0,
2026-09-30T09:50:51,98.0,105.0,98.0,0.0,0.0,0.0,0.0,0.0,0.0,0,0,0,
2026-09-30T09:50:53,97.0,105.0,98.0,0.0,0.0,0.0,0.0,0.0,0.0,0,0,0,
2026-09-30T09:50:55,97.0,105.0,98.0,0.0,0.0,0.0,0.0,0.0,0.0,0,0,0,
2026-09-30T09:50:57,97.0,105.0,97.0,0.0,0.0,0.0,0.0,0.0,0.0,0,0,0,
2026-09-30T09:50:59,97.0,105.0,97.0,0.0,0.0,0.0,0.0,0.0,0.0,0,0,0,
2026-09-30T09:51:01,97.0,105.0,97.0,0.0,0.0,0.0,0.0,0.0,0.0,0,0,0,
2026-09-30T09:51:03,97.0,105.0,97.0,0.0,0.0,0.0,0.0,0.0,0.0,0,0,0,
2026-09-30T09:51:05,97.0,105.0,97.0,0.0,0.0,0.0,0.0,0.0,0.0,0,0,0,
2026-09-30T09:51:07,97.0,105.0,97.0,0.0,0.0,0.0,0.0,0.0,0.0,0,0,0,
2026-09-30T09:51:09,97.0,105.0,97.0,0.0,0.0,0.0,0.0,0.0,0.0,0,0,0,
2026-09-30T09:51:11,97.0,105.0,97.0,0.0,0.0,0.0,0.0,0.0,0.0,0,0,0,
2026-09-30T09:51:14,97.0,105.0,97.0,0.0,0.0,0.0,0.0,0.0,0.0,0,0,0,
2026-09-30T09:51:16,97.0,105.0,97.0,0.0,0.0,0.0,0.0,0.0,0.0,0,0,0,
2026-09-30T09:51:18,97.0,105.0,97.0,0.0,0.0,0.0,0.0,0.0,0.0,0,0,0,
2026-09-30T09:51:20,96.0,105.0,97.0,0.0,0.0,0.0,0.0,0.0,0.0,0,0,0,
2026-09-30T09:51:22,96.0,105.0,96.0,0.0,0.0,0.0,0.0,0.0,0.0,0,0,0,
2026-09-30T09:51:24,96.0,105.0,96.0,0.0,0.0,0.0,0.0,0.0,0.0,0,0,0,
2026-09-30T09:51:26,96.0,105.0,96.0,0.0,0.0,0.0,0.0,0.0,0.0,0,0,0,
2026-09-30T09:51:28,96.0,105.0,96.0,0.0,0.0,0.0,0.0,0.0,0.0,0,0,0,
2026-09-30T09:51:30,96.0,105.0,96.0,0.0,0.0,0.0,0.0,0.0,0.0,0,0,0,
2026-09-30T09:51:32,96.0,105.0,96.0,0.0,0.0,0.0,0.0,0.0,0.0,0,0,0,
2026-09-30T09:51:34,96.0,105.0,96.0,0.0,0.0,0.0,0.0,0.0,0.0,0,0,0,
2026-09-30T09:51:36,96.0,105.0,96.0,0.0,0.0,0.0,0.0,0.0,0.0,0,0,0,
2026-09-30T09:51:38,96.0,105.0,96.0,0.0,0.0,0.0,0.0,0.0,0.0,0,0,0,
2026-09-30T09:51:40,96.0,105.0,96.0,0.0,0.0,0.0,0.0,0.0,0.0,0,0,0,
2026-09-30T09:51:42,96.0,105.0,96.0,0.0,0.0,0.0,0.0,0.0,0.0,0,0,0,
2026-09-30T09:51:44,96.0,105.0,96.0,0.0,0.0,0.0,0.0,0.0,0.0,0,0,0,
2026-09-30T09:51:46,96.0,105.0,96.0,0.0,0.0,0.0,0.0,0.0,0.0,0,0,0,
2026-09-30T09:51:48,95.0,105.0,95.0,0.0,0.0,0.0,0.0,0.0,0.0,0,0,0,
2026-09-30T09:51:50,95.0,105.0,95.0,0.0,0.0,0.0,0.0,0.0,0.0,0,0,0,
2026-09-30T09:51:52,95.0,105.0,95.0,0.0,0.0,0.0,0.0,0.0,0.0,0,0,0,
2026-09-30T09:51:54,95.0,105.0,95.0,0.0,0.0,0.0,0.0,0.0,0.0,0,0,0,
2026-09-30T09:51:56,95.0,105.0,95.0,0.0,0.0,0.0,0.0,0.0,0.0,0,0,0,
2026-09-30T09:51:58,95.0,105.0,95.0,0.0,0.0,0.0,0.0,0.0,0.0,0,0,0,
2026-09-30T09:52:00,95.0,105.0,95.0,0.0,0.0,0.0,0.0,0.0,0.0,0,0,0,
2026-09-30T09:52:02,95.0,105.0,95.0,0.0,0.0,0.0,0.0,0.0,0.0,0,0,0,
2026-09-30T09:52:04,95.0,105.0,95.0,0.0,0.0,0.0,0.0,0.0,0.0,0,0,0,
2026-09-30T09:52:06,95.0,105.0,95.0,0.0,0.0,0.0,0.0,0.0,0.0,0,0,0,
2026-09-30T09:52:08,95.0,105.0,95.0,0.0,0.0,0.0,0.0,0.0,0.0,0,0,0,
2026-09-30T09:52:10,95.0,105.0,95.0,0.0,0.0,0.0,0.0,0.0,0.0,0,0,0,
2026-09-30T09:52:12,95.0,105.0,94.0,0.0,0.0,0.0,0.0,0.0,0.0,0,0,0,
2026-09-30T09:52:14,95.0,105.0,94.0,0.0,0.0,0.0,0.0,0.0,0.0,0,0,0,
2026-09-30T09:52:16,95.0,105.0,94.0,0.0,0.0,0.0,0.0,0.0,0.0,0,0,0,
2026-09-30T09:52:18,94.0,105.0,94.0,0.0,0.0,0.0,0.0,0.0,0.0,0,0,0,
2026-09-30T09:52:20,94.0,105.0,94.0,0.0,0.0,0.0,0.0,0.0,0.0,0,0,0,
2026-09-30T09:52:22,94.0,105.0,94.0,0.0,0.0,0.0,0.0,0.0,0.0,0,0,0,
2026-09-30T09:52:24,94.0,105.0,94.0,0.0,0.0,0.0,0.0,0.0,0.0,0,0,0,
2026-09-30T09:52:26,94.0,105.0,94.0,0.0,0.0,0.0,0.0,0.0,0.0,0,0,0,
2026-09-30T09:52:28,94.0,105.0,94.0,0.0,0.0,0.0,0.0,0.0,0.0,0,0,0,
2026-09-30T09:52:30,94.0,105.0,94.0,0.0,0.0,0.0,0.0,0.0,0.0,0,0,0,
2026-09-30T09:52:32,94.0,105.0,94.0,0.0,0.0,0.0,0.0,0.0,0.0,0,0,0,
2026-09-30T09:52:34,94.0,105.0,94.0,0.0,0.0,0.0,0.0,0.0,0.0,0,0,0,
2026-09-30T09:52:36,94.0,105.0,93.0,0.0,0.0,0.0,0.0,0.0,0.0,0,0,0,
2026-09-30T09:52:38,94.0,105.0,93.0,0.0,0.0,0.0,0.0,0.0,0.0,0,0,0,
2026-09-30T09:52:40,94.0,105.0,93.0,0.0,0.0,0.0,0.0,0.0,0.0,0,0,0,
2026-09-30T09:52:42,94.0,105.0,93.0,0.0,0.0,0.0,0.0,0.0,0.0,0,0,0,
2026-09-30T09:52:44,94.0,105.0,93.0,0.0,0.0,0.0,0.0,0.0,0.0,0,0,0,
2026-09-30T09:52:46,94.0,105.0,93.0,0.0,0.0,0.0,0.0,0.0,0.0,0,0,0,
2026-09-30T09:52:48,93.0,105.0,93.0,0.0,0.0,0.0,0.0,0.0,0.0,0,0,0,
2026-09-30T09:52:50,93.0,104.0,93.0,0.0,0.0,0.0,0.0,0.0,0.0,0,0,0,
2026-09-30T09:52:52,93.0,104.0,93.0,0.0,0.0,0.0,0.0,0.0,0.0,0,0,0,
2026-09-30T09:52:54,93.0,104.0,93.0,0.0,0.0,0.0,0.0,0.0,0.0,0,0,0,
2026-09-30T09:52:56,93.0,104.0,93.0,0.0,0.0,0.0,0.0,0.0,0.0,0,0,0,
2026-09-30T09:52:58,93.0,104.0,93.0,0.0,0.0,0.0,0.0,0.0,0.0,0,0,0,
2026-09-30T09:53:00,93.0,104.0,93.0,0.0,0.0,0.0,0.0,0.0,0.0,0,0,0,
2026-09-30T09:53:02,93.0,104.0,92.0,0.0,0.0,0.0,0.0,0.0,0.0,0,0,0,
2026-09-30T09:53:04,93.0,104.0,92.0,0.0,0.0,0.0,0.0,0.0,0.0,0,0,0,
2026-09-30T09:53:06,93.0,104.0,92.0,0.0,0.0,0.0,0.0,0.0,0.0,0,0,0,
2026-09-30T09:53:08,93.0,104.0,92.0,0.0,0.0,0.0,0.0,0.0,0.0,0,0,0,
2026-09-30T09:53:10,93.0,104.0,92.0,0.0,0.0,0.0,0.0,0.0,0.0,0,0,0,
2026-09-30T09:53:12,93.0,104.0,92.0,0.0,0.0,0.0,0.0,0.0,0.0,0,0,0,
2026-09-30T09:53:14,93.0,104.0,92.0,0.0,0.0,0.0,0.0,0.0,0.0,0,0,0,
2026-09-30T09:53:16,93.0,104.0,92.0,0.0,0.0,0.0,0.0,0.0,0.0,0,0,0,
2026-09-30T09:53:18,93.0,104.0,92.0,0.0,0.0,0.0,0.0,0.0,0.0,0,0,0,
2026-09-30T09:53:20,93.0,104.0,92.0,0.0,0.0,0.0,0.0,0.0,0.0,0,0,0,
2026-09-30T09:53:22,92.0,104.0,92.0,0.0,0.0,0.0,0.0,0.0,0.0,0,0,0,
2026-09-30T09:53:25,92.0,104.0,92.0,0.0,0.0,0.0,0.0,0.0,0.0,0,0,0,
2026-09-30T09:53:27,92.0,104.0,92.0,0.0,0.0,0.0,0.0,0.0,0.0,0,0,0,
2026-09-30T09:53:29,92.0,104.0,92.0,0.0,0.0,0.0,0.0,0.0,0.0,0,0,0,
2026-09-30T09:53:31,92.0,104.0,91.0,0.0,0.0,0.0,0.0,0.0,0.0,0,0,0,
2026-09-30T09:53:33,92.0,104.0,91.0,0.0,0.0,0.0,0.0,0.0,0.0,0,0,0,
2026-09-30T09:53:35,92.0,104.0,91.0,0.0,0.0,0.0,0.0,0.0,0.0,0,0,0,
2026-09-30T09:53:37,92.0,104.0,91.0,0.0,0.0,0.0,0.0,0.0,0.0,0,0,0,
2026-09-30T09:53:39,92.0,104.0,91.0,0.0,0.0,0.0,0.0,0.0,0.0,0,0,0,
2026-09-30T09:53:41,92.0,104.0,91.0,0.0,0.0,0.0,0.0,0.0,0.0,0,0,0,
2026-09-30T09:53:43,92.0,104.0,91.0,0.0,0.0,0.0,0.0,0.0,0.0,0,0,0,
2026-09-30T09:53:45,92.0,104.0,91.0,0.0,0.0,0.0,0.0,0.0,0.0,0,0,0,
2026-09-30T09:53:47,92.0,104.0,91.0,0.0,0.0,0.0,0.0,0.0,0.0,0,0,0,
2026-09-30T09:53:49,92.0,104.0,91.0,0.0,0.0,0.0,0.0,0.0,0.0,0,0,0,
2026-09-30T09:53:51,92.0,104.0,91.0,0.0,0.0,0.0,0.0,0.0,0.0,0,0,0,
2026-09-30T09:53:53,92.0,104.0,91.0,0.0,0.0,0.0,0.0,0.0,0.0,0,0,0,
2026-09-30T09:53:55,92.0,104.0,91.0,0.0,0.0,0.0,0.0,0.0,0.0,0,0,0,
2026-09-30T09:53:57,92.0,104.0,91.0,0.0,0.0,0.0,0.0,0.0,0.0,0,0,0,
2026-09-30T09:53:59,91.0,104.0,90.0,0.0,0.0,0.0,0.0,0.0,0.0,0,0,0,
2026-09-30T09:54:01,91.0,104.0,90.0,0.0,0.0,0.0,0.0,0.0,0.0,0,0,0,
2026-09-30T09:54:03,91.0,104.0,90.0,0.0,0.0,0.0,0.0,0.0,0.0,0,0,0,
2026-09-30T09:54:05,91.0,104.0,90.0,0.0,0.0,0.0,0.0,0.0,0.0,0,0,0,
2026-09-30T09:54:07,91.0,104.0,90.0,0.0,0.0,0.0,0.0,0.0,0.0,0,0,0,
2026-09-30T09:54:09,91.0,104.0,90.0,0.0,0.0,0.0,0.0,0.0,0.0,0,0,0,
2026-09-30T09:54:11,91.0,104.0,90.0,0.0,0.0,0.0,0.0,0.0,0.0,0,0,0,
2026-09-30T09:54:13,91.0,104.0,90.0,0.0,0.0,0.0,0.0,0.0,0.0,0,0,0,
2026-09-30T09:54:15,91.0,104.0,90.0,0.0,0.0,0.0,0.0,0.0,0.0,0,0,0,
2026-09-30T09:54:17,91.0,104.0,90.0,0.0,0.0,0.0,0.0,0.0,0.0,0,0,0,
2026-09-30T09:54:19,91.0,104.0,90.0,0.0,0.0,0.0,0.0,0.0,0.0,0,0,0,
2026-09-30T09:54:21,91.0,104.0,90.0,0.0,0.0,0.0,0.0,0.0,0.0,0,0,0,
2026-09-30T09:54:23,91.0,104.0,90.0,0.0,0.0,0.0,0.0,0.0,0.0,0,0,0,
2026-09-30T09:54:25,91.0,104.0,90.0,0.0,0.0,0.0,0.0,0.0,0.0,0,0,0,
2026-09-30T09:54:27,91.0,104.0,90.0,0.0,0.0,0.0,0.0,0.0,0.0,0,0,0,
2026-09-30T09:54:29,91.0,104.0,90.0,0.0,0.0,0.0,0.0,0.0,0.0,0,0,0,
2026-09-30T09:54:31,91.0,104.0,89.0,0.0,0.0,0.0,0.0,0.0,0.0,0,0,0,
2026-09-30T09:54:33,91.0,104.0,89.0,0.0,0.0,0.0,0.0,0.0,0.0,0,0,0,
2026-09-30T09:54:35,91.0,104.0,89.0,0.0,0.0,0.0,0.0,0.0,0.0,0,0,0,
2026-09-30T09:54:37,91.0,104.0,89.0,0.0,0.0,0.0,0.0,0.0,0.0,0,0,0,
2026-09-30T09:54:39,90.0,104.0,89.0,0.0,0.0,0.0,0.0,0.0,0.0,0,0,0,
2026-09-30T09:54:41,90.0,104.0,89.0,0.0,0.0,0.0,0.0,0.0,0.0,0,0,0,
2026-09-30T09:54:43,90.0,104.0,89.0,0.0,0.0,0.0,0.0,0.0,0.0,0,0,0,
2026-09-30T09:54:45,90.0,104.0,89.0,0.0,0.0,0.0,0.0,0.0,0.0,0,0,0,
2026-09-30T09:54:47,90.0,104.0,89.0,0.0,0.0,0.0,0.0,0.0,0.0,0,0,0,
2026-09-30T09:54:49,90.0,104.0,89.0,0.0,0.0,0.0,0.0,0.0,0.0,0,0,0,
2026-09-30T09:54:51,90.0,104.0,89.0,0.0,0.0,0.0,0.0,0.0,0.0,0,0,0,
2026-09-30T09:54:53,90.0,104.0,89.0,0.0,0.0,0.0,0.0,0.0,0.0,0,0,0,
2026-09-30T09:54:55,90.0,104.0,89.0,0.0,0.0,0.0,0.0,0.0,0.0,0,0,0,
2026-09-30T09:54:57,90.0,104.0,89.0,0.0,0.0,0.0,0.0,0.0,0.0,0,0,0,
2026-09-30T09:54:59,90.0,104.0,89.0,0.0,0.0,0.0,0.0,0.0,0.0,0,0,0,
2026-09-30T09:55:01,90.0,104.0,88.0,0.0,0.0,0.0,0.0,0.0,0.0,0,0,0,
2026-09-30T09:55:03,90.0,104.0,88.0,0.0,0.0,0.0,0.0,0.0,0.0,0,0,0,
2026-09-30T09:55:05,90.0,104.0,88.0,0.0,0.0,0.0,0.0,0.0,0.0,0,0,0,
2026-09-30T09:55:07,90.0,104.0,88.0,0.0,0.0,0.0,0.0,0.0,0.0,0,0,0,
2026-09-30T09:55:09,90.0,103.0,88.0,0.0,0.0,0.0,0.0,0.0,0.0,0,0,0,
2026-09-30T09:55:11,90.0,103.0,88.0,0.0,0.0,0.0,0.0,0.0,0.0,0,0,0,
2026-09-30T09:55:13,90.0,103.0,88.0,0.0,0.0,0.0,0.0,0.0,0.0,0,0,0,
2026-09-30T09:55:15,90.0,103.0,88.0,0.0,0.0,0.0,0.0,0.0,0.0,0,0,0,
2026-09-30T09:55:17,89.0,103.0,88.0,0.0,0.0,0.0,0.0,0.0,0.0,0,0,0,
2026-09-30T09:55:19,90.0,103.0,88.0,0.0,0.0,0.0,0.0,0.0,0.0,0,0,0,
2026-09-30T09:55:21,90.0,103.0,88.0,0.0,0.0,0.0,0.0,0.0,0.0,0,0,0,
2026-09-30T09:55:23,89.0,103.0,88.0,0.0,0.0,0.0,0.0,0.0,0.0,0,0,0,
2026-09-30T09:55:25,89.0,103.0,88.0,0.0,0.0,0.0,0.0,0.0,0.0,0,0,0,
2026-09-30T09:55:27,89.0,103.0,88.0,0.0,0.0,0.0,0.0,0.0,0.0,0,0,0,
2026-09-30T09:55:29,89.0,103.0,88.0,0.0,0.0,0.0,0.0,0.0,0.0,0,0,0,
2026-09-30T09:55:31,89.0,103.0,88.0,0.0,0.0,0.0,0.0,0.0,0.0,0,0,0,
2026-09-30T09:55:33,89.0,103.0,88.0,0.0,0.0,0.0,0.0,0.0,0.0,0,0,0,
2026-09-30T09:55:35,89.0,103.0,87.0,0.0,0.0,0.0,0.0,0.0,0.0,0,0,0,
2026-09-30T09:55:37,89.0,103.0,87.0,0.0,0.0,0.0,0.0,0.0,0.0,0,0,0,
2026-09-30T09:55:39,89.0,103.0,87.0,0.0,0.0,0.0,0.0,0.0,0.0,0,0,0,
2026-09-30T09:55:41,89.0,103.0,87.0,0.0,0.0,0.0,0.0,0.0,0.0,0,0,0,
2026-09-30T09:55:43,89.0,103.0,87.0,0.0,0.0,0.0,0.0,0.0,0.0,0,0,0,
2026-09-30T09:55:45,89.0,103.0,87.0,0.0,0.0,0.0,0.0,0.0,0.0,0,0,0,
2026-09-30T09:55:47,89.0,103.0,87.0,0.0,0.0,0.0,0.0,0.0,0.0,0,0,0,
2026-09-30T09:55:49,89.0,103.0,87.0,0.0,0.0,0.0,0.0,0.0,0.0,0,0,0,
2026-09-30T09:55:51,89.0,103.0,87.0,0.0,0.0,0.0,0.0,0.0,0.0,0,0,0,
2026-09-30T09:55:53,89.0,103.0,87.0,0.0,0.0,0.0,0.0,0.0,0.0,0,0,0,
2026-09-30T09:55:55,89.0,103.0,87.0,0.0,0.0,0.0,0.0,0.0,0.0,0,0,0,
2026-09-30T09:55:57,89.0,103.0,87.0,0.0,0.0,0.0,0.0,0.0,0.0,0,0,0,
2026-09-30T09:55:59,89.0,103.0,87.0,0.0,0.0,0.0,0.0,0.0,0.0,0,0,0,
2026-09-30T09:56:01,89.0,103.0,87.0,0.0,0.0,0.0,0.0,0.0,0.0,0,0,0,
2026-09-30T09:56:03,89.0,103.0,87.0,0.0,0.0,0.0,0.0,0.0,0.0,0,0,0,
2026-09-30T09:56:05,88.0,103.0,87.0,0.0,0.0,0.0,0.0,0.0,0.0,0,0,0,
2026-09-30T09:56:07,88.0,103.0,86.0,0.0,0.0,0.0,0.0,0.0,0.0,0,0,0,
2026-09-30T09:56:09,88.0,103.0,86.0,0.0,0.0,0.0,0.0,0.0,0.0,0,0,0,
2026-09-30T09:56:11,88.0,103.0,86.0,0.0,0.0,0.0,0.0,0.0,0.0,0,0,0,
2026-09-30T09:56:13,88.0,103.0,86.0,0.0,0.0,0.0,0.0,0.0,0.0,0,0,0,
2026-09-30T09:56:15,88.0,103.0,86.0,0.0,0.0,0.0,0.0,0.0,0.0,0,0,0,
2026-09-30T09:56:17,88.0,103.0,86.0,0.0,0.0,0.0,0.0,0.0,0.0,0,0,0,
2026-09-30T09:56:19,88.0,103.0,86.0,0.0,0.0,0.0,0.0,0.0,0.0,0,0,0,
2026-09-30T09:56:21,88.0,103.0,86.0,0.0,0.0,0.0,0.0,0.0,0.0,0,0,0,
2026-09-30T09:56:23,88.0,103.0,86.0,0.0,0.0,0.0,0.0,0.0,0.0,0,0,0,
2026-09-30T09:56:26,88.0,103.0,86.0,0.0,0.0,0.0,0.0,0.0,0.0,0,0,0,
2026-09-30T09:56:28,88.0,103.0,86.0,0.0,0.0,0.0,0.0,0.0,0.0,0,0,0,
2026-09-30T09:56:30,88.0,103.0,86.0,0.0,0.0,0.0,0.0,0.0,0.0,0,0,0,
2026-09-30T09:56:32,88.0,103.0,86.0,0.0,0.0,0.0,0.0,0.0,0.0,0,0,0,
2026-09-30T09:56:34,88.0,103.0,86.0,0.0,0.0,0.0,0.0,0.0,0.0,0,0,0,
2026-09-30T09:56:36,88.0,103.0,86.0,0.0,0.0,0.0,0.0,0.0,0.0,0,0,0,
2026-09-30T09:56:38,88.0,103.0,86.0,0.0,0.0,0.0,0.0,0.0,0.0,0,0,0,
2026-09-30T09:56:40,88.0,103.0,86.0,0.0,0.0,0.0,0.0,0.0,0.0,0,0,0,
2026-09-30T09:56:42,88.0,103.0,85.0,0.0,0.0,0.0,0.0,0.0,0.0,0,0,0,
2026-09-30T09:56:44,88.0,103.0,85.0,0.0,0.0,0.0,0.0,0.0,0.0,0,0,0,
2026-09-30T09:56:46,88.0,103.0,85.0,0.0,0.0,0.0,0.0,0.0,0.0,0,0,0,
2026-09-30T09:56:48,88.0,103.0,85.0,0.0,0.0,0.0,0.0,0.0,0.0,0,0,0,
2026-09-30T09:56:50,88.0,103.0,85.0,0.0,0.0,0.0,0.0,0.0,0.0,0,0,0,
2026-09-30T09:56:52,88.0,103.0,85.0,0.0,0.0,0.0,0.0,0.0,0.0,0,0,0,
2026-09-30T09:56:54,88.0,103.0,85.0,0.0,0.0,0.0,0.0,0.0,0.0,0,0,0,
2026-09-30T09:56:56,87.0,103.0,85.0,0.0,0.0,0.0,0.0,0.0,0.0,0,0,0,
2026-09-30T09:56:58,87.0,103.0,85.0,0.0,0.0,0.0,0.0,0.0,0.0,0,0,0,
2026-09-30T09:57:00,87.0,103.0,85.0,0.0,0.0,0.0,0.0,0.0,0.0,0,0,0,
2026-09-30T09:57:02,87.0,102.0,85.0,0.0,0.0,0.0,0.0,0.0,0.0,0,0,0,
2026-09-30T09:57:04,87.0,102.0,85.0,0.0,0.0,0.0,0.0,0.0,0.0,0,0,0,
2026-09-30T09:57:06,87.0,102.0,85.0,0.0,0.0,0.0,0.0,0.0,0.0,0,0,0,
2026-09-30T09:57:08,87.0,102.0,85.0,0.0,0.0,0.0,0.0,0.0,0.0,0,0,0,
2026-09-30T09:57:10,87.0,102.0,85.0,0.0,0.0,0.0,0.0,0.0,0.0,0,0,0,
2026-09-30T09:57:12,87.0,102.0,85.0,0.0,0.0,0.0,0.0,0.0,0.0,0,0,0,
2026-09-30T09:57:14,87.0,102.0,85.0,0.0,0.0,0.0,0.0,0.0,0.0,0,0,0,
2026-09-30T09:57:16,87.0,102.0,85.0,0.0,0.0,0.0,0.0,0.0,0.0,0,0,0,
2026-09-30T09:57:18,87.0,102.0,85.0,0.0,0.0,0.0,0.0,0.0,0.0,0,0,0,
2026-09-30T09:57:20,87.0,102.0,85.0,0.0,0.0,0.0,0.0,0.0,0.0,0,0,0,
2026-09-30T09:57:22,87.0,102.0,84.0,0.0,0.0,0.0,0.0,0.0,0.0,0,0,0,
2026-09-30T09:57:24,87.0,102.0,84.0,0.0,0.0,0.0,0.0,0.0,0.0,0,0,0,
2026-09-30T09:57:26,87.0,102.0,84.0,0.0,0.0,0.0,0.0,0.0,0.0,0,0,0,
2026-09-30T09:57:28,87.0,102.0,84.0,0.0,0.0,0.0,0.0,0.0,0.0,0,0,0,
2026-09-30T09:57:30,87.0,102.0,84.0,0.0,0.0,0.0,0.0,0.0,0.0,0,0,0,
2026-09-30T09:57:32,87.0,102.0,84.0,0.0,0.0,0.0,0.0,0.0,0.0,0,0,0,
2026-09-30T09:57:34,87.0,102.0,84.0,0.0,0.0,0.0,0.0,0.0,0.0,0,0,0,
2026-09-30T09:57:36,87.0,102.0,84.0,0.0,0.0,0.0,0.0,0.0,0.0,0,0,0,
2026-09-30T09:57:38,87.0,102.0,84.0,0.0,0.0,0.0,0.0,0.0,0.0,0,0,0,
2026-09-30T09:57:40,87.0,102.0,84.0,0.0,0.0,0.0,0.0,0.0,0.0,0,0,0,
2026-09-30T09:57:42,87.0,102.0,84.0,0.0,0.0,0.0,0.0,0.0,0.0,0,0,0,
2026-09-30T09:57:44,87.0,102.0,84.0,0.0,0.0,0.0,0.0,0.0,0.0,0,0,0,
2026-09-30T09:57:46,87.0,102.0,84.0,0.0,0.0,0.0,0.0,0.0,0.0,0,0,0,
2026-09-30T09:57:48,87.0,102.0,84.0,0.0,0.0,0.0,0.0,0.0,0.0,0,0,0,
2026-09-30T09:57:50,86.0,102.0,84.0,0.0,0.0,0.0,0.0,0.0,0.0,0,0,0,
2026-09-30T09:57:52,86.0,102.0,84.0,0.0,0.0,0.0,0.0,0.0,0.0,0,0,0,
2026-09-30T09:57:54,86.0,102.0,84.0,0.0,0.0,0.0,0.0,0.0,0.0,0,0,0,
2026-09-30T09:57:56,86.0,102.0,83.0,0.0,0.0,0.0,0.0,0.0,0.0,0,0,0,
2026-09-30T09:57:58,86.0,102.0,83.0,0.0,0.0,0.0,0.0,0.0,0.0,0,0,0,
2026-09-30T09:58:00,86.0,102.0,83.0,0.0,0.0,0.0,0.0,0.0,0.0,0,0,0,
2026-09-30T09:58:02,86.0,102.0,83.0,0.0,0.0,0.0,0.0,0.0,0.0,0,0,0,
2026-09-30T09:58:04,86.0,102.0,83.0,0.0,0.0,0.0,0.0,0.0,0.0,0,0,0,
2026-09-30T09:58:06,86.0,102.0,83.0,0.0,0.0,0.0,0.0,0.0,0.0,0,0,0,
2026-09-30T09:58:08,86.0,102.0,83.0,0.0,0.0,0.0,0.0,0.0,0.0,0,0,0,
2026-09-30T09:58:10,86.0,102.0,83.0,0.0,0.0,0.0,0.0,0.0,0.0,0,0,0,
2026-09-30T09:58:12,86.0,102.0,83.0,0.0,0.0,0.0,0.0,0.0,0.0,0,0,0,
2026-09-30T09:58:14,86.0,102.0,83.0,0.0,0.0,0.0,0.0,0.0,0.0,0,0,0,
2026-09-30T09:58:16,86.0,102.0,83.0,0.0,0.0,0.0,0.0,0.0,0.0,0,0,0,
2026-09-30T09:58:18,86.0,102.0,83.0,0.0,0.0,0.0,0.0,0.0,0.0,0,0,0,
2026-09-30T09:58:20,86.0,102.0,83.0,0.0,0.0,0.0,0.0,0.0,0.0,0,0,0,
2026-09-30T09:58:22,86.0,102.0,83.0,0.0,0.0,0.0,0.0,0.0,0.0,0,0,0,
2026-09-30T09:58:24,86.0,102.0,83.0,0.0,0.0,0.0,0.0,0.0,0.0,0,0,0,
2026-09-30T09:58:26,86.0,102.0,83.0,0.0,0.0,0.0,0.0,0.0,0.0,0,0,0,
2026-09-30T09:58:28,86.0,102.0,83.0,0.0,0.0,0.0,0.0,0.0,0.0,0,0,0,
2026-09-30T09:58:30,86.0,102.0,83.0,0.0,0.0,0.0,0.0,0.0,0.0,0,0,0,
2026-09-30T09:58:32,86.0,102.0,83.0,0.0,0.0,0.0,0.0,0.0,0.0,0,0,0,
2026-09-30T09:58:34,86.0,102.0,83.0,0.0,0.0,0.0,0.0,0.0,0.0,0,0,0,
2026-09-30T09:58:36,86.0,102.0,83.0,0.0,0.0,0.0,0.0,0.0,0.0,0,0,0,
2026-09-30T09:58:38,86.0,102.0,82.0,0.0,0.0,0.0,0.0,0.0,0.0,0,0,0,
2026-09-30T09:58:40,86.0,101.0,82.0,0.0,0.0,0.0,0.0,0.0,0.0,0,0,0,
2026-09-30T09:58:42,86.0,101.0,82.0,0.0,0.0,0.0,0.0,0.0,0.0,0,0,0,
2026-09-30T09:58:44,86.0,101.0,82.0,0.0,0.0,0.0,0.0,0.0,0.0,0,0,0,
2026-09-30T09:58:46,85.0,101.0,82.0,0.0,0.0,0.0,0.0,0.0,0.0,0,0,0,
2026-09-30T09:58:48,85.0,101.0,82.0,0.0,0.0,0.0,0.0,0.0,0.0,0,0,0,
2026-09-30T09:58:50,85.0,101.0,82.0,0.0,0.0,0.0,0.0,0.0,0.0,0,0,0,
2026-09-30T09:58:52,85.0,101.0,82.0,0.0,0.0,0.0,0.0,0.0,0.0,0,0,0,
2026-09-30T09:58:54,85.0,101.0,82.0,0.0,0.0,0.0,0.0,0.0,0.0,0,0,0,
2026-09-30T09:58:56,85.0,101.0,82.0,0.0,0.0,0.0,0.0,0.0,0.0,0,0,0,
2026-09-30T09:58:58,85.0,101.0,82.0,0.0,0.0,0.0,0.0,0.0,0.0,0,0,0,
2026-09-30T09:59:00,85.0,101.0,82.0,0.0,0.0,0.0,0.0,0.0,0.0,0,0,0,
2026-09-30T09:59:02,85.0,101.0,82.0,0.0,0.0,0.0,0.0,0.0,0.0,0,0,0,
2026-09-30T09:59:04,85.0,101.0,82.0,0.0,0.0,0.0,0.0,0.0,0.0,0,0,0,
2026-09-30T09:59:06,85.0,101.0,82.0,0.0,0.0,0.0,0.0,0.0,0.0,0,0,0,
2026-09-30T09:59:08,85.0,101.0,82.0,0.0,0.0,0.0,0.0,0.0,0.0,0,0,0,
2026-09-30T09:59:10,85.0,101.0,82.0,0.0,0.0,0.0,0.0,0.0,0.0,0,0,0,
2026-09-30T09:59:13,85.0,101.0,82.0,0.0,0.0,0.0,0.0,0.0,0.0,0,0,0,
2026-09-30T09:59:15,85.0,101.0,82.0,0.0,0.0,0.0,0.0,0.0,0.0,0,0,0,
2026-09-30T09:59:17,85.0,101.0,82.0,0.0,0.0,0.0,0.0,0.0,0.0,0,0,0,
2026-09-30T09:59:19,85.0,101.0,81.0,0.0,0.0,0.0,0.0,0.0,0.0,0,0,0,
2026-09-30T09:59:21,85.0,101.0,81.0,0.0,0.0,0.0,0.0,0.0,0.0,0,0,0,
2026-09-30T09:59:23,85.0,101.0,81.0,0.0,0.0,0.0,0.0,0.0,0.0,0,0,0,
2026-09-30T09:59:25,85.0,101.0,81.0,0.0,0.0,0.0,0.0,0.0,0.0,0,0,0,
2026-09-30T09:59:27,85.0,101.0,81.0,0.0,0.0,0.0,0.0,0.0,0.0,0,0,0,
2026-09-30T09:59:29,85.0,101.0,81.0,0.0,0.0,0.0,0.0,0.0,0.0,0,0,0,
2026-09-30T09:59:31,85.0,101.0,81.0,0.0,0.0,0.0,0.0,0.0,0.0,0,0,0,
2026-09-30T09:59:33,85.0,101.0,81.0,0.0,0.0,0.0,0.0,0.0,0.0,0,0,0,
2026-09-30T09:59:35,85.0,101.0,81.0,0.0,0.0,0.0,0.0,0.0,0.0,0,0,0,
2026-09-30T09:59:37,85.0,101.0,81.0,0.0,0.0,0.0,0.0,0.0,0.0,0,0,0,
2026-09-30T09:59:39,85.0,101.0,81.0,0.0,0.0,0.0,0.0,0.0,0.0,0,0,0,
2026-09-30T09:59:41,85.0,101.0,81.0,0.0,0.0,0.0,0.0,0.0,0.0,0,0,0,
2026-09-30T09:59:43,85.0,101.0,81.0,0.0,0.0,0.0,0.0,0.0,0.0,0,0,0,
2026-09-30T09:59:45,85.0,101.0,81.0,0.0,0.0,0.0,0.0,0.0,0.0,0,0,0,
2026-09-30T09:59:47,85.0,101.0,81.0,0.0,0.0,0.0,0.0,0.0,0.0,0,0,0,
2026-09-30T09:59:49,85.0,101.0,81.0,0.0,0.0,0.0,0.0,0.0,0.0,0,0,0,
2026-09-30T09:59:51,84.0,101.0,81.0,0.0,0.0,0.0,0.0,0.0,0.0,0,0,0,
2026-09-30T09:59:53,84.0,101.0,81.0,0.0,0.0,0.0,0.0,0.0,0.0,0,0,0,
2026-09-30T09:59:55,84.0,101.0,81.0,0.0,0.0,0.0,0.0,0.0,0.0,0,0,0,
2026-09-30T09:59:57,84.0,101.0,81.0,0.0,0.0,0.0,0.0,0.0,0.0,0,0,0,
2026-09-30T09:59:59,84.0,101.0,81.0,0.0,0.0,0.0,0.0,0.0,0.0,0,0,0,
2026-09-30T10:00:01,84.0,101.0,81.0,0.0,0.0,0.0,0.0,0.0,0.0,0,0,0,
2026-09-30T10:00:03,84.0,101.0,81.0,0.0,0.0,0.0,0.0,0.0,0.0,0,0,0,
2026-09-30T10:00:05,84.0,101.0,81.0,0.0,0.0,0.0,0.0,0.0,0.0,0,0,0,
2026-09-30T10:00:07,84.0,101.0,80.0,0.0,0.0,0.0,0.0,0.0,0.0,0,0,0,
2026-09-30T10:00:09,84.0,100.0,80.0,0.0,0.0,0.0,0.0,0.0,0.0,0,0,0,
2026-09-30T10:00:11,84.0,100.0,80.0,0.0,0.0,0.0,0.0,0.0,0.0,0,0,0,
2026-09-30T10:00:13,84.0,100.0,80.0,0.0,0.0,0.0,0.0,0.0,0.0,0,0,0,
2026-09-30T10:00:15,84.0,100.0,80.0,0.0,0.0,0.0,0.0,0.0,0.0,0,0,0,
2026-09-30T10:00:17,84.0,100.0,80.0,0.0,0.0,0.0,0.0,0.0,0.0,0,0,0,
2026-09-30T10:00:19,84.0,100.0,80.0,0.0,0.0,0.0,0.0,0.0,0.0,0,0,0,
2026-09-30T10:00:21,84.0,100.0,80.0,0.0,0.0,0.0,0.0,0.0,0.0,0,0,0,
2026-09-30T10:00:23,84.0,100.0,80.0,0.0,0.0,0.0,0.0,0.0,0.0,0,0,0,
2026-09-30T10:00:25,84.0,100.0,80.0,0.0,0.0,0.0,0.0,0.0,0.0,0,0,0,
2026-09-30T10:00:27,84.0,100.0,80.0,0.0,0.0,0.0,0.0,0.0,0.0,0,0,0,
2026-09-30T10:00:29,84.0,100.0,80.0,0.0,0.0,0.0,0.0,0.0,0.0,0,0,0,
2026-09-30T10:00:31,84.0,100.0,80.0,0.0,0.0,0.0,0.0,0.0,0.0,0,0,0,
2026-09-30T10:00:33,84.0,100.0,80.0,0.0,0.0,0.0,0.0,0.0,0.0,0,0,0,
2026-09-30T10:00:35,84.0,100.0,80.0,0.0,0.0,0.0,0.0,0.0,0.0,0,0,0,
2026-09-30T10:00:37,84.0,100.0,80.0,0.0,0.0,0.0,0.0,0.0,0.0,0,0,0,
2026-09-30T10:00:39,84.0,100.0,80.0,0.0,0.0,0.0,0.0,0.0,0.0,0,0,0,
2026-09-30T10:00:41,84.0,100.0,80.0,0.0,0.0,0.0,0.0,0.0,0.0,0,0,0,
2026-09-30T10:00:43,84.0,100.0,80.0,0.0,0.0,0.0,0.0,0.0,0.0,0,0,0,
2026-09-30T10:00:45,84.0,100.0,80.0,0.0,0.0,0.0,0.0,0.0,0.0,0,0,0,
2026-09-30T10:00:47,84.0,100.0,80.0,0.0,0.0,0.0,0.0,0.0,0.0,0,0,0,
2026-09-30T10:00:49,84.0,100.0,80.0,0.0,0.0,0.0,0.0,0.0,0.0,0,0,0,
2026-09-30T10:00:51,84.0,100.0,79.0,0.0,0.0,0.0,0.0,0.0,0.0,0,0,0,
2026-09-30T10:00:53,84.0,100.0,79.0,0.0,0.0,0.0,0.0,0.0,0.0,0,0,0,
2026-09-30T10:00:55,83.0,100.0,79.0,0.0,0.0,0.0,0.0,0.0,0.0,0,0,0,
2026-09-30T10:00:57,83.0,100.0,79.0,0.0,0.0,0.0,0.0,0.0,0.0,0,0,0,
2026-09-30T10:00:59,83.0,100.0,79.0,0.0,0.0,0.0,0.0,0.0,0.0,0,0,0,
2026-09-30T10:01:01,83.0,100.0,79.0,0.0,0.0,0.0,0.0,0.0,0.0,0,0,0,
2026-09-30T10:01:03,83.0,100.0,79.0,0.0,0.0,0.0,0.0,0.0,0.0,0,0,0,
2026-09-30T10:01:05,83.0,100.0,79.0,0.0,0.0,0.0,0.0,0.0,0.0,0,0,0,
2026-09-30T10:01:07,83.0,100.0,79.0,0.0,0.0,0.0,0.0,0.0,0.0,0,0,0,
2026-09-30T10:01:09,83.0,100.0,79.0,0.0,0.0,0.0,0.0,0.0,0.0,0,0,0,
2026-09-30T10:01:11,83.0,100.0,79.0,0.0,0.0,0.0,0.0,0.0,0.0,0,0,0,
2026-09-30T10:01:13,83.0,100.0,79.0,0.0,0.0,0.0,0.0,0.0,0.0,0,0,0,
2026-09-30T10:01:15,83.0,100.0,79.0,0.0,0.0,0.0,0.0,0.0,0.0,0,0,0,
2026-09-30T10:01:17,83.0,100.0,79.0,0.0,0.0,0.0,0.0,0.0,0.0,0,0,0,
2026-09-30T10:01:19,83.0,100.0,79.0,0.0,0.0,0.0,0.0,0.0,0.0,0,0,0,
2026-09-30T10:01:21,83.0,100.0,79.0,0.0,0.0,0.0,0.0,0.0,0.0,0,0,0,
2026-09-30T10:01:23,83.0,100.0,79.0,0.0,0.0,0.0,0.0,0.0,0.0,0,0,0,
2026-09-30T10:01:25,83.0,100.0,79.0,0.0,0.0,0.0,0.0,0.0,0.0,0,0,0,
2026-09-30T10:01:27,83.0,100.0,79.0,0.0,0.0,0.0,0.0,0.0,0.0,0,0,0,
2026-09-30T10:01:29,83.0,100.0,79.0,0.0,0.0,0.0,0.0,0.0,0.0,0,0,0,
2026-09-30T10:01:31,83.0,100.0,79.0,0.0,0.0,0.0,0.0,0.0,0.0,0,0,0,
2026-09-30T10:01:33,83.0,99.0,79.0,0.0,0.0,0.0,0.0,0.0,0.0,0,0,0,
2026-09-30T10:01:35,83.0,99.0,78.0,0.0,0.0,0.0,0.0,0.0,0.0,0,0,0,
2026-09-30T10:01:37,83.0,99.0,78.0,0.0,0.0,0.0,0.0,0.0,0.0,0,0,0,
2026-09-30T10:01:39,83.0,99.0,78.0,0.0,0.0,0.0,0.0,0.0,0.0,0,0,0,
2026-09-30T10:01:42,83.0,99.0,78.0,0.0,0.0,0.0,0.0,0.0,0.0,0,0,0,
2026-09-30T10:01:44,83.0,99.0,78.0,0.0,0.0,0.0,0.0,0.0,0.0,0,0,0,
2026-09-30T10:01:46,83.0,99.0,78.0,0.0,0.0,0.0,0.0,0.0,0.0,0,0,0,
2026-09-30T10:01:48,83.0,99.0,78.0,0.0,0.0,0.0,0.0,0.0,0.0,0,0,0,
2026-09-30T10:01:50,83.0,99.0,78.0,0.0,0.0,0.0,0.0,0.0,0.0,0,0,0,
2026-09-30T10:01:52,83.0,99.0,78.0,0.0,0.0,0.0,0.0,0.0,0.0,0,0,0,
2026-09-30T10:01:54,83.0,99.0,78.0,0.0,0.0,0.0,0.0,0.0,0.0,0,0,0,
2026-09-30T10:01:56,83.0,99.0,78.0,0.0,0.0,0.0,0.0,0.0,0.0,0,0,0,
2026-09-30T10:01:58,83.0,99.0,78.0,0.0,0.0,0.0,0.0,0.0,0.0,0,0,0,
2026-09-30T10:02:00,83.0,99.0,78.0,0.0,0.0,0.0,0.0,0.0,0.0,0,0,0,
2026-09-30T10:02:02,83.0,99.0,78.0,0.0,0.0,0.0,0.0,0.0,0.0,0,0,0,
2026-09-30T10:02:04,83.0,99.0,78.0,0.0,0.0,0.0,0.0,0.0,0.0,0,0,0,
2026-09-30T10:02:06,83.0,99.0,78.0,0.0,0.0,0.0,0.0,0.0,0.0,0,0,0,
2026-09-30T10:02:08,82.0,99.0,78.0,0.0,0.0,0.0,0.0,0.0,0.0,0,0,0,
2026-09-30T10:02:10,82.0,99.0,78.0,0.0,0.0,0.0,0.0,0.0,0.0,0,0,0,
2026-09-30T10:02:12,82.0,99.0,78.0,0.0,0.0,0.0,0.0,0.0,0.0,0,0,0,
2026-09-30T10:02:14,82.0,99.0,78.0,0.0,0.0,0.0,0.0,0.0,0.0,0,0,0,
2026-09-30T10:02:16,82.0,99.0,78.0,0.0,0.0,0.0,0.0,0.0,0.0,0,0,0,
2026-09-30T10:02:18,82.0,99.0,78.0,0.0,0.0,0.0,0.0,0.0,0.0,0,0,0,
2026-09-30T10:02:20,82.0,99.0,78.0,0.0,0.0,0.0,0.0,0.0,0.0,0,0,0,
2026-09-30T10:02:22,82.0,99.0,78.0,0.0,0.0,0.0,0.0,0.0,0.0,0,0,0,
2026-09-30T10:02:24,82.0,99.0,78.0,0.0,0.0,0.0,0.0,0.0,0.0,0,0,0,
2026-09-30T10:02:26,82.0,99.0,78.0,0.0,0.0,0.0,0.0,0.0,0.0,0,0,0,
2026-09-30T10:02:28,82.0,99.0,77.0,0.0,0.0,0.0,0.0,0.0,0.0,0,0,0,
2026-09-30T10:02:30,82.0,99.0,77.0,0.0,0.0,0.0,0.0,0.0,0.0,0,0,0,
2026-09-30T10:02:32,82.0,99.0,77.0,0.0,0.0,0.0,0.0,0.0,0.0,0,0,0,
2026-09-30T10:02:34,82.0,99.0,77.0,0.0,0.0,0.0,0.0,0.0,0.0,0,0,0,
2026-09-30T10:02:36,82.0,99.0,77.0,0.0,0.0,0.0,0.0,0.0,0.0,0,0,0,
2026-09-30T10:02:38,82.0,99.0,77.0,0.0,0.0,0.0,0.0,0.0,0.0,0,0,0,
2026-09-30T10:02:40,82.0,99.0,77.0,0.0,0.0,0.0,0.0,0.0,0.0,0,0,0,
2026-09-30T10:02:42,82.0,99.0,77.0,0.0,0.0,0.0,0.0,0.0,0.0,0,0,0,
2026-09-30T10:02:44,82.0,99.0,77.0,0.0,0.0,0.0,0.0,0.0,0.0,0,0,0,
2026-09-30T10:02:46,82.0,99.0,77.0,0.0,0.0,0.0,0.0,0.0,0.0,0,0,0,
2026-09-30T10:02:48,82.0,99.0,77.0,0.0,0.0,0.0,0.0,0.0,0.0,0,0,0,
2026-09-30T10:02:50,82.0,99.0,77.0,0.0,0.0,0.0,0.0,0.0,0.0,0,0,0,
2026-09-30T10:02:52,82.0,99.0,77.0,0.0,0.0,0.0,0.0,0.0,0.0,0,0,0,
2026-09-30T10:02:54,82.0,98.0,77.0,0.0,0.0,0.0,0.0,0.0,0.0,0,0,0,
2026-09-30T10:02:56,82.0,98.0,77.0,0.0,0.0,0.0,0.0,0.0,0.0,0,0,0,
2026-09-30T10:02:58,82.0,98.0,77.0,0.0,0.0,0.0,0.0,0.0,0.0,0,0,0,
2026-09-30T10:03:00,82.0,98.0,77.0,0.0,0.0,0.0,0.0,0.0,0.0,0,0,0,
2026-09-30T10:03:02,82.0,98.0,77.0,0.0,0.0,0.0,0.0,0.0,0.0,0,0,0,
2026-09-30T10:03:04,82.0,98.0,77.0,0.0,0.0,0.0,0.0,0.0,0.0,0,0,0,
2026-09-30T10:03:06,82.0,98.0,77.0,0.0,0.0,0.0,0.0,0.0,0.0,0,0,0,
2026-09-30T10:03:08,82.0,98.0,77.0,0.0,0.0,0.0,0.0,0.0,0.0,0,0,0,
2026-09-30T10:03:10,82.0,98.0,77.0,0.0,0.0,0.0,0.0,0.0,0.0,0,0,0,
2026-09-30T10:03:12,82.0,98.0,77.0,0.0,0.0,0.0,0.0,0.0,0.0,0,0,0,
2026-09-30T10:03:14,82.0,98.0,77.0,0.0,0.0,0.0,0.0,0.0,0.0,0,0,0,
2026-09-30T10:03:16,82.0,98.0,76.0,0.0,0.0,0.0,0.0,0.0,0.0,0,0,0,
2026-09-30T10:03:18,82.0,98.0,76.0,0.0,0.0,0.0,0.0,0.0,0.0,0,0,0,
2026-09-30T10:03:20,82.0,98.0,76.0,0.0,0.0,0.0,0.0,0.0,0.0,0,0,0,
2026-09-30T10:03:22,82.0,98.0,76.0,0.0,0.0,0.0,0.0,0.0,0.0,0,0,0,
2026-09-30T10:03:24,81.0,98.0,76.0,0.0,0.0,0.0,0.0,0.0,0.0,0,0,0,
2026-09-30T10:03:26,81.0,98.0,76.0,0.0,0.0,0.0,0.0,0.0,0.0,0,0,0,
2026-09-30T10:03:28,81.0,98.0,76.0,0.0,0.0,0.0,0.0,0.0,0.0,0,0,0,
2026-09-30T10:03:30,81.0,98.0,76.0,0.0,0.0,0.0,0.0,0.0,0.0,0,0,0,
2026-09-30T10:03:32,81.0,98.0,76.0,0.0,0.0,0.0,0.0,0.0,0.0,0,0,0,
2026-09-30T10:03:34,81.0,98.0,76.0,0.0,0.0,0.0,0.0,0.0,0.0,0,0,0,
2026-09-30T10:03:36,81.0,98.0,76.0,0.0,0.0,0.0,0.0,0.0,0.0,0,0,0,
2026-09-30T10:03:38,81.0,98.0,76.0,0.0,0.0,0.0,0.0,0.0,0.0,0,0,0,
2026-09-30T10:03:40,81.0,98.0,76.0,0.0,0.0,0.0,0.0,0.0,0.0,0,0,0,
2026-09-30T10:03:42,81.0,98.0,76.0,0.0,0.0,0.0,0.0,0.0,0.0,0,0,0,
2026-09-30T10:03:44,81.0,98.0,76.0,0.0,0.0,0.0,0.0,0.0,0.0,0,0,0,
2026-09-30T10:03:46,81.0,98.0,76.0,0.0,0.0,0.0,0.0,0.0,0.0,0,0,0,
2026-09-30T10:03:48,81.0,98.0,76.0,0.0,0.0,0.0,0.0,0.0,0.0,0,0,0,
2026-09-30T10:03:50,81.0,98.0,76.0,0.0,0.0,0.0,0.0,0.0,0.0,0,0,0,
2026-09-30T10:03:52,81.0,98.0,76.0,0.0,0.0,0.0,0.0,0.0,0.0,0,0,0,
2026-09-30T10:03:54,81.0,98.0,76.0,0.0,0.0,0.0,0.0,0.0,0.0,0,0,0,
2026-09-30T10:03:56,81.0,98.0,76.0,0.0,0.0,0.0,0.0,0.0,0.0,0,0,0,
2026-09-30T10:03:58,81.0,98.0,76.0,0.0,0.0,0.0,0.0,0.0,0.0,0,0,0,
2026-09-30T10:04:00,81.0,98.0,76.0,0.0,0.0,0.0,0.0,0.0,0.0,0,0,0,
2026-09-30T10:04:02,81.0,98.0,76.0,0.0,0.0,0.0,0.0,0.0,0.0,0,0,0,
2026-09-30T10:04:04,81.0,98.0,76.0,0.0,0.0,0.0,0.0,0.0,0.0,0,0,0,
2026-09-30T10:04:06,81.0,98.0,76.0,0.0,0.0,0.0,0.0,0.0,0.0,0,0,0,
2026-09-30T10:04:08,81.0,98.0,75.0,0.0,0.0,0.0,0.0,0.0,0.0,0,0,0,
2026-09-30T10:04:10,81.0,98.0,75.0,0.0,0.0,0.0,0.0,0.0,0.0,0,0,0,
2026-09-30T10:04:12,81.0,98.0,75.0,0.0,0.0,0.0,0.0,0.0,0.0,0,0,0,
2026-09-30T10:04:15,81.0,98.0,75.0,0.0,0.0,0.0,0.0,0.0,0.0,0,0,0,
2026-09-30T10:04:17,81.0,98.0,75.0,0.0,0.0,0.0,0.0,0.0,0.0,0,0,0,
2026-09-30T10:04:19,81.0,98.0,75.0,0.0,0.0,0.0,0.0,0.0,0.0,0,0,0,
2026-09-30T10:04:21,81.0,98.0,75.0,0.0,0.0,0.0,0.0,0.0,0.0,0,0,0,
2026-09-30T10:04:23,81.0,97.0,75.0,0.0,0.0,0.0,0.0,0.0,0.0,0,0,0,
2026-09-30T10:04:25,81.0,97.0,75.0,0.0,0.0,0.0,0.0,0.0,0.0,0,0,0,
2026-09-30T10:04:27,81.0,97.0,75.0,0.0,0.0,0.0,0.0,0.0,0.0,0,0,0,
2026-09-30T10:04:29,81.0,97.0,75.0,0.0,0.0,0.0,0.0,0.0,0.0,0,0,0,
2026-09-30T10:04:31,81.0,97.0,75.0,0.0,0.0,0.0,0.0,0.0,0.0,0,0,0,
2026-09-30T10:04:33,81.0,97.0,75.0,0.0,0.0,0.0,0.0,0.0,0.0,0,0,0,
2026-09-30T10:04:35,81.0,97.0,75.0,0.0,0.0,0.0,0.0,0.0,0.0,0,0,0,
2026-09-30T10:04:37,81.0,97.0,75.0,0.0,0.0,0.0,0.0,0.0,0.0,0,0,0,
2026-09-30T10:04:39,81.0,97.0,75.0,0.0,0.0,0.0,0.0,0.0,0.0,0,0,0,
2026-09-30T10:04:41,81.0,97.0,75.0,0.0,0.0,0.0,0.0,0.0,0.0,0,0,0,
2026-09-30T10:04:43,81.0,97.0,75.0,0.0,0.0,0.0,0.0,0.0,0.0,0,0,0,
2026-09-30T10:04:45,81.0,97.0,75.0,0.0,0.0,0.0,0.0,0.0,0.0,0,0,0,
2026-09-30T10:04:47,81.0,97.0,75.0,0.0,0.0,0.0,0.0,0.0,0.0,0,0,0,
2026-09-30T10:04:49,80.0,97.0,75.0,0.0,0.0,0.0,0.0,0.0,0.0,0,0,0,
2026-09-30T10:04:51,80.0,97.0,75.0,0.0,0.0,0.0,0.0,0.0,0.0,0,0,0,
2026-09-30T10:04:53,80.0,97.0,75.0,0.0,0.0,0.0,0.0,0.0,0.0,0,0,0,
2026-09-30T10:04:55,80.0,97.0,75.0,0.0,0.0,0.0,0.0,0.0,0.0,0,0,0,
2026-09-30T10:04:57,80.0,97.0,75.0,0.0,0.0,0.0,0.0,0.0,0.0,0,0,0,
2026-09-30T10:04:59,80.0,97.0,75.0,0.0,0.0,0.0,0.0,0.0,0.0,0,0,0,
2026-09-30T10:05:01,80.0,97.0,75.0,0.0,0.0,0.0,0.0,0.0,0.0,0,0,0,
2026-09-30T10:05:03,80.0,97.0,75.0,0.0,0.0,0.0,0.0,0.0,0.0,0,0,0,
2026-09-30T10:05:05,80.0,97.0,75.0,0.0,0.0,0.0,0.0,0.0,0.0,0,0,0,
2026-09-30T10:05:07,80.0,97.0,75.0,0.0,0.0,0.0,0.0,0.0,0.0,0,0,0,
2026-09-30T10:05:09,80.0,97.0,75.0,0.0,0.0,0.0,0.0,0.0,0.0,0,0,0,
2026-09-30T10:05:11,80.0,97.0,75.0,0.0,0.0,0.0,0.0,0.0,0.0,0,0,0,
2026-09-30T10:05:13,80.0,97.0,74.0,0.0,0.0,0.0,0.0,0.0,0.0,0,0,0,
2026-09-30T10:05:15,80.0,97.0,74.0,0.0,0.0,0.0,0.0,0.0,0.0,0,0,0,
2026-09-30T10:05:17,80.0,97.0,74.0,0.0,0.0,0.0,0.0,0.0,0.0,0,0,0,
2026-09-30T10:05:19,80.0,97.0,74.0,0.0,0.0,0.0,0.0,0.0,0.0,0,0,0,
2026-09-30T10:05:21,80.0,97.0,74.0,0.0,0.0,0.0,0.0,0.0,0.0,0,0,0,
2026-09-30T10:05:23,80.0,97.0,74.0,0.0,0.0,0.0,0.0,0.0,0.0,0,0,0,
2026-09-30T10:05:25,80.0,97.0,74.0,0.0,0.0,0.0,0.0,0.0,0.0,0,0,0,
2026-09-30T10:05:27,80.0,97.0,74.0,0.0,0.0,0.0,0.0,0.0,0.0,0,0,0,
2026-09-30T10:05:29,80.0,97.0,74.0,0.0,0.0,0.0,0.0,0.0,0.0,0,0,0,
2026-09-30T10:05:31,80.0,97.0,74.0,0.0,0.0,0.0,0.0,0.0,0.0,0,0,0,
2026-09-30T10:05:33,80.0,97.0,74.0,0.0,0.0,0.0,0.0,0.0,0.0,0,0,0,
2026-09-30T10:05:35,80.0,97.0,74.0,0.0,0.0,0.0,0.0,0.0,0.0,0,0,0,
2026-09-30T10:05:37,80.0,97.0,74.0,0.0,0.0,0.0,0.0,0.0,0.0,0,0,0,
2026-09-30T10:05:39,80.0,97.0,74.0,0.0,0.0,0.0,0.0,0.0,0.0,0,0,0,
2026-09-30T10:05:41,80.0,97.0,74.0,0.0,0.0,0.0,0.0,0.0,0.0,0,0,0,
2026-09-30T10:05:43,80.0,96.0,74.0,0.0,0.0,0.0,0.0,0.0,0.0,0,0,0,
2026-09-30T10:05:45,80.0,96.0,74.0,0.0,0.0,0.0,0.0,0.0,0.0,0,0,0,
2026-09-30T10:05:47,80.0,96.0,74.0,0.0,0.0,0.0,0.0,0.0,0.0,0,0,0,
2026-09-30T10:05:49,80.0,96.0,74.0,0.0,0.0,0.0,0.0,0.0,0.0,0,0,0,
2026-09-30T10:05:51,80.0,96.0,74.0,0.0,0.0,0.0,0.0,0.0,0.0,0,0,0,
2026-09-30T10:05:53,80.0,96.0,74.0,0.0,0.0,0.0,0.0,0.0,0.0,0,0,0,
2026-09-30T10:05:55,80.0,96.0,74.0,0.0,0.0,0.0,0.0,0.0,0.0,0,0,0,
2026-09-30T10:05:57,80.0,96.0,74.0,0.0,0.0,0.0,0.0,0.0,0.0,0,0,0,
2026-09-30T10:05:59,80.0,96.0,74.0,0.0,0.0,0.0,0.0,0.0,0.0,0,0,0,
2026-09-30T10:06:01,80.0,96.0,74.0,0.0,0.0,0.0,0.0,0.0,0.0,0,0,0,
2026-09-30T10:06:03,80.0,96.0,74.0,0.0,0.0,0.0,0.0,0.0,0.0,0,0,0,
2026-09-30T10:06:05,80.0,96.0,74.0,0.0,0.0,0.0,0.0,0.0,0.0,0,0,0,
2026-09-30T10:06:07,80.0,96.0,74.0,0.0,0.0,0.0,0.0,0.0,0.0,0,0,0,
2026-09-30T10:06:09,80.0,96.0,74.0,0.0,0.0,0.0,0.0,0.0,0.0,0,0,0,
2026-09-30T10:06:11,80.0,96.0,73.0,0.0,0.0,0.0,0.0,0.0,0.0,0,0,0,
2026-09-30T10:06:13,80.0,96.0,73.0,0.0,0.0,0.0,0.0,0.0,0.0,0,0,0,
2026-09-30T10:06:15,79.0,96.0,73.0,0.0,0.0,0.0,0.0,0.0,0.0,0,0,0,
2026-09-30T10:06:17,79.0,96.0,73.0,0.0,0.0,0.0,0.0,0.0,0.0,0,0,0,
2026-09-30T10:06:19,79.0,96.0,73.0,0.0,0.0,0.0,0.0,0.0,0.0,0,0,0,
2026-09-30T10:06:21,79.0,96.0,73.0,0.0,0.0,0.0,0.0,0.0,0.0,0,0,0,
2026-09-30T10:06:23,79.0,96.0,73.0,0.0,0.0,0.0,0.0,0.0,0.0,0,0,0,
2026-09-30T10:06:25,79.0,96.0,73.0,0.0,0.0,0.0,0.0,0.0,0.0,0,0,0,
2026-09-30T10:06:27,79.0,96.0,73.0,0.0,0.0,0.0,0.0,0.0,0.0,0,0,0,
2026-09-30T10:06:29,79.0,96.0,73.0,0.0,0.0,0.0,0.0,0.0,0.0,0,0,0,
2026-09-30T10:06:31,79.0,96.0,73.0,0.0,0.0,0.0,0.0,0.0,0.0,0,0,0,
2026-09-30T10:06:33,79.0,96.0,73.0,0.0,0.0,0.0,0.0,0.0,0.0,0,0,0,
2026-09-30T10:06:35,79.0,96.0,73.0,0.0,0.0,0.0,0.0,0.0,0.0,0,0,0,
2026-09-30T10:06:37,79.0,96.0,73.0,0.0,0.0,0.0,0.0,0.0,0.0,0,0,0,
2026-09-30T10:06:39,79.0,96.0,73.0,0.0,0.0,0.0,0.0,0.0,0.0,0,0,0,
2026-09-30T10:06:41,79.0,96.0,73.0,0.0,0.0,0.0,0.0,0.0,0.0,0,0,0,
2026-09-30T10:06:43,79.0,96.0,73.0,0.0,0.0,0.0,0.0,0.0,0.0,0,0,0,
2026-09-30T10:06:45,79.0,96.0,73.0,0.0,0.0,0.0,0.0,0.0,0.0,0,0,0,
2026-09-30T10:06:47,79.0,96.0,73.0,0.0,0.0,0.0,0.0,0.0,0.0,0,0,0,
2026-09-30T10:06:49,79.0,96.0,73.0,0.0,0.0,0.0,0.0,0.0,0.0,0,0,0,
2026-09-30T10:06:51,79.0,96.0,73.0,0.0,0.0,0.0,0.0,0.0,0.0,0,0,0,
2026-09-30T10:06:53,79.0,96.0,73.0,0.0,0.0,0.0,0.0,0.0,0.0,0,0,0,
2026-09-30T10:06:55,79.0,95.0,73.0,0.0,0.0,0.0,0.0,0.0,0.0,0,0,0,
2026-09-30T10:06:58,79.0,95.0,73.0,0.0,0.0,0.0,0.0,0.0,0.0,0,0,0,
2026-09-30T10:07:00,79.0,95.0,73.0,0.0,0.0,0.0,0.0,0.0,0.0,0,0,0,
2026-09-30T10:07:02,79.0,95.0,73.0,0.0,0.0,0.0,0.0,0.0,0.0,0,0,0,
2026-09-30T10:07:04,79.0,96.0,73.0,0.0,0.0,0.0,0.0,0.0,0.0,0,0,0,
2026-09-30T10:07:06,79.0,95.0,73.0,0.0,0.0,0.0,0.0,0.0,0.0,0,0,0,
2026-09-30T10:07:08,79.0,95.0,73.0,0.0,0.0,0.0,0.0,0.0,0.0,0,0,0,
2026-09-30T10:07:10,79.0,95.0,73.0,0.0,0.0,0.0,0.0,0.0,0.0,0,0,0,
2026-09-30T10:07:12,79.0,95.0,73.0,0.0,0.0,0.0,0.0,0.0,0.0,0,0,0,
2026-09-30T10:07:14,79.0,95.0,72.0,0.0,0.0,0.0,0.0,0.0,0.0,0,0,0,
2026-09-30T10:07:16,79.0,95.0,72.0,0.0,0.0,0.0,0.0,0.0,0.0,0,0,0,
2026-09-30T10:07:18,79.0,95.0,72.0,0.0,0.0,0.0,0.0,0.0,0.0,0,0,0,
2026-09-30T10:07:20,79.0,95.0,72.0,0.0,0.0,0.0,0.0,0.0,0.0,0,0,0,
2026-09-30T10:07:22,79.0,95.0,72.0,0.0,0.0,0.0,0.0,0.0,0.0,0,0,0,
2026-09-30T10:07:24,79.0,95.0,72.0,0.0,0.0,0.0,0.0,0.0,0.0,0,0,0,
2026-09-30T10:07:26,79.0,95.0,72.0,0.0,0.0,0.0,0.0,0.0,0.0,0,0,0,
2026-09-30T10:07:28,79.0,95.0,72.0,0.0,0.0,0.0,0.0,0.0,0.0,0,0,0,
2026-09-30T10:07:30,79.0,95.0,72.0,0.0,0.0,0.0,0.0,0.0,0.0,0,0,0,
2026-09-30T10:07:32,79.0,95.0,72.0,0.0,0.0,0.0,0.0,0.0,0.0,0,0,0,
2026-09-30T10:07:34,79.0,95.0,72.0,0.0,0.0,0.0,0.0,0.0,0.0,0,0,0,
2026-09-30T10:07:36,79.0,95.0,72.0,0.0,0.0,0.0,0.0,0.0,0.0,0,0,0,
2026-09-30T10:07:38,79.0,95.0,72.0,0.0,0.0,0.0,0.0,0.0,0.0,0,0,0,
2026-09-30T10:07:40,79.0,95.0,72.0,0.0,0.0,0.0,0.0,0.0,0.0,0,0,0,
2026-09-30T10:07:42,79.0,95.0,72.0,0.0,0.0,0.0,0.0,0.0,0.0,0,0,0,
2026-09-30T10:07:44,78.0,95.0,72.0,0.0,0.0,0.0,0.0,0.0,0.0,0,0,0,
2026-09-30T10:07:46,79.0,95.0,72.0,0.0,0.0,0.0,0.0,0.0,0.0,0,0,0,
2026-09-30T10:07:48,78.0,95.0,72.0,0.0,0.0,0.0,0.0,0.0,0.0,0,0,0,
2026-09-30T10:07:50,78.0,95.0,72.0,0.0,0.0,0.0,0.0,0.0,0.0,0,0,0,
2026-09-30T10:07:52,78.0,95.0,72.0,0.0,0.0,0.0,0.0,0.0,0.0,0,0,0,
2026-09-30T10:07:54,78.0,95.0,72.0,0.0,0.0,0.0,0.0,0.0,0.0,0,0,0,
2026-09-30T10:07:56,78.0,95.0,72.0,0.0,0.0,0.0,0.0,0.0,0.0,0,0,0,
2026-09-30T10:07:58,78.0,95.0,72.0,0.0,0.0,0.0,0.0,0.0,0.0,0,0,0,
2026-09-30T10:08:00,78.0,95.0,72.0,0.0,0.0,0.0,0.0,0.0,0.0,0,0,0,
2026-09-30T10:08:02,78.0,95.0,72.0,0.0,0.0,0.0,0.0,0.0,0.0,0,0,0,
2026-09-30T10:08:04,78.0,95.0,72.0,0.0,0.0,0.0,0.0,0.0,0.0,0,0,0,
2026-09-30T10:08:06,78.0,95.0,72.0,0.0,0.0,0.0,0.0,0.0,0.0,0,0,0,
2026-09-30T10:08:08,78.0,95.0,72.0,0.0,0.0,0.0,0.0,0.0,0.0,0,0,0,
2026-09-30T10:08:10,78.0,95.0,72.0,0.0,0.0,0.0,0.0,0.0,0.0,0,0,0,
2026-09-30T10:08:12,78.0,95.0,72.0,0.0,0.0,0.0,0.0,0.0,0.0,0,0,0,
2026-09-30T10:08:14,78.0,95.0,72.0,0.0,0.0,0.0,0.0,0.0,0.0,0,0,0,
2026-09-30T10:08:16,78.0,94.0,72.0,0.0,0.0,0.0,0.0,0.0,0.0,0,0,0,
2026-09-30T10:08:18,78.0,94.0,71.0,0.0,0.0,0.0,0.0,0.0,0.0,0,0,0,
2026-09-30T10:08:20,78.0,94.0,71.0,0.0,0.0,0.0,0.0,0.0,0.0,0,0,0,
2026-09-30T10:08:22,78.0,94.0,71.0,0.0,0.0,0.0,0.0,0.0,0.0,0,0,0,
2026-09-30T10:08:24,78.0,94.0,71.0,0.0,0.0,0.0,0.0,0.0,0.0,0,0,0,
2026-09-30T10:08:26,78.0,94.0,71.0,0.0,0.0,0.0,0.0,0.0,0.0,0,0,0,
2026-09-30T10:08:28,78.0,94.0,71.0,0.0,0.0,0.0,0.0,0.0,0.0,0,0,0,
2026-09-30T10:08:30,78.0,94.0,71.0,0.0,0.0,0.0,0.0,0.0,0.0,0,0,0,
2026-09-30T10:08:32,78.0,94.0,71.0,0.0,0.0,0.0,0.0,0.0,0.0,0,0,0,
2026-09-30T10:08:34,78.0,94.0,71.0,0.0,0.0,0.0,0.0,0.0,0.0,0,0,0,
2026-09-30T10:08:36,78.0,94.0,71.0,0.0,0.0,0.0,0.0,0.0,0.0,0,0,0,
2026-09-30T10:08:38,78.0,94.0,71.0,0.0,0.0,0.0,0.0,0.0,0.0,0,0,0,
2026-09-30T10:08:40,78.0,94.0,71.0,0.0,0.0,0.0,0.0,0.0,0.0,0,0,0,
2026-09-30T10:08:42,78.0,94.0,71.0,0.0,0.0,0.0,0.0,0.0,0.0,0,0,0,
2026-09-30T10:08:44,78.0,94.0,71.0,0.0,0.0,0.0,0.0,0.0,0.0,0,0,0,
2026-09-30T10:08:46,78.0,94.0,71.0,0.0,0.0,0.0,0.0,0.0,0.0,0,0,0,
2026-09-30T10:08:48,78.0,94.0,71.0,0.0,0.0,0.0,0.0,0.0,0.0,0,0,0,
2026-09-30T10:08:50,78.0,94.0,71.0,0.0,0.0,0.0,0.0,0.0,0.0,0,0,0,
2026-09-30T10:08:52,78.0,94.0,71.0,0.0,0.0,0.0,0.0,0.0,0.0,0,0,0,
2026-09-30T10:08:54,78.0,94.0,71.0,0.0,0.0,0.0,0.0,0.0,0.0,0,0,0,
2026-09-30T10:08:56,78.0,94.0,71.0,0.0,0.0,0.0,0.0,0.0,0.0,0,0,0,
2026-09-30T10:08:58,78.0,94.0,71.0,0.0,0.0,0.0,0.0,0.0,0.0,0,0,0,
2026-09-30T10:09:01,78.0,94.0,71.0,0.0,0.0,0.0,0.0,0.0,0.0,0,0,0,
2026-09-30T10:09:03,78.0,94.0,71.0,0.0,0.0,0.0,0.0,0.0,0.0,0,0,0,
2026-09-30T10:09:05,78.0,94.0,71.0,0.0,0.0,0.0,0.0,0.0,0.0,0,0,0,
2026-09-30T10:09:07,78.0,94.0,71.0,0.0,0.0,0.0,0.0,0.0,0.0,0,0,0,
2026-09-30T10:09:09,78.0,94.0,71.0,0.0,0.0,0.0,0.0,0.0,0.0,0,0,0,
2026-09-30T10:09:11,78.0,94.0,71.0,0.0,0.0,0.0,0.0,0.0,0.0,0,0,0,
2026-09-30T10:09:13,78.0,94.0,71.0,0.0,0.0,0.0,0.0,0.0,0.0,0,0,0,
2026-09-30T10:09:15,78.0,94.0,71.0,0.0,0.0,0.0,0.0,0.0,0.0,0,0,0,
2026-09-30T10:09:17,78.0,94.0,71.0,0.0,0.0,0.0,0.0,0.0,0.0,0,0,0,
2026-09-30T10:09:19,78.0,94.0,71.0,0.0,0.0,0.0,0.0,0.0,0.0,0,0,0,
2026-09-30T10:09:21,78.0,94.0,71.0,0.0,0.0,0.0,0.0,0.0,0.0,0,0,0,
2026-09-30T10:09:23,78.0,94.0,70.0,0.0,0.0,0.0,0.0,0.0,0.0,0,0,0,
2026-09-30T10:09:25,77.0,94.0,70.0,0.0,0.0,0.0,0.0,0.0,0.0,0,0,0,
2026-09-30T10:09:27,77.0,94.0,70.0,0.0,0.0,0.0,0.0,0.0,0.0,0,0,0,
2026-09-30T10:09:29,77.0,94.0,70.0,0.0,0.0,0.0,0.0,0.0,0.0,0,0,0,
2026-09-30T10:09:31,77.0,94.0,70.0,0.0,0.0,0.0,0.0,0.0,0.0,0,0,0,
2026-09-30T10:09:33,77.0,94.0,70.0,0.0,0.0,0.0,0.0,0.0,0.0,0,0,0,
2026-09-30T10:09:35,77.0,94.0,70.0,0.0,0.0,0.0,0.0,0.0,0.0,0,0,0,
2026-09-30T10:09:37,77.0,94.0,70.0,0.0,0.0,0.0,0.0,0.0,0.0,0,0,0,
2026-09-30T10:09:39,77.0,93.0,70.0,0.0,0.0,0.0,0.0,0.0,0.0,0,0,0,
2026-09-30T10:09:41,77.0,93.0,70.0,0.0,0.0,0.0,0.0,0.0,0.0,0,0,0,
2026-09-30T10:09:43,77.0,93.0,70.0,0.0,0.0,0.0,0.0,0.0,0.0,0,0,0,
2026-09-30T10:09:45,77.0,93.0,70.0,0.0,0.0,0.0,0.0,0.0,0.0,0,0,0,
2026-09-30T10:09:47,77.0,93.0,70.0,0.0,0.0,0.0,0.0,0.0,0.0,0,0,0,
2026-09-30T10:09:49,77.0,93.0,70.0,0.0,0.0,0.0,0.0,0.0,0.0,0,0,0,
2026-09-30T10:09:51,77.0,93.0,70.0,0.0,0.0,0.0,0.0,0.0,0.0,0,0,0,
2026-09-30T10:09:53,77.0,93.0,70.0,0.0,0.0,0.0,0.0,0.0,0.0,0,0,0,
2026-09-30T10:09:55,77.0,93.0,70.0,0.0,0.0,0.0,0.0,0.0,0.0,0,0,0,
2026-09-30T10:09:57,77.0,93.0,70.0,0.0,0.0,0.0,0.0,0.0,0.0,0,0,0,
2026-09-30T10:09:59,77.0,93.0,70.0,0.0,0.0,0.0,0.0,0.0,0.0,0,0,0,
2026-09-30T10:10:01,77.0,93.0,70.0,0.0,0.0,0.0,0.0,0.0,0.0,0,0,0,
2026-09-30T10:10:03,77.0,93.0,70.0,0.0,0.0,0.0,0.0,0.0,0.0,0,0,0,
2026-09-30T10:10:05,77.0,93.0,70.0,0.0,0.0,0.0,0.0,0.0,0.0,0,0,0,
2026-09-30T10:10:07,77.0,93.0,70.0,0.0,0.0,0.0,0.0,0.0,0.0,0,0,0,
2026-09-30T10:10:09,77.0,93.0,70.0,0.0,0.0,0.0,0.0,0.0,0.0,0,0,0,
2026-09-30T10:10:11,77.0,93.0,70.0,0.0,0.0,0.0,0.0,0.0,0.0,0,0,0,
2026-09-30T10:10:13,77.0,93.0,70.0,0.0,0.0,0.0,0.0,0.0,0.0,0,0,0,
2026-09-30T10:10:15,77.0,93.0,70.0,0.0,0.0,0.0,0.0,0.0,0.0,0,0,0,
2026-09-30T10:10:17,77.0,93.0,70.0,0.0,0.0,0.0,0.0,0.0,0.0,0,0,0,
2026-09-30T10:10:19,77.0,93.0,70.0,0.0,0.0,0.0,0.0,0.0,0.0,0,0,0,
2026-09-30T10:10:21,77.0,93.0,70.0,0.0,0.0,0.0,0.0,0.0,0.0,0,0,0,
2026-09-30T10:10:23,77.0,93.0,70.0,0.0,0.0,0.0,0.0,0.0,0.0,0,0,0,
2026-09-30T10:10:25,77.0,93.0,70.0,0.0,0.0,0.0,0.0,0.0,0.0,0,0,0,
2026-09-30T10:10:27,77.0,93.0,70.0,0.0,0.0,0.0,0.0,0.0,0.0,0,0,0,
2026-09-30T10:10:29,77.0,93.0,70.0,0.0,0.0,0.0,0.0,0.0,0.0,0,0,0,
2026-09-30T10:10:31,77.0,93.0,69.0,0.0,0.0,0.0,0.0,0.0,0.0,0,0,0,
2026-09-30T10:10:33,77.0,93.0,70.0,0.0,0.0,0.0,0.0,0.0,0.0,0,0,0,
2026-09-30T10:10:35,77.0,93.0,69.0,0.0,0.0,0.0,0.0,0.0,0.0,0,0,0,
2026-09-30T10:10:37,77.0,93.0,69.0,0.0,0.0,0.0,0.0,0.0,0.0,0,0,0,
2026-09-30T10:10:39,77.0,93.0,69.0,0.0,0.0,0.0,0.0,0.0,0.0,0,0,0,
2026-09-30T10:10:41,77.0,93.0,69.0,0.0,0.0,0.0,0.0,0.0,0.0,0,0,0,
2026-09-30T10:10:43,77.0,93.0,69.0,0.0,0.0,0.0,0.0,0.0,0.0,0,0,0,
2026-09-30T10:10:45,77.0,93.0,69.0,0.0,0.0,0.0,0.0,0.0,0.0,0,0,0,
2026-09-30T10:10:47,77.0,93.0,69.0,0.0,0.0,0.0,0.0,0.0,0.0,0,0,0,
2026-09-30T10:10:49,77.0,92.0,69.0,0.0,0.0,0.0,0.0,0.0,0.0,0,0,0,
2026-09-30T10:10:51,77.0,92.0,69.0,0.0,0.0,0.0,0.0,0.0,0.0,0,0,0,
2026-09-30T10:10:53,77.0,92.0,69.0,0.0,0.0,0.0,0.0,0.0,0.0,0,0,0,
2026-09-30T10:10:55,77.0,92.0,69.0,0.0,0.0,0.0,0.0,0.0,0.0,0,0,0,
2026-09-30T10:10:57,76.0,92.0,69.0,0.0,0.0,0.0,0.0,0.0,0.0,0,0,0,
2026-09-30T10:10:59,76.0,92.0,69.0,0.0,0.0,0.0,0.0,0.0,0.0,0,0,0,
2026-09-30T10:11:01,76.0,92.0,69.0,0.0,0.0,0.0,0.0,0.0,0.0,0,0,0,
2026-09-30T10:11:03,76.0,92.0,69.0,0.0,0.0,0.0,0.0,0.0,0.0,0,0,0,
2026-09-30T10:11:05,76.0,92.0,69.0,0.0,0.0,0.0,0.0,0.0,0.0,0,0,0,
2026-09-30T10:11:07,76.0,92.0,69.0,0.0,0.0,0.0,0.0,0.0,0.0,0,0,0,
2026-09-30T10:11:09,76.0,92.0,69.0,0.0,0.0,0.0,0.0,0.0,0.0,0,0,0,
2026-09-30T10:11:11,76.0,92.0,69.0,0.0,0.0,0.0,0.0,0.0,0.0,0,0,0,
2026-09-30T10:11:13,76.0,92.0,69.0,0.0,0.0,0.0,0.0,0.0,0.0,0,0,0,
2026-09-30T10:11:15,76.0,92.0,69.0,0.0,0.0,0.0,0.0,0.0,0.0,0,0,0,
2026-09-30T10:11:17,76.0,92.0,69.0,0.0,0.0,0.0,0.0,0.0,0.0,0,0,0,
2026-09-30T10:11:19,76.0,92.0,69.0,0.0,0.0,0.0,0.0,0.0,0.0,0,0,0,
2026-09-30T10:11:21,76.0,92.0,69.0,0.0,0.0,0.0,0.0,0.0,0.0,0,0,0,
2026-09-30T10:11:23,76.0,92.0,69.0,0.0,0.0,0.0,0.0,0.0,0.0,0,0,0,
2026-09-30T10:11:25,76.0,92.0,69.0,0.0,0.0,0.0,0.0,0.0,0.0,0,0,0,
2026-09-30T10:11:27,76.0,92.0,69.0,0.0,0.0,0.0,0.0,0.0,0.0,0,0,0,
2026-09-30T10:11:30,76.0,92.0,69.0,0.0,0.0,0.0,0.0,0.0,0.0,0,0,0,
2026-09-30T10:11:32,76.0,92.0,69.0,0.0,0.0,0.0,0.0,0.0,0.0,0,0,0,
2026-09-30T10:11:34,76.0,92.0,69.0,0.0,0.0,0.0,0.0,0.0,0.0,0,0,0,
2026-09-30T10:11:36,76.0,92.0,69.0,0.0,0.0,0.0,0.0,0.0,0.0,0,0,0,
2026-09-30T10:11:38,76.0,92.0,69.0,0.0,0.0,0.0,0.0,0.0,0.0,0,0,0,
2026-09-30T10:11:40,76.0,92.0,69.0,0.0,0.0,0.0,0.0,0.0,0.0,0,0,0,
2026-09-30T10:11:42,76.0,92.0,69.0,0.0,0.0,0.0,0.0,0.0,0.0,0,0,0,
2026-09-30T10:11:44,76.0,92.0,68.0,0.0,0.0,0.0,0.0,0.0,0.0,0,0,0,
2026-09-30T10:11:46,76.0,92.0,68.0,0.0,0.0,0.0,0.0,0.0,0.0,0,0,0,
2026-09-30T10:11:48,76.0,92.0,68.0,0.0,0.0,0.0,0.0,0.0,0.0,0,0,0,
2026-09-30T10:11:50,76.0,92.0,68.0,0.0,0.0,0.0,0.0,0.0,0.0,0,0,0,
2026-09-30T10:11:52,76.0,92.0,68.0,0.0,0.0,0.0,0.0,0.0,0.0,0,0,0,
2026-09-30T10:11:54,76.0,92.0,68.0,0.0,0.0,0.0,0.0,0.0,0.0,0,0,0,
2026-09-30T10:11:56,76.0,92.0,68.0,0.0,0.0,0.0,0.0,0.0,0.0,0,0,0,
2026-09-30T10:11:58,76.0,92.0,68.0,0.0,0.0,0.0,0.0,0.0,0.0,0,0,0,
2026-09-30T10:12:00,76.0,92.0,68.0,0.0,0.0,0.0,0.0,0.0,0.0,0,0,0,
2026-09-30T10:12:02,76.0,92.0,68.0,0.0,0.0,0.0,0.0,0.0,0.0,0,0,0,
2026-09-30T10:12:04,76.0,92.0,68.0,0.0,0.0,0.0,0.0,0.0,0.0,0,0,0,
2026-09-30T10:12:06,76.0,92.0,68.0,0.0,0.0,0.0,0.0,0.0,0.0,0,0,0,
2026-09-30T10:12:08,76.0,92.0,68.0,0.0,0.0,0.0,0.0,0.0,0.0,0,0,0,
2026-09-30T10:12:10,76.0,91.0,68.0,0.0,0.0,0.0,0.0,0.0,0.0,0,0,0,
2026-09-30T10:12:12,76.0,91.0,68.0,0.0,0.0,0.0,0.0,0.0,0.0,0,0,0,
2026-09-30T10:12:14,76.0,91.0,68.0,0.0,0.0,0.0,0.0,0.0,0.0,0,0,0,
2026-09-30T10:12:16,76.0,91.0,68.0,0.0,0.0,0.0,0.0,0.0,0.0,0,0,0,
2026-09-30T10:12:18,76.0,91.0,68.0,0.0,0.0,0.0,0.0,0.0,0.0,0,0,0,
2026-09-30T10:12:20,76.0,91.0,68.0,0.0,0.0,0.0,0.0,0.0,0.0,0,0,0,
2026-09-30T10:12:22,76.0,91.0,67.0,0.0,0.0,0.0,0.0,0.0,0.0,0,0,0,
2026-09-30T10:12:24,75.0,87.0,64.0,0.0,0.0,0.0,0.0,0.0,0.0,0,0,0,
2026-09-30T10:12:26,75.0,84.0,61.0,0.0,0.0,0.0,0.0,0.0,0.0,0,0,0,
2026-09-30T10:12:28,74.0,81.0,57.0,0.0,0.0,0.0,0.0,0.0,0.0,0,0,0,
2026-09-30T10:12:30,73.0,79.0,54.0,0.0,0.0,0.0,0.0,0.0,0.0,0,0,0,
2026-09-30T10:12:32,73.0,76.0,52.0,0.0,0.0,0.0,0.0,0.0,0.0,0,0,0,
2026-09-30T10:12:34,72.0,74.0,50.0,0.0,0.0,0.0,0.0,0.0,0.0,0,0,0,
2026-09-30T10:12:36,71.0,72.0,49.0,0.0,0.0,0.0,0.0,0.0,0.0,0,0,0,
2026-09-30T10:12:38,71.0,69.0,47.0,0.0,0.0,0.0,0.0,0.0,0.0,0,0,0,
2026-09-30T10:12:40,70.0,67.0,46.0,0.0,0.0,0.0,0.0,0.0,0.0,0,0,0,
2026-09-30T10:12:42,70.0,66.0,46.0,0.0,0.0,0.0,0.0,0.0,0.0,0,0,0,
2026-09-30T10:12:44,69.0,64.0,45.0,0.0,0.0,0.0,0.0,1.9,0.0,0,0,0,
2026-09-30T10:12:46,68.0,62.0,44.0,0.0,0.0,0.0,0.0,4.1,0.0,0,0,0,
2026-09-30T10:12:48,68.0,61.0,43.0,0.0,0.0,0.0,0.0,6.8,0.0,0,0,0,
2026-09-30T10:12:50,68.0,59.0,42.0,0.0,0.0,0.0,0.0,9.2,0.0,0,0,0,
2026-09-30T10:12:52,67.0,57.0,42.0,0.0,0.0,0.0,0.0,11.7,0.0,0,0,0,
2026-09-30T10:12:54,67.0,56.0,41.0,0.0,0.0,0.0,0.0,13.6,0.0,0,0,0,
2026-09-30T10:12:56,66.0,55.0,41.0,0.0,0.0,0.0,0.0,15.7,0.0,0,0,0,
2026-09-30T10:12:58,66.0,54.0,40.0,0.0,0.0,0.0,0.0,17.4,0.0,0,0,0,
2026-09-30T10:13:00,65.0,53.0,40.0,0.0,0.0,0.0,0.0,19.2,0.0,0,0,0,
2026-09-30T10:13:02,65.0,52.0,39.0,0.0,0.0,0.0,0.0,20.6,0.0,0,0,0,
2026-09-30T10:13:04,65.0,50.0,39.0,0.0,0.0,0.0,0.0,22.4,0.0,0,0,0,
2026-09-30T10:13:06,64.0,49.0,39.0,0.0,0.0,0.0,0.0,23.9,0.0,0,0,0,
2026-09-30T10:13:08,64.0,49.0,38.0,0.0,0.0,0.0,0.0,25.4,0.0,0,0,0,
2026-09-30T10:13:10,63.0,48.0,38.0,0.0,0.0,0.0,0.0,26.3,0.0,0,0,0,
2026-09-30T10:13:12,63.0,47.0,38.0,0.0,0.0,0.0,0.0,18.3,0.0,0,0,0,
2026-09-30T10:13:14,63.0,46.0,37.0,0.0,0.0,0.0,0.0,23.7,0.0,0,0,0,
2026-09-30T10:13:16,62.0,45.0,37.0,0.0,0.0,0.0,0.0,15.8,0.0,0,0,0,
2026-09-30T10:13:18,62.0,44.0,37.0,0.0,0.0,0.0,0.0,12.2,0.0,0,0,0,
2026-09-30T10:13:20,62.0,44.0,37.0,0.0,0.0,0.0,0.0,9.1,0.0,0,0,0,
2026-09-30T10:13:22,61.0,43.0,36.0,0.0,0.0,0.0,0.0,9.4,0.0,0,0,0,
2026-09-30T10:13:24,61.0,42.0,36.0,0.0,0.0,0.0,0.0,0.3,0.0,0,0,0,
2026-09-30T10:13:26,60.0,42.0,36.0,0.0,0.0,0.0,0.0,6.5,0.0,0,0,0,
2026-09-30T10:13:28,60.0,41.0,36.0,0.0,0.0,0.0,0.0,0.5,0.0,0,0,0,
2026-09-30T10:13:30,60.0,41.0,35.0,0.0,0.0,0.0,0.0,1.0,0.0,0,0,0,
2026-09-30T10:13:32,59.0,40.0,35.0,0.0,0.0,0.0,0.0,0.0,0.0,0,0,0,
2026-09-30T10:13:34,59.0,40.0,35.0,0.0,0.0,0.0,0.0,0.0,0.0,0,0,0,
2026-09-30T10:13:36,59.0,39.0,35.0,0.0,0.0,0.0,0.0,0.0,0.0,0,0,0,
2026-09-30T10:13:38,59.0,39.0,35.0,0.0,0.0,0.0,0.0,0.0,0.0,0,0,0,
2026-09-30T10:13:40,58.0,38.0,34.0,0.0,0.0,0.0,0.0,0.0,0.0,0,0,0,
2026-09-30T10:13:42,58.0,38.0,34.0,0.0,0.0,0.0,0.0,0.0,0.0,0,0,0,
2026-09-30T10:13:44,58.0,37.0,34.0,0.0,0.0,0.0,0.0,0.0,0.0,0,0,0,
2026-09-30T10:13:46,57.0,37.0,34.0,0.0,0.0,0.0,0.0,0.0,0.0,0,0,0,
2026-09-30T10:13:48,57.0,37.0,34.0,0.0,0.0,0.0,0.0,0.0,0.0,0,0,0,
2026-09-30T10:13:50,57.0,36.0,34.0,0.0,0.0,0.0,0.0,0.0,0.0,0,0,0,
2026-09-30T10:13:52,56.0,36.0,34.0,0.0,0.0,0.0,0.0,0.0,0.0,0,0,0,
2026-09-30T10:13:54,56.0,36.0,33.0,0.0,0.0,0.0,0.0,0.0,0.0,0,0,0,
2026-09-30T10:13:56,56.0,35.0,33.0,0.0,0.0,0.0,0.0,0.0,0.0,0,0,0,
2026-09-30T10:13:58,56.0,35.0,33.0,0.0,0.0,0.0,0.0,0.0,0.0,0,0,0,
2026-09-30T10:14:00,55.0,35.0,33.0,0.0,0.0,0.0,0.0,0.0,0.0,0,0,0,
2026-09-30T10:14:02,55.0,34.0,33.0,0.0,0.0,0.0,0.0,0.0,0.0,0,0,0,
2026-09-30T10:14:04,55.0,34.0,33.0,0.0,0.0,0.0,0.0,0.0,0.0,0,0,0,
2026-09-30T10:14:06,55.0,34.0,33.0,0.0,0.0,0.0,0.0,0.0,0.0,0,0,0,
2026-09-30T10:14:08,54.0,34.0,33.0,0.0,0.0,0.0,0.0,0.0,0.0,0,0,0,
2026-09-30T10:14:10,54.0,33.0,32.0,0.0,0.0,0.0,0.0,0.0,0.0,0,0,0,
2026-09-30T10:14:12,54.0,33.0,32.0,0.0,0.0,0.0,0.0,0.0,0.0,0,0,0,
2026-09-30T10:14:14,54.0,33.0,32.0,0.0,0.0,0.0,0.0,0.0,0.0,0,0,0,
2026-09-30T10:14:17,53.0,33.0,32.0,0.0,0.0,0.0,0.0,0.0,0.0,0,0,0,
2026-09-30T10:14:19,53.0,33.0,32.0,0.0,0.0,0.0,0.0,0.0,0.0,0,0,0,
2026-09-30T10:14:21,53.0,32.0,32.0,0.0,0.0,0.0,0.0,0.0,0.0,0,0,0,
2026-09-30T10:14:23,53.0,32.0,32.0,0.0,0.0,0.0,0.0,0.0,0.0,0,0,0,
2026-09-30T10:14:25,52.0,32.0,32.0,0.0,0.0,0.0,0.0,0.0,0.0,0,0,0,
2026-09-30T10:14:27,52.0,32.0,32.0,0.0,0.0,0.0,0.0,0.0,0.0,0,0,0,
2026-09-30T10:14:29,52.0,32.0,32.0,0.0,0.0,0.0,0.0,0.0,0.0,0,0,0,
2026-09-30T10:14:31,52.0,31.0,31.0,0.0,0.0,0.0,0.0,0.0,0.0,0,0,0,
2026-09-30T10:14:33,51.0,31.0,31.0,0.0,0.0,0.0,0.0,0.0,0.0,0,0,0,
2026-09-30T10:14:35,51.0,31.0,31.0,0.0,0.0,0.0,0.0,0.0,0.0,0,0,0,
2026-09-30T10:14:37,51.0,31.0,31.0,0.0,0.0,0.0,0.0,0.0,0.0,0,0,0,
2026-09-30T10:14:39,51.0,31.0,31.0,0.0,0.0,0.0,0.0,0.0,0.0,0,0,0,
2026-09-30T10:14:41,51.0,30.0,31.0,0.0,0.0,0.0,0.0,0.0,0.0,0,0,0,
2026-09-30T10:14:43,50.0,30.0,31.0,0.0,0.0,0.0,0.0,0.0,0.0,0,0,0,
2026-09-30T10:14:45,50.0,30.0,31.0,0.0,0.0,0.0,0.0,0.0,0.0,0,0,0,
2026-09-30T10:14:47,50.0,30.0,31.0,0.0,0.0,0.0,0.0,0.0,0.0,0,0,0,
2026-09-30T10:14:49,50.0,30.0,31.0,0.0,0.0,0.0,0.0,0.0,0.0,0,0,0,
2026-09-30T10:14:51,49.0,30.0,31.0,0.0,0.0,0.0,0.0,0.0,0.0,0,0,0,
2026-09-30T10:14:53,49.0,30.0,31.0,0.0,0.0,0.0,0.0,0.0,0.0,0,0,0,
2026-09-30T10:14:55,49.0,30.0,31.0,0.0,0.0,0.0,0.0,0.0,0.0,0,0,0,
2026-09-30T10:14:57,49.0,30.0,30.0,0.0,0.0,0.0,0.0,0.0,0.0,0,0,0,
2026-09-30T10:14:59,49.0,29.0,30.0,0.0,0.0,0.0,0.0,0.0,0.0,0,0,0,
2026-09-30T10:15:01,49.0,29.0,30.0,0.0,0.0,0.0,0.0,0.0,0.0,0,0,0,
2026-09-30T10:15:03,48.0,29.0,30.0,0.0,0.0,0.0,0.0,0.0,0.0,0,0,0,
2026-09-30T10:15:05,48.0,29.0,30.0,0.0,0.0,0.0,0.0,0.0,0.0,0,0,0,
2026-09-30T10:15:07,48.0,29.0,30.0,0.0,0.0,0.0,0.0,0.0,0.0,0,0,0,
2026-09-30T10:15:09,48.0,29.0,30.0,0.0,0.0,0.0,0.0,0.0,0.0,0,0,0,
2026-09-30T10:15:11,48.0,29.0,30.0,0.0,0.0,0.0,0.0,0.0,0.0,0,0,0,
2026-09-30T10:15:13,47.0,29.0,30.0,0.0,0.0,0.0,0.0,0.0,0.0,0,0,0,
2026-09-30T10:15:15,47.0,29.0,30.0,0.0,0.0,0.0,0.0,0.0,0.0,0,0,0,
2026-09-30T10:15:17,47.0,29.0,30.0,0.0,0.0,0.0,0.0,0.0,0.0,0,0,0,
2026-09-30T10:15:19,47.0,28.0,30.0,0.0,0.0,0.0,0.0,0.0,0.0,0,0,0,
2026-09-30T10:15:21,47.0,28.0,30.0,0.0,0.0,0.0,0.0,0.0,0.0,0,0,0,
2026-09-30T10:15:23,47.0,28.0,30.0,0.0,0.0,0.0,0.0,0.0,0.0,0,0,0,
2026-09-30T10:15:25,46.0,28.0,30.0,0.0,0.0,0.0,0.0,0.0,0.0,0,0,0,
2026-09-30T10:15:27,46.0,28.0,30.0,0.0,0.0,0.0,0.0,0.0,0.0,0,0,0,
2026-09-30T10:15:29,46.0,28.0,30.0,0.0,0.0,0.0,0.0,0.0,0.0,0,0,0,
2026-09-30T10:15:31,46.0,28.0,30.0,0.0,0.0,0.0,0.0,0.0,0.0,0,0,0,
2026-09-30T10:15:33,46.0,28.0,30.0,0.0,0.0,0.0,0.0,0.0,0.0,0,0,0,
2026-09-30T10:15:35,46.0,28.0,30.0,0.0,0.0,0.0,0.0,0.0,0.0,0,0,0,
2026-09-30T10:15:37,46.0,28.0,29.0,0.0,0.0,0.0,0.0,0.0,0.0,0,0,0,
2026-09-30T10:15:39,45.0,28.0,29.0,0.0,0.0,0.0,0.0,0.0,0.0,0,0,0,
2026-09-30T10:15:41,45.0,28.0,29.0,0.0,0.0,0.0,0.0,0.0,0.0,0,0,0,
2026-09-30T10:15:43,45.0,28.0,29.0,0.0,0.0,0.0,0.0,0.0,0.0,0,0,0,
2026-09-30T10:15:45,45.0,28.0,29.0,0.0,0.0,0.0,0.0,0.0,0.0,0,0,0,
2026-09-30T10:15:47,45.0,28.0,29.0,0.0,0.0,0.0,0.0,0.0,0.0,0,0,0,
2026-09-30T10:15:49,45.0,28.0,29.0,0.0,0.0,0.0,0.0,0.0,0.0,0,0,0,
2026-09-30T10:15:51,44.0,28.0,29.0,0.0,0.0,0.0,0.0,0.0,0.0,0,0,0,
2026-09-30T10:15:53,44.0,27.0,29.0,0.0,0.0,0.0,0.0,0.0,0.0,0,0,0,
2026-09-30T10:15:55,44.0,27.0,29.0,0.0,0.0,0.0,0.0,0.0,0.0,0,0,0,
2026-09-30T10:15:57,44.0,27.0,29.0,0.0,0.0,0.0,0.0,0.0,0.0,0,0,0,
2026-09-30T10:15:59,44.0,27.0,29.0,0.0,0.0,0.0,0.0,0.0,0.0,0,0,0,
2026-09-30T10:16:01,44.0,27.0,29.0,0.0,0.0,0.0,0.0,0.0,0.0,0,0,0,
2026-09-30T10:16:03,44.0,27.0,29.0,0.0,0.0,0.0,0.0,0.0,0.0,0,0,0,
2026-09-30T10:16:05,43.0,27.0,29.0,0.0,0.0,0.0,0.0,0.0,0.0,0,0,0,
2026-09-30T10:16:07,43.0,27.0,29.0,0.0,0.0,0.0,0.0,0.0,0.0,0,0,0,
2026-09-30T10:16:09,43.0,27.0,29.0,0.0,0.0,0.0,0.0,0.0,0.0,0,0,0,
2026-09-30T10:16:11,43.0,27.0,29.0,0.0,0.0,0.0,0.0,0.0,0.0,0,0,0,
2026-09-30T10:16:13,43.0,27.0,29.0,0.0,0.0,0.0,0.0,0.0,0.0,0,0,0,
2026-09-30T10:16:15,43.0,27.0,29.0,0.0,0.0,0.0,0.0,0.0,0.0,0,0,0,
2026-09-30T10:16:17,43.0,27.0,29.0,0.0,0.0,0.0,0.0,0.0,0.0,0,0,0,
2026-09-30T10:16:19,43.0,27.0,29.0,0.0,0.0,0.0,0.0,0.0,0.0,0,0,0,
2026-09-30T10:16:21,42.0,27.0,29.0,0.0,0.0,0.0,0.0,0.0,0.0,0,0,0,
2026-09-30T10:16:23,42.0,27.0,29.0,0.0,0.0,0.0,0.0,0.0,0.0,0,0,0,
2026-09-30T10:16:25,42.0,27.0,29.0,0.0,0.0,0.0,0.0,0.0,0.0,0,0,0,
2026-09-30T10:16:27,42.0,27.0,29.0,0.0,0.0,0.0,0.0,0.0,0.0,0,0,0,
2026-09-30T10:16:29,42.0,27.0,29.0,0.0,0.0,0.0,0.0,0.0,0.0,0,0,0,
2026-09-30T10:16:31,42.0,27.0,29.0,0.0,0.0,0.0,0.0,0.0,0.0,0,0,0,
2026-09-30T10:16:33,42.0,27.0,29.0,0.0,0.0,0.0,0.0,0.0,0.0,0,0,0,
2026-09-30T10:16:35,42.0,27.0,28.0,0.0,0.0,0.0,0.0,0.0,0.0,0,0,0,
2026-09-30T10:16:37,42.0,26.0,28.0,0.0,0.0,0.0,0.0,0.0,0.0,0,0,0,
2026-09-30T10:16:39,41.0,26.0,28.0,0.0,0.0,0.0,0.0,0.0,0.0,0,0,0,
2026-09-30T10:16:41,41.0,26.0,28.0,0.0,0.0,0.0,0.0,0.0,0.0,0,0,0,
2026-09-30T10:16:43,41.0,26.0,28.0,0.0,0.0,0.0,0.0,0.0,0.0,0,0,0,
2026-09-30T10:16:45,41.0,26.0,28.0,0.0,0.0,0.0,0.0,0.0,0.0,0,0,0,
2026-09-30T10:16:47,41.0,26.0,28.0,0.0,0.0,0.0,0.0,0.0,0.0,0,0,0,
2026-09-30T10:16:49,41.0,26.0,28.0,0.0,0.0,0.0,0.0,0.0,0.0,0,0,0,
2026-09-30T10:16:51,41.0,26.0,28.0,0.0,0.0,0.0,0.0,0.0,0.0,0,0,0,
2026-09-30T10:16:53,41.0,26.0,28.0,0.0,0.0,0.0,0.0,0.0,0.0,0,0,0,
2026-09-30T10:16:55,41.0,26.0,28.0,0.0,0.0,0.0,0.0,0.0,0.0,0,0,0,
2026-09-30T10:16:57,40.0,26.0,28.0,0.0,0.0,0.0,0.0,0.0,0.0,0,0,0,
2026-09-30T10:16:59,40.0,26.0,28.0,0.0,0.0,0.0,0.0,0.0,0.0,0,0,0,
2026-09-30T10:17:01,40.0,26.0,28.0,0.0,0.0,0.0,0.0,0.0,0.0,0,0,0,
2026-09-30T10:17:04,40.0,26.0,28.0,0.0,0.0,0.0,0.0,0.0,0.0,0,0,0,
2026-09-30T10:17:06,40.0,26.0,28.0,0.0,0.0,0.0,0.0,0.0,0.0,0,0,0,
2026-09-30T10:17:08,40.0,26.0,28.0,0.0,0.0,0.0,0.0,0.0,0.0,0,0,0,
2026-09-30T10:17:10,40.0,26.0,28.0,0.0,0.0,0.0,0.0,0.0,0.0,0,0,0,
2026-09-30T10:17:12,40.0,26.0,28.0,0.0,0.0,0.0,0.0,0.0,0.0,0,0,0,
2026-09-30T10:17:14,40.0,26.0,28.0,0.0,0.0,0.0,0.0,0.0,0.0,0,0,0,
2026-09-30T10:17:16,40.0,26.0,28.0,0.0,0.0,0.0,0.0,0.0,0.0,0,0,0,
2026-09-30T10:17:18,39.0,26.0,28.0,0.0,0.0,0.0,0.0,0.0,0.0,0,0,0,
2026-09-30T10:17:20,39.0,26.0,28.0,0.0,0.0,0.0,0.0,0.0,0.0,0,0,0,
2026-09-30T10:17:22,39.0,26.0,28.0,0.0,0.0,0.0,0.0,0.0,0.0,0,0,0,
2026-09-30T10:17:24,39.0,26.0,28.0,0.0,0.0,0.0,0.0,0.0,0.0,0,0,0,
2026-09-30T10:17:26,39.0,26.0,28.0,0.0,0.0,0.0,0.0,0.0,0.0,0,0,0,
2026-09-30T10:17:28,39.0,26.0,28.0,0.0,0.0,0.0,0.0,0.0,0.0,0,0,0,
2026-09-30T10:17:30,39.0,26.0,28.0,0.0,0.0,0.0,0.0,0.0,0.0,0,0,0,
2026-09-30T10:17:32,39.0,26.0,28.0,0.0,0.0,0.0,0.0,0.0,0.0,0,0,0,
2026-09-30T10:17:34,39.0,26.0,28.0,0.0,0.0,0.0,0.0,0.0,0.0,0,0,0,
2026-09-30T10:17:36,39.0,26.0,28.0,0.0,0.0,0.0,0.0,0.0,0.0,0,0,0,
2026-09-30T10:17:38,39.0,26.0,28.0,0.0,0.0,0.0,0.0,0.0,0.0,0,0,0,
2026-09-30T10:17:40,39.0,26.0,28.0,0.0,0.0,0.0,0.0,0.0,0.0,0,0,0,
2026-09-30T10:17:42,38.0,26.0,28.0,0.0,0.0,0.0,0.0,0.0,0.0,0,0,0,
2026-09-30T10:17:44,38.0,26.0,28.0,0.0,0.0,0.0,0.0,0.0,0.0,0,0,0,
2026-09-30T10:17:46,38.0,26.0,28.0,0.0,0.0,0.0,0.0,0.0,0.0,0,0,0,
2026-09-30T10:17:48,38.0,26.0,28.0,0.0,0.0,0.0,0.0,0.0,0.0,0,0,0,
2026-09-30T10:17:50,38.0,26.0,28.0,0.0,0.0,0.0,0.0,0.0,0.0,0,0,0,
2026-09-30T10:17:52,38.0,26.0,28.0,0.0,0.0,0.0,0.0,0.0,0.0,0,0,0,
2026-09-30T10:17:54,38.0,26.0,28.0,0.0,0.0,0.0,0.0,0.0,0.0,0,0,0,
2026-09-30T10:17:56,38.0,26.0,28.0,0.0,0.0,0.0,0.0,0.0,0.0,0,0,0,
2026-09-30T10:17:58,38.0,26.0,28.0,0.0,0.0,0.0,0.0,0.0,0.0,0,0,0,
2026-09-30T10:18:00,38.0,26.0,28.0,0.0,0.0,0.0,0.0,0.0,0.0,0,0,0,
2026-09-30T10:18:02,38.0,26.0,28.0,0.0,0.0,0.0,0.0,0.0,0.0,0,0,0,
2026-09-30T10:18:04,38.0,26.0,28.0,0.0,0.0,0.0,0.0,0.0,0.0,0,0,0,
2026-09-30T10:18:06,38.0,26.0,28.0,0.0,0.0,0.0,0.0,0.0,0.0,0,0,0,
2026-09-30T10:18:08,37.0,26.0,28.0,0.0,0.0,0.0,0.0,0.0,0.0,0,0,0,
2026-09-30T10:18:10,37.0,26.0,27.0,0.0,0.0,0.0,0.0,0.0,0.0,0,0,0,
2026-09-30T10:18:12,37.0,26.0,27.0,0.0,0.0,0.0,0.0,0.0,0.0,0,0,0,
2026-09-30T10:18:14,37.0,26.0,27.0,0.0,0.0,0.0,0.0,0.0,0.0,0,0,0,
2026-09-30T10:18:16,37.0,26.0,27.0,0.0,0.0,0.0,0.0,0.0,0.0,0,0,0,
2026-09-30T10:18:18,37.0,25.0,27.0,0.0,0.0,0.0,0.0,0.0,0.0,0,0,0,
2026-09-30T10:18:20,37.0,25.0,27.0,0.0,0.0,0.0,0.0,0.0,0.0,0,0,0,
2026-09-30T10:18:22,37.0,26.0,27.0,0.0,0.0,0.0,0.0,0.0,0.0,0,0,0,
2026-09-30T10:18:24,37.0,25.0,27.0,0.0,0.0,0.0,0.0,0.0,0.0,0,0,0,
2026-09-30T10:18:26,37.0,26.0,27.0,0.0,0.0,0.0,0.0,0.0,0.0,0,0,0,
2026-09-30T10:18:28,37.0,25.0,27.0,0.0,0.0,0.0,0.0,0.0,0.0,0,0,0,
2026-09-30T10:18:30,37.0,25.0,27.0,0.0,0.0,0.0,0.0,0.0,0.0,0,0,0,
2026-09-30T10:18:32,37.0,25.0,27.0,0.0,0.0,0.0,0.0,0.0,0.0,0,0,0,
2026-09-30T10:18:34,36.0,25.0,27.0,0.0,0.0,0.0,0.0,0.0,0.0,0,0,0,
2026-09-30T10:18:36,36.0,25.0,27.0,0.0,0.0,0.0,0.0,0.0,0.0,0,0,0,
2026-09-30T10:18:38,36.0,25.0,27.0,0.0,0.0,0.0,0.0,0.0,0.0,0,0,0,
2026-09-30T10:18:40,36.0,25.0,27.0,0.0,0.0,0.0,0.0,0.0,0.0,0,0,0,
2026-09-30T10:18:42,36.0,25.0,27.0,0.0,0.0,0.0,0.0,0.0,0.0,0,0,0,
2026-09-30T10:18:44,36.0,25.0,27.0,0.0,0.0,0.0,0.0,0.0,0.0,0,0,0,
2026-09-30T10:18:46,36.0,25.0,27.0,0.0,0.0,0.0,0.0,0.0,0.0,0,0,0,
2026-09-30T10:18:48,36.0,25.0,27.0,0.0,0.0,0.0,0.0,0.0,0.0,0,0,0,
2026-09-30T10:18:50,36.0,25.0,27.0,0.0,0.0,0.0,0.0,0.0,0.0,0,0,0,
2026-09-30T10:18:52,36.0,25.0,27.0,0.0,0.0,0.0,0.0,0.0,0.0,0,0,0,
2026-09-30T10:18:54,36.0,25.0,27.0,0.0,0.0,0.0,0.0,0.0,0.0,0,0,0,
2026-09-30T10:18:56,36.0,25.0,27.0,0.0,0.0,0.0,0.0,0.0,0.0,0,0,0,
2026-09-30T10:18:58,36.0,25.0,27.0,0.0,0.0,0.0,0.0,0.0,0.0,0,0,0,
2026-09-30T10:19:00,36.0,25.0,27.0,0.0,0.0,0.0,0.0,0.0,0.0,0,0,0,
2026-09-30T10:19:02,36.0,25.0,27.0,0.0,0.0,0.0,0.0,0.0,0.0,0,0,0,
2026-09-30T10:19:04,36.0,25.0,27.0,0.0,0.0,0.0,0.0,0.0,0.0,0,0,0,
2026-09-30T10:19:06,36.0,25.0,27.0,0.0,0.0,0.0,0.0,0.0,0.0,0,0,0,
2026-09-30T10:19:08,35.0,25.0,27.0,0.0,0.0,0.0,0.0,0.0,0.0,0,0,0,
2026-09-30T10:19:10,35.0,25.0,27.0,0.0,0.0,0.0,0.0,0.0,0.0,0,0,0,
2026-09-30T10:19:12,35.0,25.0,27.0,0.0,0.0,0.0,0.0,0.0,0.0,0,0,0,
2026-09-30T10:19:14,35.0,25.0,27.0,0.0,0.0,0.0,0.0,0.0,0.0,0,0,0,
2026-09-30T10:19:16,35.0,25.0,27.0,0.0,0.0,0.0,0.0,0.0,0.0,0,0,0,
2026-09-30T10:19:18,35.0,25.0,27.0,0.0,0.0,0.0,0.0,0.0,0.0,0,0,0,
2026-09-30T10:19:20,35.0,25.0,27.0,0.0,0.0,0.0,0.0,0.0,0.0,0,0,0,
2026-09-30T10:19:22,35.0,25.0,27.0,0.0,0.0,0.0,0.0,0.0,0.0,0,0,0,
2026-09-30T10:19:24,35.0,25.0,27.0,0.0,0.0,0.0,0.0,0.0,0.0,0,0,0,
2026-09-30T10:19:26,35.0,25.0,27.0,0.0,0.0,0.0,0.0,0.0,0.0,0,0,0,
2026-09-30T10:19:28,35.0,25.0,27.0,0.0,0.0,0.0,0.0,0.0,0.0,0,0,0,
2026-09-30T10:19:30,35.0,25.0,27.0,0.0,0.0,0.0,0.0,0.0,0.0,0,0,0,
2026-09-30T10:19:32,35.0,25.0,27.0,0.0,0.0,0.0,0.0,0.0,0.0,0,0,0,
2026-09-30T10:19:34,35.0,25.0,27.0,0.0,0.0,0.0,0.0,0.0,0.0,0,0,0,
2026-09-30T10:19:36,35.0,25.0,27.0,0.0,0.0,0.0,0.0,0.0,0.0,0,0,0,
2026-09-30T10:19:38,35.0,25.0,27.0,0.0,0.0,0.0,0.0,0.0,0.0,0,0,0,
2026-09-30T10:19:40,35.0,25.0,27.0,0.0,0.0,0.0,0.0,0.0,0.0,0,0,0,
2026-09-30T10:19:42,35.0,25.0,27.0,0.0,0.0,0.0,0.0,0.0,0.0,0,0,0,
2026-09-30T10:19:44,34.0,25.0,27.0,0.0,0.0,0.0,0.0,0.0,0.0,0,0,0,
2026-09-30T10:19:46,34.0,25.0,27.0,0.0,0.0,0.0,0.0,0.0,0.0,0,0,0,
2026-09-30T10:19:48,34.0,25.0,27.0,0.0,0.0,0.0,0.0,0.0,0.0,0,0,0,
2026-09-30T10:19:50,34.0,25.0,27.0,0.0,0.0,0.0,0.0,0.0,0.0,0,0,0,
2026-09-30T10:19:53,34.0,25.0,27.0,0.0,0.0,0.0,0.0,0.0,0.0,0,0,0,
2026-09-30T10:19:55,34.0,25.0,27.0,0.0,0.0,0.0,0.0,0.0,0.0,0,0,0,
2026-09-30T10:19:57,34.0,25.0,27.0,0.0,0.0,0.0,0.0,0.0,0.0,0,0,0,
2026-09-30T10:19:59,34.0,25.0,27.0,0.0,0.0,0.0,0.0,0.0,0.0,0,0,0,
2026-09-30T10:20:01,34.0,25.0,27.0,0.0,0.0,0.0,0.0,0.0,0.0,0,0,0,
2026-09-30T10:20:03,34.0,25.0,27.0,0.0,0.0,0.0,0.0,0.0,0.0,0,0,0,
2026-09-30T10:20:05,34.0,25.0,27.0,0.0,0.0,0.0,0.0,0.0,0.0,0,0,0,
2026-09-30T10:20:07,34.0,25.0,27.0,0.0,0.0,0.0,0.0,0.0,0.0,0,0,0,
2026-09-30T10:20:09,34.0,25.0,27.0,0.0,0.0,0.0,0.0,0.0,0.0,0,0,0,
2026-09-30T10:20:11,34.0,25.0,27.0,0.0,0.0,0.0,0.0,0.0,0.0,0,0,0,
2026-09-30T10:20:13,34.0,25.0,27.0,0.0,0.0,0.0,0.0,0.0,0.0,0,0,0,
2026-09-30T10:20:15,34.0,25.0,27.0,0.0,0.0,0.0,0.0,0.0,0.0,0,0,0,
2026-09-30T10:20:17,34.0,25.0,27.0,0.0,0.0,0.0,0.0,0.0,0.0,0,0,0,
2026-09-30T10:20:19,34.0,25.0,27.0,0.0,0.0,0.0,0.0,0.0,0.0,0,0,0,
2026-09-30T10:20:21,34.0,25.0,27.0,0.0,0.0,0.0,0.0,0.0,0.0,0,0,0,
2026-09-30T10:20:23,34.0,25.0,27.0,0.0,0.0,0.0,0.0,0.0,0.0,0,0,0,
2026-09-30T10:20:25,34.0,25.0,27.0,0.0,0.0,0.0,0.0,0.0,0.0,0,0,0,
2026-09-30T10:20:27,34.0,25.0,27.0,0.0,0.0,0.0,0.0,0.0,0.0,0,0,0,
2026-09-30T10:20:29,34.0,25.0,27.0,0.0,0.0,0.0,0.0,0.0,0.0,0,0,0,
2026-09-30T10:20:31,34.0,25.0,27.0,0.0,0.0,0.0,0.0,0.0,0.0,0,0,0,
2026-09-30T10:20:33,33.0,25.0,27.0,0.0,0.0,0.0,0.0,0.0,0.0,0,0,0,
2026-09-30T10:20:35,33.0,25.0,27.0,0.0,0.0,0.0,0.0,0.0,0.0,0,0,0,
2026-09-30T10:20:37,33.0,25.0,27.0,0.0,0.0,0.0,0.0,0.0,0.0,0,0,0,
2026-09-30T10:20:39,33.0,25.0,27.0,0.0,0.0,0.0,0.0,0.0,0.0,0,0,0,
2026-09-30T10:20:41,33.0,25.0,27.0,0.0,0.0,0.0,0.0,0.0,0.0,0,0,0,
2026-09-30T10:20:43,33.0,25.0,27.0,0.0,0.0,0.0,0.0,0.0,0.0,0,0,0,
2026-09-30T10:20:45,33.0,25.0,27.0,0.0,0.0,0.0,0.0,0.0,0.0,0,0,0,
2026-09-30T10:20:47,33.0,25.0,27.0,0.0,0.0,0.0,0.0,0.0,0.0,0,0,0,
2026-09-30T10:20:49,33.0,25.0,27.0,0.0,0.0,0.0,0.0,0.0,0.0,0,0,0,
2026-09-30T10:20:51,33.0,25.0,27.0,0.0,0.0,0.0,0.0,0.0,0.0,0,0,0,
2026-09-30T10:20:53,33.0,25.0,27.0,0.0,0.0,0.0,0.0,0.0,0.0,0,0,0,
2026-09-30T10:20:55,33.0,25.0,27.0,0.0,0.0,0.0,0.0,0.0,0.0,0,0,0,
2026-09-30T10:20:57,33.0,25.0,27.0,0.0,0.0,0.0,0.0,0.0,0.0,0,0,0,
2026-09-30T10:20:59,33.0,25.0,27.0,0.0,0.0,0.0,0.0,0.0,0.0,0,0,0,
2026-09-30T10:21:01,33.0,25.0,27.0,0.0,0.0,0.0,0.0,0.0,0.0,0,0,0,
2026-09-30T10:21:03,33.0,25.0,27.0,0.0,0.0,0.0,0.0,0.0,0.0,0,0,0,
2026-09-30T10:21:05,33.0,25.0,27.0,0.0,0.0,0.0,0.0,0.0,0.0,0,0,0,
2026-09-30T10:21:07,33.0,25.0,27.0,0.0,0.0,0.0,0.0,0.0,0.0,0,0,0,
2026-09-30T10:21:09,33.0,25.0,27.0,0.0,0.0,0.0,0.0,0.0,0.0,0,0,0,
2026-09-30T10:21:11,33.0,25.0,27.0,0.0,0.0,0.0,0.0,0.0,0.0,0,0,0,
2026-09-30T10:21:13,33.0,25.0,27.0,0.0,0.0,0.0,0.0,0.0,0.0,0,0,0,
2026-09-30T10:21:15,33.0,25.0,26.0,0.0,0.0,0.0,0.0,0.0,0.0,0,0,0,
2026-09-30T10:21:17,33.0,25.0,27.0,0.0,0.0,0.0,0.0,0.0,0.0,0,0,0,
2026-09-30T10:21:19,33.0,25.0,27.0,0.0,0.0,0.0,0.0,0.0,0.0,0,0,0,
2026-09-30T10:21:21,33.0,25.0,27.0,0.0,0.0,0.0,0.0,0.0,0.0,0,0,0,
2026-09-30T10:21:23,33.0,25.0,27.0,0.0,0.0,0.0,0.0,0.0,0.0,0,0,0,
2026-09-30T10:21:25,32.0,25.0,27.0,0.0,0.0,0.0,0.0,0.0,0.0,0,0,0,
2026-09-30T10:21:27,32.0,25.0,27.0,0.0,0.0,0.0,0.0,0.0,0.0,0,0,0,
2026-09-30T10:21:29,32.0,25.0,27.0,0.0,0.0,0.0,0.0,0.0,0.0,0,0,0,
2026-09-30T10:21:31,32.0,25.0,27.0,0.0,0.0,0.0,0.0,0.0,0.0,0,0,0,
2026-09-30T10:21:33,32.0,25.0,26.0,0.0,0.0,0.0,0.0,0.0,0.0,0,0,0,
2026-09-30T10:21:35,32.0,25.0,26.0,0.0,0.0,0.0,0.0,0.0,0.0,0,0,0,
2026-09-30T10:21:37,32.0,25.0,26.0,0.0,0.0,0.0,0.0,0.0,0.0,0,0,0,
2026-09-30T10:21:39,32.0,25.0,26.0,0.0,0.0,0.0,0.0,0.0,0.0,0,0,0,
2026-09-30T10:21:41,32.0,25.0,26.0,0.0,0.0,0.0,0.0,0.0,0.0,0,0,0,
2026-09-30T10:21:43,32.0,25.0,26.0,0.0,0.0,0.0,0.0,0.0,0.0,0,0,0,
2026-09-30T10:21:45,32.0,25.0,26.0,0.0,0.0,0.0,0.0,0.0,0.0,0,0,0,
2026-09-30T10:21:47,32.0,25.0,26.0,0.0,0.0,0.0,0.0,0.0,0.0,0,0,0,
2026-09-30T10:21:49,32.0,25.0,26.0,0.0,0.0,0.0,0.0,0.0,0.0,0,0,0,
2026-09-30T10:21:51,32.0,25.0,26.0,0.0,0.0,0.0,0.0,0.0,0.0,0,0,0,
2026-09-30T10:21:53,32.0,25.0,26.0,0.0,0.0,0.0,0.0,0.0,0.0,0,0,0,
2026-09-30T10:21:55,32.0,25.0,26.0,0.0,0.0,0.0,0.0,0.0,0.0,0,0,0,
2026-09-30T10:21:57,32.0,25.0,26.0,0.0,0.0,0.0,0.0,0.0,0.0,0,0,0,
2026-09-30T10:21:59,32.0,25.0,26.0,0.0,0.0,0.0,0.0,0.0,0.0,0,0,0,
2026-09-30T10:22:01,32.0,25.0,26.0,0.0,0.0,0.0,0.0,0.0,0.0,0,0,0,
2026-09-30T10:22:03,32.0,25.0,26.0,0.0,0.0,0.0,0.0,0.0,0.0,0,0,0,
2026-09-30T10:22:05,32.0,25.0,26.0,0.0,0.0,0.0,0.0,0.0,0.0,0,0,0,
2026-09-30T10:22:07,32.0,25.0,26.0,0.0,0.0,0.0,0.0,0.0,0.0,0,0,0,
2026-09-30T10:22:09,32.0,25.0,26.0,0.0,0.0,0.0,0.0,0.0,0.0,0,0,0,
2026-09-30T10:22:12,32.0,25.0,26.0,0.0,0.0,0.0,0.0,0.0,0.0,0,0,0,
2026-09-30T10:22:14,32.0,25.0,26.0,0.0,0.0,0.0,0.0,0.0,0.0,0,0,0,
2026-09-30T10:22:16,32.0,25.0,26.0,0.0,0.0,0.0,0.0,0.0,0.0,0,0,0,
2026-09-30T10:22:18,32.0,25.0,26.0,0.0,0.0,0.0,0.0,0.0,0.0,0,0,0,
2026-09-30T10:22:20,32.0,25.0,26.0,0.0,0.0,0.0,0.0,0.0,0.0,0,0,0,
2026-09-30T10:22:22,32.0,25.0,26.0,0.0,0.0,0.0,0.0,0.0,0.0,0,0,0,
2026-09-30T10:22:24,32.0,25.0,26.0,0.0,0.0,0.0,0.0,0.0,0.0,0,0,0,
2026-09-30T10:22:26,32.0,25.0,26.0,0.0,0.0,0.0,0.0,0.0,0.0,0,0,0,
2026-09-30T10:22:28,31.0,25.0,26.0,0.0,0.0,0.0,0.0,0.0,0.0,0,0,0,
2026-09-30T10:22:30,31.0,25.0,26.0,0.0,0.0,0.0,0.0,0.0,0.0,0,0,0,
2026-09-30T10:22:32,31.0,25.0,26.0,0.0,0.0,0.0,0.0,0.0,0.0,0,0,0,
2026-09-30T10:22:34,31.0,25.0,26.0,0.0,0.0,0.0,0.0,0.0,0.0,0,0,0,
2026-09-30T10:22:36,31.0,25.0,26.0,0.0,0.0,0.0,0.0,0.0,0.0,0,0,0,
2026-09-30T10:22:38,31.0,25.0,26.0,0.0,0.0,0.0,0.0,0.0,0.0,0,0,0,
2026-09-30T10:22:40,31.0,25.0,26.0,0.0,0.0,0.0,0.0,0.0,0.0,0,0,0,
2026-09-30T10:22:42,31.0,25.0,26.0,0.0,0.0,0.0,0.0,0.0,0.0,0,0,0,
2026-09-30T10:22:44,31.0,25.0,26.0,0.0,0.0,0.0,0.0,0.0,0.0,0,0,0,
2026-09-30T10:22:46,31.0,25.0,26.0,0.0,0.0,0.0,0.0,0.0,0.0,0,0,0,
2026-09-30T10:22:48,31.0,25.0,26.0,0.0,0.0,0.0,0.0,0.0,0.0,0,0,0,
2026-09-30T10:22:50,31.0,25.0,26.0,0.0,0.0,0.0,0.0,0.0,0.0,0,0,0,
2026-09-30T10:22:52,31.0,25.0,26.0,0.0,0.0,0.0,0.0,0.0,0.0,0,0,0,
2026-09-30T10:22:54,31.0,25.0,26.0,0.0,0.0,0.0,0.0,0.0,0.0,0,0,0,
2026-09-30T10:22:56,31.0,25.0,26.0,0.0,0.0,0.0,0.0,0.0,0.0,0,0,0,
2026-09-30T10:22:58,31.0,25.0,26.0,0.0,0.0,0.0,0.0,0.0,0.0,0,0,0,
2026-09-30T10:23:00,31.0,25.0,26.0,0.0,0.0,0.0,0.0,0.0,0.0,0,0,0,
2026-09-30T10:23:02,31.0,25.0,26.0,0.0,0.0,0.0,0.0,0.0,0.0,0,0,0,
2026-09-30T10:23:04,31.0,25.0,26.0,0.0,0.0,0.0,0.0,0.0,0.0,0,0,0,
2026-09-30T10:23:06,31.0,25.0,26.0,0.0,0.0,0.0,0.0,0.0,0.0,0,0,0,
2026-09-30T10:23:08,31.0,25.0,26.0,0.0,0.0,0.0,0.0,0.0,0.0,0,0,0,
2026-09-30T10:23:10,31.0,25.0,26.0,0.0,0.0,0.0,0.0,0.0,0.0,0,0,0,
2026-09-30T10:23:12,31.0,25.0,26.0,0.0,0.0,0.0,0.0,0.0,0.0,0,0,0,
2026-09-30T10:23:14,31.0,25.0,26.0,0.0,0.0,0.0,0.0,0.0,0.0,0,0,0,
2026-09-30T10:23:16,31.0,25.0,26.0,0.0,0.0,0.0,0.0,0.0,0.0,0,0,0,
2026-09-30T10:23:18,31.0,25.0,26.0,0.0,0.0,0.0,0.0,0.0,0.0,0,0,0,
2026-09-30T10:23:20,31.0,25.0,26.0,0.0,0.0,0.0,0.0,0.0,0.0,0,0,0,
2026-09-30T10:23:22,31.0,25.0,26.0,0.0,0.0,0.0,0.0,0.0,0.0,0,0,0,
2026-09-30T10:23:24,31.0,25.0,26.0,0.0,0.0,0.0,0.0,0.0,0.0,0,0,0,
2026-09-30T10:23:26,31.0,25.0,26.0,0.0,0.0,0.0,0.0,0.0,0.0,0,0,0,
2026-09-30T10:23:28,31.0,25.0,26.0,0.0,0.0,0.0,0.0,0.0,0.0,0,0,0,
2026-09-30T10:23:30,31.0,25.0,26.0,0.0,0.0,0.0,0.0,0.0,0.0,0,0,0,
2026-09-30T10:23:32,31.0,25.0,26.0,0.0,0.0,0.0,0.0,0.0,0.0,0,0,0,
2026-09-30T10:23:34,31.0,25.0,26.0,0.0,0.0,0.0,0.0,0.0,0.0,0,0,0,
2026-09-30T10:23:36,31.0,25.0,26.0,0.0,0.0,0.0,0.0,0.0,0.0,0,0,0,
2026-09-30T10:23:38,31.0,25.0,26.0,0.0,0.0,0.0,0.0,0.0,0.0,0,0,0,
2026-09-30T10:23:40,31.0,25.0,26.0,0.0,0.0,0.0,0.0,0.0,0.0,0,0,0,
2026-09-30T10:23:42,31.0,25.0,26.0,0.0,0.0,0.0,0.0,0.0,0.0,0,0,0,
2026-09-30T10:23:44,30.0,25.0,26.0,0.0,0.0,0.0,0.0,0.0,0.0,0,0,0,
2026-09-30T10:23:46,30.0,25.0,26.0,0.0,0.0,0.0,0.0,0.0,0.0,0,0,0,
2026-09-30T10:23:48,30.0,25.0,26.0,0.0,0.0,0.0,0.0,0.0,0.0,0,0,0,
2026-09-30T10:23:50,30.0,25.0,26.0,0.0,0.0,0.0,0.0,0.0,0.0,0,0,0,
2026-09-30T10:23:52,30.0,25.0,26.0,0.0,0.0,0.0,0.0,0.0,0.0,0,0,0,
2026-09-30T10:23:54,30.0,25.0,26.0,0.0,0.0,0.0,0.0,0.0,0.0,0,0,0,
2026-09-30T10:23:56,30.0,25.0,26.0,0.0,0.0,0.0,0.0,0.0,0.0,0,0,0,
2026-09-30T10:23:58,30.0,25.0,26.0,0.0,0.0,0.0,0.0,0.0,0.0,0,0,0,
2026-09-30T10:24:00,30.0,25.0,26.0,0.0,0.0,0.0,0.0,0.0,0.0,0,0,0,
2026-09-30T10:24:02,30.0,25.0,26.0,0.0,0.0,0.0,0.0,0.0,0.0,0,0,0,
2026-09-30T10:24:04,30.0,25.0,26.0,0.0,0.0,0.0,0.0,0.0,0.0,0,0,0,
2026-09-30T10:24:06,30.0,25.0,26.0,0.0,0.0,0.0,0.0,0.0,0.0,0,0,0,
2026-09-30T10:24:08,30.0,25.0,26.0,0.0,0.0,0.0,0.0,0.0,0.0,0,0,0,
2026-09-30T10:24:10,30.0,25.0,26.0,0.0,0.0,0.0,0.0,0.0,0.0,0,0,0,
2026-09-30T10:24:12,30.0,25.0,26.0,0.0,0.0,0.0,0.0,0.0,0.0,0,0,0,
2026-09-30T10:24:14,30.0,25.0,26.0,0.0,0.0,0.0,0.0,0.0,0.0,0,0,0,
2026-09-30T10:24:16,30.0,25.0,26.0,0.0,0.0,0.0,0.0,0.0,0.0,0,0,0,
2026-09-30T10:24:18,30.0,25.0,26.0,0.0,0.0,0.0,0.0,0.0,0.0,0,0,0,
2026-09-30T10:24:20,30.0,25.0,26.0,0.0,0.0,0.0,0.0,0.0,0.0,0,0,0,
2026-09-30T10:24:22,30.0,25.0,26.0,0.0,0.0,0.0,0.0,0.0,0.0,0,0,0,
2026-09-30T10:24:24,30.0,25.0,26.0,0.0,0.0,0.0,0.0,0.0,0.0,0,0,0,
2026-09-30T10:24:26,30.0,25.0,26.0,0.0,0.0,0.0,0.0,0.0,0.0,0,0,0,
2026-09-30T10:24:28,30.0,25.0,26.0,0.0,0.0,0.0,0.0,0.0,0.0,0,0,0,
2026-09-30T10:24:30,30.0,25.0,26.0,0.0,0.0,0.0,0.0,0.0,0.0,0,0,0,
2026-09-30T10:24:32,30.0,25.0,26.0,0.0,0.0,0.0,0.0,0.0,0.0,0,0,0,
2026-09-30T10:24:34,30.0,25.0,26.0,0.0,0.0,0.0,0.0,0.0,0.0,0,0,0,
2026-09-30T10:24:37,30.0,25.0,26.0,0.0,0.0,0.0,0.0,0.0,0.0,0,0,0,
2026-09-30T10:24:39,30.0,25.0,26.0,0.0,0.0,0.0,0.0,0.0,0.0,0,0,0,
2026-09-30T10:24:41,30.0,25.0,26.0,0.0,0.0,0.0,0.0,0.0,0.0,0,0,0,
2026-09-30T10:24:43,30.0,25.0,26.0,0.0,0.0,0.0,0.0,0.0,0.0,0,0,0,
2026-09-30T10:24:45,30.0,25.0,26.0,0.0,0.0,0.0,0.0,0.0,0.0,0,0,0,
2026-09-30T10:24:47,30.0,25.0,26.0,0.0,0.0,0.0,0.0,0.0,0.0,0,0,0,
2026-09-30T10:24:49,30.0,25.0,26.0,0.0,0.0,0.0,0.0,0.0,0.0,0,0,0,
2026-09-30T10:24:51,30.0,25.0,26.0,0.0,0.0,0.0,0.0,0.0,0.0,0,0,0,
2026-09-30T10:24:53,30.0,25.0,26.0,0.0,0.0,0.0,0.0,0.0,0.0,0,0,0,
2026-09-30T10:24:55,30.0,25.0,26.0,0.0,0.0,0.0,0.0,0.0,0.0,0,0,0,
2026-09-30T10:24:57,30.0,25.0,26.0,0.0,0.0,0.0,0.0,0.0,0.0,0,0,0,
2026-09-30T10:24:59,30.0,25.0,26.0,0.0,0.0,0.0,0.0,0.0,0.0,0,0,0,
2026-09-30T10:25:01,30.0,25.0,26.0,0.0,0.0,0.0,0.0,0.0,0.0,0,0,0,
2026-09-30T10:25:03,30.0,25.0,26.0,0.0,0.0,0.0,0.0,0.0,0.0,0,0,0,
2026-09-30T10:25:05,30.0,25.0,26.0,0.0,0.0,0.0,0.0,0.0,0.0,0,0,0,
2026-09-30T10:25:07,30.0,25.0,26.0,0.0,0.0,0.0,0.0,0.0,0.0,0,0,0,
2026-09-30T10:25:09,30.0,25.0,26.0,0.0,0.0,0.0,0.0,0.0,0.0,0,0,0,
2026-09-30T10:25:11,30.0,25.0,26.0,0.0,0.0,0.0,0.0,0.0,0.0,0,0,0,
2026-09-30T10:25:13,30.0,25.0,26.0,0.0,0.0,0.0,0.0,0.0,0.0,0,0,0,
2026-09-30T10:25:15,30.0,25.0,26.0,0.0,0.0,0.0,0.0,0.0,0.0,0,0,0,
2026-09-30T10:25:17,30.0,25.0,26.0,0.0,0.0,0.0,0.0,0.0,0.0,0,0,0,
2026-09-30T10:25:19,30.0,25.0,26.0,0.0,0.0,0.0,0.0,0.0,0.0,0,0,0,
2026-09-30T10:25:21,29.0,25.0,26.0,0.0,0.0,0.0,0.0,0.0,0.0,0,0,0,
2026-09-30T10:25:23,29.0,25.0,26.0,0.0,0.0,0.0,0.0,0.0,0.0,0,0,0,
2026-09-30T10:25:25,29.0,25.0,26.0,0.0,0.0,0.0,0.0,0.0,0.0,0,0,0,
2026-09-30T10:25:27,29.0,25.0,26.0,0.0,0.0,0.0,0.0,0.0,0.0,0,0,0,
2026-09-30T10:25:29,30.0,25.0,26.0,0.0,0.0,0.0,0.0,0.0,0.0,0,0,0,
2026-09-30T10:25:31,29.0,25.0,26.0,0.0,0.0,0.0,0.0,0.0,0.0,0,0,0,
2026-09-30T10:25:33,29.0,25.0,26.0,0.0,0.0,0.0,0.0,0.0,0.0,0,0,0,
2026-09-30T10:25:35,29.0,25.0,26.0,0.0,0.0,0.0,0.0,0.0,0.0,0,0,0,
2026-09-30T10:25:37,29.0,25.0,26.0,0.0,0.0,0.0,0.0,0.0,0.0,0,0,0,
2026-09-30T10:25:39,29.0,25.0,26.0,0.0,0.0,0.0,0.0,0.0,0.0,0,0,0,
2026-09-30T10:25:41,29.0,25.0,26.0,0.0,0.0,0.0,0.0,0.0,0.0,0,0,0,
2026-09-30T10:25:43,29.0,25.0,26.0,0.0,0.0,0.0,0.0,0.0,0.0,0,0,0,
2026-09-30T10:25:45,29.0,25.0,26.0,0.0,0.0,0.0,0.0,0.0,0.0,0,0,0,
2026-09-30T10:25:47,29.0,25.0,26.0,0.0,0.0,0.0,0.0,0.0,0.0,0,0,0,
2026-09-30T10:25:49,29.0,25.0,26.0,0.0,0.0,0.0,0.0,0.0,0.0,0,0,0,
2026-09-30T10:25:51,29.0,25.0,26.0,0.0,0.0,0.0,0.0,0.0,0.0,0,0,0,
2026-09-30T10:25:53,29.0,25.0,26.0,0.0,0.0,0.0,0.0,0.0,0.0,0,0,0,
2026-09-30T10:25:55,29.0,25.0,26.0,0.0,0.0,0.0,0.0,0.0,0.0,0,0,0,
2026-09-30T10:25:57,29.0,25.0,26.0,0.0,0.0,0.0,0.0,0.0,0.0,0,0,0,
2026-09-30T10:25:59,29.0,25.0,26.0,0.0,0.0,0.0,0.0,0.0,0.0,0,0,0,
2026-09-30T10:26:01,29.0,25.0,26.0,0.0,0.0,0.0,0.0,0.0,0.0,0,0,0,
2026-09-30T10:26:03,29.0,25.0,26.0,0.0,0.0,0.0,0.0,0.0,0.0,0,0,0,
2026-09-30T10:26:05,29.0,25.0,26.0,0.0,0.0,0.0,0.0,0.0,0.0,0,0,0,
2026-09-30T10:26:07,29.0,25.0,26.0,0.0,0.0,0.0,0.0,0.0,0.0,0,0,0,
2026-09-30T10:26:09,29.0,25.0,26.0,0.0,0.0,0.0,0.0,0.0,0.0,0,0,0,
2026-09-30T10:26:11,29.0,25.0,26.0,0.0,0.0,0.0,0.0,0.0,0.0,0,0,0,
2026-09-30T10:26:13,29.0,25.0,26.0,0.0,0.0,0.0,0.0,0.0,0.0,0,0,0,
2026-09-30T10:26:15,29.0,25.0,26.0,0.0,0.0,0.0,0.0,0.0,0.0,0,0,0,
2026-09-30T10:26:17,29.0,25.0,26.0,0.0,0.0,0.0,0.0,0.0,0.0,0,0,0,
2026-09-30T10:26:19,29.0,25.0,26.0,0.0,0.0,0.0,0.0,0.0,0.0,0,0,0,
2026-09-30T10:26:21,29.0,25.0,26.0,0.0,0.0,0.0,0.0,0.0,0.0,0,0,0,
2026-09-30T10:26:23,29.0,25.0,26.0,0.0,0.0,0.0,0.0,0.0,0.0,0,0,0,
2026-09-30T10:26:25,29.0,25.0,26.0,0.0,0.0,0.0,0.0,0.0,0.0,0,0,0,
2026-09-30T10:26:27,29.0,25.0,26.0,0.0,0.0,0.0,0.0,0.0,0.0,0,0,0,
2026-09-30T10:26:29,29.0,25.0,26.0,0.0,0.0,0.0,0.0,0.0,0.0,0,0,0,
2026-09-30T10:26:31,29.0,25.0,26.0,0.0,0.0,0.0,0.0,0.0,0.0,0,0,0,
2026-09-30T10:26:33,29.0,25.0,26.0,0.0,0.0,0.0,0.0,0.0,0.0,0,0,0,
2026-09-30T10:26:35,29.0,25.0,26.0,0.0,0.0,0.0,0.0,0.0,0.0,0,0,0,
2026-09-30T10:26:37,29.0,25.0,26.0,0.0,0.0,0.0,0.0,0.0,0.0,0,0,0,
2026-09-30T10:26:39,29.0,25.0,26.0,0.0,0.0,0.0,0.0,0.0,0.0,0,0,0,
2026-09-30T10:26:41,29.0,25.0,26.0,0.0,0.0,0.0,0.0,0.0,0.0,0,0,0,
2026-09-30T10:26:43,29.0,25.0,26.0,0.0,0.0,0.0,0.0,0.0,0.0,0,0,0,
2026-09-30T10:26:45,29.0,25.0,26.0,0.0,0.0,0.0,0.0,0.0,0.0,0,0,0,
2026-09-30T10:26:47,29.0,25.0,26.0,0.0,0.0,0.0,0.0,0.0,0.0,0,0,0,
2026-09-30T10:26:49,29.0,25.0,26.0,0.0,0.0,0.0,0.0,0.0,0.0,0,0,0,
2026-09-30T10:26:51,29.0,25.0,26.0,0.0,0.0,0.0,0.0,0.0,0.0,0,0,0,
2026-09-30T10:26:53,29.0,25.0,26.0,0.0,0.0,0.0,0.0,0.0,0.0,0,0,0,
2026-09-30T10:26:55,29.0,25.0,26.0,0.0,0.0,0.0,0.0,0.0,0.0,0,0,0,
2026-09-30T10:26:57,29.0,25.0,26.0,0.0,0.0,0.0,0.0,0.0,0.0,0,0,0,
2026-09-30T10:26:59,29.0,25.0,26.0,0.0,0.0,0.0,0.0,0.0,0.0,0,0,0,
2026-09-30T10:27:01,29.0,25.0,26.0,0.0,0.0,0.0,0.0,0.0,0.0,0,0,0,
2026-09-30T10:27:03,29.0,25.0,26.0,0.0,0.0,0.0,0.0,0.0,0.0,0,0,0,
2026-09-30T10:27:05,29.0,25.0,26.0,0.0,0.0,0.0,0.0,0.0,0.0,0,0,0,
2026-09-30T10:27:07,29.0,25.0,26.0,0.0,0.0,0.0,0.0,0.0,0.0,0,0,0,
2026-09-30T10:27:09,29.0,25.0,26.0,0.0,0.0,0.0,0.0,0.0,0.0,0,0,0,
2026-09-30T10:27:11,29.0,25.0,26.0,0.0,0.0,0.0,0.0,0.0,0.0,0,0,0,
2026-09-30T10:27:13,29.0,25.0,26.0,0.0,0.0,0.0,0.0,0.0,0.0,0,0,0,
2026-09-30T10:27:15,29.0,25.0,26.0,0.0,0.0,0.0,0.0,0.0,0.0,0,0,0,
2026-09-30T10:27:17,29.0,25.0,26.0,0.0,0.0,0.0,0.0,0.0,0.0,0,0,0,
2026-09-30T10:27:20,29.0,25.0,26.0,0.0,0.0,0.0,0.0,0.0,0.0,0,0,0,
2026-09-30T10:27:22,29.0,25.0,26.0,0.0,0.0,0.0,0.0,0.0,0.0,0,0,0,
2026-09-30T10:27:24,29.0,25.0,26.0,0.0,0.0,0.0,0.0,0.0,0.0,0,0,0,
2026-09-30T10:27:26,29.0,25.0,26.0,0.0,0.0,0.0,0.0,0.0,0.0,0,0,0,
2026-09-30T10:27:28,29.0,25.0,26.0,0.0,0.0,0.0,0.0,0.0,0.0,0,0,0,
2026-09-30T10:27:30,29.0,25.0,26.0,0.0,0.0,0.0,0.0,0.0,0.0,0,0,0,
2026-09-30T10:27:32,29.0,25.0,26.0,0.0,0.0,0.0,0.0,0.0,0.0,0,0,0,
2026-09-30T10:27:34,29.0,25.0,26.0,0.0,0.0,0.0,0.0,0.0,0.0,0,0,0,
2026-09-30T10:27:36,29.0,25.0,26.0,0.0,0.0,0.0,0.0,0.0,0.0,0,0,0,
2026-09-30T10:27:38,28.0,25.0,26.0,0.0,0.0,0.0,0.0,0.0,0.0,0,0,0,
2026-09-30T10:27:40,28.0,25.0,26.0,0.0,0.0,0.0,0.0,0.0,0.0,0,0,0,
2026-09-30T10:27:42,28.0,25.0,26.0,0.0,0.0,0.0,0.0,0.0,0.0,0,0,0,
2026-09-30T10:27:44,28.0,25.0,26.0,0.0,0.0,0.0,0.0,0.0,0.0,0,0,0,
2026-09-30T10:27:46,28.0,25.0,26.0,0.0,0.0,0.0,0.0,0.0,0.0,0,0,0,
2026-09-30T10:27:48,28.0,25.0,26.0,0.0,0.0,0.0,0.0,0.0,0.0,0,0,0,
2026-09-30T10:27:50,28.0,25.0,26.0,0.0,0.0,0.0,0.0,0.0,0.0,0,0,0,
2026-09-30T10:27:52,28.0,25.0,26.0,0.0,0.0,0.0,0.0,0.0,0.0,0,0,0,
2026-09-30T10:27:54,28.0,25.0,26.0,0.0,0.0,0.0,0.0,0.0,0.0,0,0,0,
2026-09-30T10:27:56,28.0,25.0,26.0,0.0,0.0,0.0,0.0,0.0,0.0,0,0,0,
2026-09-30T10:27:58,28.0,25.0,26.0,0.0,0.0,0.0,0.0,0.0,0.0,0,0,0,
2026-09-30T10:28:00,28.0,25.0,26.0,0.0,0.0,0.0,0.0,0.0,0.0,0,0,0,
2026-09-30T10:28:02,28.0,25.0,26.0,0.0,0.0,0.0,0.0,0.0,0.0,0,0,0,
2026-09-30T10:28:04,28.0,25.0,26.0,0.0,0.0,0.0,0.0,0.0,0.0,0,0,0,
2026-09-30T10:28:06,28.0,25.0,26.0,0.0,0.0,0.0,0.0,0.0,0.0,0,0,0,
2026-09-30T10:28:08,28.0,25.0,26.0,0.0,0.0,0.0,0.0,0.0,0.0,0,0,0,
2026-09-30T10:28:10,28.0,25.0,26.0,0.0,0.0,0.0,0.0,0.0,0.0,0,0,0,
2026-09-30T10:28:12,28.0,25.0,26.0,0.0,0.0,0.0,0.0,0.0,0.0,0,0,0,
2026-09-30T10:28:14,28.0,25.0,26.0,0.0,0.0,0.0,0.0,0.0,0.0,0,0,0,
2026-09-30T10:28:16,28.0,25.0,26.0,0.0,0.0,0.0,0.0,0.0,0.0,0,0,0,
2026-09-30T10:28:18,28.0,25.0,26.0,0.0,0.0,0.0,0.0,0.0,0.0,0,0,0,
2026-09-30T10:28:20,28.0,25.0,26.0,0.0,0.0,0.0,0.0,0.0,0.0,0,0,0,
2026-09-30T10:28:22,28.0,25.0,26.0,0.0,0.0,0.0,0.0,0.0,0.0,0,0,0,
2026-09-30T10:28:24,28.0,25.0,26.0,0.0,0.0,0.0,0.0,0.0,0.0,0,0,0,
2026-09-30T10:28:26,28.0,25.0,26.0,0.0,0.0,0.0,0.0,0.0,0.0,0,0,0,
2026-09-30T10:28:28,28.0,25.0,26.0,0.0,0.0,0.0,0.0,0.0,0.0,0,0,0,
2026-09-30T10:28:30,28.0,25.0,26.0,0.0,0.0,0.0,0.0,0.0,0.0,0,0,0,
2026-09-30T10:28:32,28.0,25.0,26.0,0.0,0.0,0.0,0.0,0.0,0.0,0,0,0,
2026-09-30T10:28:34,28.0,25.0,26.0,0.0,0.0,0.0,0.0,0.0,0.0,0,0,0,
2026-09-30T10:28:36,28.0,25.0,26.0,0.0,0.0,0.0,0.0,0.0,0.0,0,0,0,
2026-09-30T10:28:38,28.0,25.0,26.0,0.0,0.0,0.0,0.0,0.0,0.0,0,0,0,
2026-09-30T10:28:40,28.0,25.0,26.0,0.0,0.0,0.0,0.0,0.0,0.0,0,0,0,
2026-09-30T10:28:42,28.0,25.0,26.0,0.0,0.0,0.0,0.0,0.0,0.0,0,0,0,
2026-09-30T10:28:44,28.0,25.0,26.0,0.0,0.0,0.0,0.0,0.0,0.0,0,0,0,
2026-09-30T10:28:46,28.0,25.0,26.0,0.0,0.0,0.0,0.0,0.0,0.0,0,0,0,
2026-09-30T10:28:48,28.0,25.0,26.0,0.0,0.0,0.0,0.0,0.0,0.0,0,0,0,
2026-09-30T10:28:50,28.0,25.0,26.0,0.0,0.0,0.0,0.0,0.0,0.0,0,0,0,
2026-09-30T10:28:52,28.0,25.0,26.0,0.0,0.0,0.0,0.0,0.0,0.0,0,0,0,
2026-09-30T10:28:54,28.0,25.0,26.0,0.0,0.0,0.0,0.0,0.0,0.0,0,0,0,
2026-09-30T10:28:56,28.0,25.0,26.0,0.0,0.0,0.0,0.0,0.0,0.0,0,0,0,
2026-09-30T10:28:58,28.0,25.0,26.0,0.0,0.0,0.0,0.0,0.0,0.0,0,0,0,
2026-09-30T10:29:00,28.0,25.0,26.0,0.0,0.0,0.0,0.0,0.0,0.0,0,0,0,
2026-09-30T10:29:02,28.0,25.0,26.0,0.0,0.0,0.0,0.0,0.0,0.0,0,0,0,
2026-09-30T10:29:04,28.0,25.0,26.0,0.0,0.0,0.0,0.0,0.0,0.0,0,0,0,
2026-09-30T10:29:06,28.0,25.0,26.0,0.0,0.0,0.0,0.0,0.0,0.0,0,0,0,
2026-09-30T10:29:08,28.0,25.0,26.0,0.0,0.0,0.0,0.0,0.0,0.0,0,0,0,
2026-09-30T10:29:10,28.0,25.0,26.0,0.0,0.0,0.0,0.0,0.0,0.0,0,0,0,
2026-09-30T10:29:12,28.0,25.0,26.0,0.0,0.0,0.0,0.0,0.0,0.0,0,0,0,
2026-09-30T10:29:14,28.0,25.0,26.0,0.0,0.0,0.0,0.0,0.0,0.0,0,0,0,
2026-09-30T10:29:16,28.0,25.0,26.0,0.0,0.0,0.0,0.0,0.0,0.0,0,0,0,
2026-09-30T10:29:18,28.0,25.0,26.0,0.0,0.0,0.0,0.0,0.0,0.0,0,0,0,
2026-09-30T10:29:20,28.0,25.0,26.0,0.0,0.0,0.0,0.0,0.0,0.0,0,0,0,
2026-09-30T10:29:22,28.0,25.0,26.0,0.0,0.0,0.0,0.0,0.0,0.0,0,0,0,
2026-09-30T10:29:24,28.0,25.0,26.0,0.0,0.0,0.0,0.0,0.0,0.0,0,0,0,
2026-09-30T10:29:26,28.0,25.0,26.0,0.0,0.0,0.0,0.0,0.0,0.0,0,0,0,
2026-09-30T10:29:28,28.0,25.0,26.0,0.0,0.0,0.0,0.0,0.0,0.0,0,0,0,
2026-09-30T10:29:30,28.0,25.0,26.0,0.0,0.0,0.0,0.0,0.0,0.0,0,0,0,
2026-09-30T10:29:32,28.0,25.0,26.0,0.0,0.0,0.0,0.0,0.0,0.0,0,0,0,
2026-09-30T10:29:34,28.0,25.0,26.0,0.0,0.0,0.0,0.0,0.0,0.0,0,0,0,
2026-09-30T10:29:36,28.0,25.0,26.0,0.0,0.0,0.0,0.0,0.0,0.0,0,0,0,
2026-09-30T10:29:38,28.0,25.0,26.0,0.0,0.0,0.0,0.0,0.0,0.0,0,0,0,
2026-09-30T10:29:40,28.0,25.0,26.0,0.0,0.0,0.0,0.0,0.0,0.0,0,0,0,
2026-09-30T10:29:42,28.0,25.0,26.0,0.0,0.0,0.0,0.0,0.0,0.0,0,0,0,
2026-09-30T10:29:44,28.0,25.0,26.0,0.0,0.0,0.0,0.0,0.0,0.0,0,0,0,
2026-09-30T10:29:46,28.0,25.0,26.0,0.0,0.0,0.0,0.0,0.0,0.0,0,0,0,
2026-09-30T10:29:49,28.0,25.0,26.0,0.0,0.0,0.0,0.0,0.0,0.0,0,0,0,
2026-09-30T10:29:51,28.0,25.0,26.0,0.0,0.0,0.0,0.0,0.0,0.0,0,0,0,
2026-09-30T10:29:53,28.0,25.0,26.0,0.0,0.0,0.0,0.0,0.0,0.0,0,0,0,
2026-09-30T10:29:55,28.0,25.0,26.0,0.0,0.0,0.0,0.0,0.0,0.0,0,0,0,
2026-09-30T10:29:57,28.0,25.0,26.0,0.0,0.0,0.0,0.0,0.0,0.0,0,0,0,
2026-09-30T10:29:59,28.0,25.0,26.0,0.0,0.0,0.0,0.0,0.0,0.0,0,0,0,
2026-09-30T10:30:01,28.0,25.0,26.0,0.0,0.0,0.0,0.0,0.0,0.0,0,0,0,
2026-09-30T10:30:03,28.0,25.0,26.0,0.0,0.0,0.0,0.0,0.0,0.0,0,0,0,
2026-09-30T10:30:05,28.0,25.0,26.0,0.0,0.0,0.0,0.0,0.0,0.0,0,0,0,
2026-09-30T10:30:07,28.0,25.0,26.0,0.0,0.0,0.0,0.0,0.0,0.0,0,0,0,
2026-09-30T10:30:09,28.0,25.0,26.0,0.0,0.0,0.0,0.0,0.0,0.0,0,0,0,
2026-09-30T10:30:11,28.0,25.0,26.0,0.0,0.0,0.0,0.0,0.0,0.0,0,0,0,
2026-09-30T10:30:13,28.0,25.0,26.0,0.0,0.0,0.0,0.0,0.0,0.0,0,0,0,
2026-09-30T10:30:15,28.0,25.0,26.0,0.0,0.0,0.0,0.0,0.0,0.0,0,0,0,
2026-09-30T10:30:17,28.0,25.0,26.0,0.0,0.0,0.0,0.0,0.0,0.0,0,0,0,
2026-09-30T10:30:19,28.0,25.0,26.0,0.0,0.0,0.0,0.0,0.0,0.0,0,0,0,
2026-09-30T10:30:21,28.0,25.0,26.0,0.0,0.0,0.0,0.0,0.0,0.0,0,0,0,
2026-09-30T10:30:23,28.0,25.0,26.0,0.0,0.0,0.0,0.0,0.0,0.0,0,0,0,
2026-09-30T10:30:25,28.0,25.0,26.0,0.0,0.0,0.0,0.0,0.0,0.0,0,0,0,
2026-09-30T10:30:27,28.0,25.0,26.0,0.0,0.0,0.0,0.0,0.0,0.0,0,0,0,
2026-09-30T10:30:29,28.0,25.0,26.0,0.0,0.0,0.0,0.0,0.0,0.0,0,0,0,
2026-09-30T10:30:31,28.0,25.0,26.0,0.0,0.0,0.0,0.0,0.0,0.0,0,0,0,
2026-09-30T10:30:33,28.0,25.0,26.0,0.0,0.0,0.0,0.0,0.0,0.0,0,0,0,
2026-09-30T10:30:35,27.0,25.0,26.0,0.0,0.0,0.0,0.0,0.0,0.0,0,0,0,
2026-09-30T10:30:37,28.0,25.0,26.0,0.0,0.0,0.0,0.0,0.0,0.0,0,0,0,
2026-09-30T10:30:39,28.0,25.0,26.0,0.0,0.0,0.0,0.0,0.0,0.0,0,0,0,
2026-09-30T10:30:41,28.0,25.0,26.0,0.0,0.0,0.0,0.0,0.0,0.0,0,0,0,
2026-09-30T10:30:43,28.0,25.0,26.0,0.0,0.0,0.0,0.0,0.0,0.0,0,0,0,
2026-09-30T10:30:45,28.0,25.0,26.0,0.0,0.0,0.0,0.0,0.0,0.0,0,0,0,
2026-09-30T10:30:47,28.0,25.0,26.0,0.0,0.0,0.0,0.0,0.0,0.0,0,0,0,
2026-09-30T10:30:49,27.0,25.0,26.0,0.0,0.0,0.0,0.0,0.0,0.0,0,0,0,
2026-09-30T10:30:51,27.0,25.0,26.0,0.0,0.0,0.0,0.0,0.0,0.0,0,0,0,
2026-09-30T10:30:53,27.0,25.0,26.0,0.0,0.0,0.0,0.0,0.0,0.0,0,0,0,
2026-09-30T10:30:55,27.0,25.0,26.0,0.0,0.0,0.0,0.0,0.0,0.0,0,0,0,
2026-09-30T10:30:57,27.0,25.0,26.0,0.0,0.0,0.0,0.0,0.0,0.0,0,0,0,
2026-09-30T10:30:59,27.0,25.0,26.0,0.0,0.0,0.0,0.0,0.0,0.0,0,0,0,
2026-09-30T10:31:01,27.0,25.0,26.0,0.0,0.0,0.0,0.0,0.0,0.0,0,0,0,
2026-09-30T10:31:03,27.0,25.0,26.0,0.0,0.0,0.0,0.0,0.0,0.0,0,0,0,
2026-09-30T10:31:05,27.0,25.0,26.0,0.0,0.0,0.0,0.0,0.0,0.0,0,0,0,
2026-09-30T10:31:07,27.0,25.0,26.0,0.0,0.0,0.0,0.0,0.0,0.0,0,0,0,
2026-09-30T10:31:09,27.0,25.0,26.0,0.0,0.0,0.0,0.0,0.0,0.0,0,0,0,
2026-09-30T10:31:11,27.0,25.0,26.0,0.0,0.0,0.0,0.0,0.0,0.0,0,0,0,
2026-09-30T10:31:13,27.0,25.0,26.0,0.0,0.0,0.0,0.0,0.0,0.0,0,0,0,
2026-09-30T10:31:15,27.0,25.0,26.0,0.0,0.0,0.0,0.0,0.0,0.0,0,0,0,
2026-09-30T10:31:17,27.0,25.0,26.0,0.0,0.0,0.0,0.0,0.0,0.0,0,0,0,
2026-09-30T10:31:19,27.0,25.0,26.0,0.0,0.0,0.0,0.0,0.0,0.0,0,0,0,
2026-09-30T10:31:21,27.0,25.0,26.0,0.0,0.0,0.0,0.0,0.0,0.0,0,0,0,
2026-09-30T10:31:23,27.0,25.0,26.0,0.0,0.0,0.0,0.0,0.0,0.0,0,0,0,
2026-09-30T10:31:25,27.0,25.0,26.0,0.0,0.0,0.0,0.0,0.0,0.0,0,0,0,
2026-09-30T10:31:27,27.0,25.0,26.0,0.0,0.0,0.0,0.0,0.0,0.0,0,0,0,
2026-09-30T10:31:29,27.0,25.0,26.0,0.0,0.0,0.0,0.0,0.0,0.0,0,0,0,
2026-09-30T10:31:31,27.0,25.0,26.0,0.0,0.0,0.0,0.0,0.0,0.0,0,0,0,
2026-09-30T10:31:33,27.0,25.0,26.0,0.0,0.0,0.0,0.0,0.0,0.0,0,0,0,
2026-09-30T10:31:35,27.0,25.0,26.0,0.0,0.0,0.0,0.0,0.0,0.0,0,0,0,
2026-09-30T10:31:37,27.0,25.0,26.0,0.0,0.0,0.0,0.0,0.0,0.0,0,0,0,
2026-09-30T10:31:39,27.0,25.0,26.0,0.0,0.0,0.0,0.0,0.0,0.0,0,0,0,
2026-09-30T10:31:41,27.0,25.0,26.0,0.0,0.0,0.0,0.0,0.0,0.0,0,0,0,
2026-09-30T10:31:43,27.0,25.0,26.0,0.0,0.0,0.0,0.0,0.0,0.0,0,0,0,
2026-09-30T10:31:45,27.0,25.0,26.0,0.0,0.0,0.0,0.0,0.0,0.0,0,0,0,
2026-09-30T10:31:47,27.0,25.0,26.0,0.0,0.0,0.0,0.0,0.0,0.0,0,0,0,
2026-09-30T10:31:49,27.0,25.0,26.0,0.0,0.0,0.0,0.0,0.0,0.0,0,0,0,
2026-09-30T10:31:51,27.0,25.0,26.0,0.0,0.0,0.0,0.0,0.0,0.0,0,0,0,
2026-09-30T10:31:53,27.0,25.0,26.0,0.0,0.0,0.0,0.0,0.0,0.0,0,0,0,
2026-09-30T10:31:55,27.0,25.0,26.0,0.0,0.0,0.0,0.0,0.0,0.0,0,0,0,
2026-09-30T10:31:57,27.0,25.0,26.0,0.0,0.0,0.0,0.0,0.0,0.0,0,0,0,
2026-09-30T10:31:59,27.0,25.0,26.0,0.0,0.0,0.0,0.0,0.0,0.0,0,0,0,
2026-09-30T10:32:01,27.0,25.0,26.0,0.0,0.0,0.0,0.0,0.0,0.0,0,0,0,
2026-09-30T10:32:03,27.0,25.0,26.0,0.0,0.0,0.0,0.0,0.0,0.0,0,0,0,
2026-09-30T10:32:05,27.0,25.0,26.0,0.0,0.0,0.0,0.0,0.0,0.0,0,0,0,
2026-09-30T10:32:07,27.0,25.0,26.0,0.0,0.0,0.0,0.0,0.0,0.0,0,0,0,
2026-09-30T10:32:09,27.0,25.0,26.0,0.0,0.0,0.0,0.0,0.0,0.0,0,0,0,
2026-09-30T10:32:11,27.0,25.0,26.0,0.0,0.0,0.0,0.0,0.0,0.0,0,0,0,
2026-09-30T10:32:13,27.0,25.0,26.0,0.0,0.0,0.0,0.0,0.0,0.0,0,0,0,
2026-09-30T10:32:15,27.0,25.0,26.0,0.0,0.0,0.0,0.0,0.0,0.0,0,0,0,
2026-09-30T10:32:17,27.0,25.0,26.0,0.0,0.0,0.0,0.0,0.0,0.0,0,0,0,
2026-09-30T10:32:19,27.0,25.0,26.0,0.0,0.0,0.0,0.0,0.0,0.0,0,0,0,
2026-09-30T10:32:21,27.0,25.0,26.0,0.0,0.0,0.0,0.0,0.0,0.0,0,0,0,
2026-09-30T10:32:23,27.0,25.0,26.0,0.0,0.0,0.0,0.0,0.0,0.0,0,0,0,
2026-09-30T10:32:25,27.0,25.0,26.0,0.0,0.0,0.0,0.0,0.0,0.0,0,0,0,
2026-09-30T10:32:28,27.0,25.0,26.0,0.0,0.0,0.0,0.0,0.0,0.0,0,0,0,
2026-09-30T10:32:30,27.0,25.0,26.0,0.0,0.0,0.0,0.0,0.0,0.0,0,0,0,
2026-09-30T10:32:32,27.0,25.0,26.0,0.0,0.0,0.0,0.0,0.0,0.0,0,0,0,
2026-09-30T10:32:34,27.0,25.0,26.0,0.0,0.0,0.0,0.0,0.0,0.0,0,0,0,
2026-09-30T10:32:36,27.0,25.0,26.0,0.0,0.0,0.0,0.0,0.0,0.0,0,0,0,
2026-09-30T10:32:38,27.0,25.0,26.0,0.0,0.0,0.0,0.0,0.0,0.0,0,0,0,
2026-09-30T10:32:40,27.0,25.0,26.0,0.0,0.0,0.0,0.0,0.0,0.0,0,0,0,
2026-09-30T10:32:42,27.0,25.0,26.0,0.0,0.0,0.0,0.0,0.0,0.0,0,0,0,
2026-09-30T10:32:44,27.0,25.0,26.0,0.0,0.0,0.0,0.0,0.0,0.0,0,0,0,
2026-09-30T10:32:46,27.0,25.0,26.0,0.0,0.0,0.0,0.0,0.0,0.0,0,0,0,
2026-09-30T10:32:48,27.0,25.0,26.0,0.0,0.0,0.0,0.0,0.0,0.0,0,0,0,
2026-09-30T10:32:50,27.0,25.0,26.0,0.0,0.0,0.0,0.0,0.0,0.0,0,0,0,
2026-09-30T10:32:52,27.0,25.0,26.0,0.0,0.0,0.0,0.0,0.0,0.0,0,0,0,
2026-09-30T10:32:54,27.0,25.0,26.0,0.0,0.0,0.0,0.0,0.0,0.0,0,0,0,
2026-09-30T10:32:56,27.0,25.0,26.0,0.0,0.0,0.0,0.0,0.0,0.0,0,0,0,
2026-09-30T10:32:58,27.0,25.0,26.0,0.0,0.0,0.0,0.0,0.0,0.0,0,0,0,
2026-09-30T10:33:00,27.0,25.0,26.0,0.0,0.0,0.0,0.0,0.0,0.0,0,0,0,
2026-09-30T10:33:02,27.0,25.0,26.0,0.0,0.0,0.0,0.0,0.0,0.0,0,0,0,
2026-09-30T10:33:04,27.0,25.0,26.0,0.0,0.0,0.0,0.0,0.0,0.0,0,0,0,
2026-09-30T10:33:06,27.0,25.0,26.0,0.0,0.0,0.0,0.0,0.0,0.0,0,0,0,
2026-09-30T10:33:08,27.0,25.0,26.0,0.0,0.0,0.0,0.0,0.0,0.0,0,0,0,
2026-09-30T10:33:10,27.0,25.0,26.0,0.0,0.0,0.0,0.0,0.0,0.0,0,0,0,
2026-09-30T10:33:12,27.0,25.0,26.0,0.0,0.0,0.0,0.0,0.0,0.0,0,0,0,
2026-09-30T10:33:14,27.0,25.0,26.0,0.0,0.0,0.0,0.0,0.0,0.0,0,0,0,
2026-09-30T10:33:16,27.0,25.0,26.0,0.0,0.0,0.0,0.0,0.0,0.0,0,0,0,
2026-09-30T10:33:18,27.0,25.0,26.0,0.0,0.0,0.0,0.0,0.0,0.0,0,0,0,
2026-09-30T10:33:20,27.0,25.0,26.0,0.0,0.0,0.0,0.0,0.0,0.0,0,0,0,
2026-09-30T10:33:22,27.0,25.0,26.0,0.0,0.0,0.0,0.0,0.0,0.0,0,0,0,
2026-09-30T10:33:24,27.0,25.0,26.0,0.0,0.0,0.0,0.0,0.0,0.0,0,0,0,
2026-09-30T10:33:26,27.0,25.0,26.0,0.0,0.0,0.0,0.0,0.0,0.0,0,0,0,
2026-09-30T10:33:28,27.0,25.0,26.0,0.0,0.0,0.0,0.0,0.0,0.0,0,0,0,
2026-09-30T10:33:30,27.0,25.0,26.0,0.0,0.0,0.0,0.0,0.0,0.0,0,0,0,
2026-09-30T10:33:32,27.0,25.0,26.0,0.0,0.0,0.0,0.0,0.0,0.0,0,0,0,
2026-09-30T10:33:34,27.0,25.0,26.0,0.0,0.0,0.0,0.0,0.0,0.0,0,0,0,
2026-09-30T10:33:36,27.0,25.0,26.0,0.0,0.0,0.0,0.0,0.0,0.0,0,0,0,
2026-09-30T10:33:38,27.0,25.0,26.0,0.0,0.0,0.0,0.0,0.0,0.0,0,0,0,
2026-09-30T10:33:40,27.0,25.0,26.0,0.0,0.0,0.0,0.0,0.0,0.0,0,0,0,
2026-09-30T10:33:42,27.0,25.0,26.0,0.0,0.0,0.0,0.0,0.0,0.0,0,0,0,
2026-09-30T10:33:44,27.0,25.0,26.0,0.0,0.0,0.0,0.0,0.0,0.0,0,0,0,
2026-09-30T10:33:46,27.0,25.0,26.0,0.0,0.0,0.0,0.0,0.0,0.0,0,0,0,
2026-09-30T10:33:48,27.0,25.0,26.0,0.0,0.0,0.0,0.0,0.0,0.0,0,0,0,
2026-09-30T10:33:50,27.0,25.0,26.0,0.0,0.0,0.0,0.0,0.0,0.0,0,0,0,
2026-09-30T10:33:52,27.0,25.0,26.0,0.0,0.0,0.0,0.0,0.0,0.0,0,0,0,
2026-09-30T10:33:54,27.0,25.0,26.0,0.0,0.0,0.0,0.0,0.0,0.0,0,0,0,
2026-09-30T10:33:56,27.0,25.0,26.0,0.0,0.0,0.0,0.0,0.0,0.0,0,0,0,
2026-09-30T10:33:58,27.0,25.0,26.0,0.0,0.0,0.0,0.0,0.0,0.0,0,0,0,
2026-09-30T10:34:00,27.0,25.0,26.0,0.0,0.0,0.0,0.0,0.0,0.0,0,0,0,
2026-09-30T10:34:02,27.0,25.0,26.0,0.0,0.0,0.0,0.0,0.0,0.0,0,0,0,
2026-09-30T10:34:04,27.0,25.0,26.0,0.0,0.0,0.0,0.0,0.0,0.0,0,0,0,
2026-09-30T10:34:06,27.0,25.0,26.0,0.0,0.0,0.0,0.0,0.0,0.0,0,0,0,
2026-09-30T10:34:08,27.0,25.0,26.0,0.0,0.0,0.0,0.0,0.0,0.0,0,0,0,
2026-09-30T10:34:10,27.0,25.0,26.0,0.0,0.0,0.0,0.0,0.0,0.0,0,0,0,
2026-09-30T10:34:12,27.0,25.0,26.0,0.0,0.0,0.0,0.0,0.0,0.0,0,0,0,
2026-09-30T10:34:14,27.0,25.0,26.0,0.0,0.0,0.0,0.0,0.0,0.0,0,0,0,
2026-09-30T10:34:16,27.0,25.0,26.0,0.0,0.0,0.0,0.0,0.0,0.0,0,0,0,
2026-09-30T10:34:18,27.0,25.0,26.0,0.0,0.0,0.0,0.0,0.0,0.0,0,0,0,
2026-09-30T10:34:20,27.0,25.0,26.0,0.0,0.0,0.0,0.0,0.0,0.0,0,0,0,
2026-09-30T10:34:22,27.0,25.0,26.0,0.0,0.0,0.0,0.0,0.0,0.0,0,0,0,
2026-09-30T10:34:24,27.0,25.0,26.0,0.0,0.0,0.0,0.0,0.0,0.0,0,0,0,
2026-09-30T10:34:26,27.0,25.0,26.0,0.0,0.0,0.0,0.0,0.0,0.0,0,0,0,
2026-09-30T10:34:28,27.0,25.0,26.0,0.0,0.0,0.0,0.0,0.0,0.0,0,0,0,
2026-09-30T10:34:30,27.0,25.0,26.0,0.0,0.0,0.0,0.0,0.0,0.0,0,0,0,
2026-09-30T10:34:32,27.0,25.0,26.0,0.0,0.0,0.0,0.0,0.0,0.0,0,0,0,
2026-09-30T10:34:34,27.0,25.0,26.0,0.0,0.0,0.0,0.0,0.0,0.0,0,0,0,
2026-09-30T10:34:36,27.0,25.0,26.0,0.0,0.0,0.0,0.0,0.0,0.0,0,0,0,
2026-09-30T10:34:38,27.0,25.0,26.0,0.0,0.0,0.0,0.0,0.0,0.0,0,0,0,
2026-09-30T10:34:40,27.0,25.0,26.0,0.0,0.0,0.0,0.0,0.0,0.0,0,0,0,
2026-09-30T10:34:42,27.0,25.0,26.0,0.0,0.0,0.0,0.0,0.0,0.0,0,0,0,
2026-09-30T10:34:44,27.0,25.0,26.0,0.0,0.0,0.0,0.0,0.0,0.0,0,0,0,
2026-09-30T10:34:46,27.0,25.0,26.0,0.0,0.0,0.0,0.0,0.0,0.0,0,0,0,
2026-09-30T10:34:48,27.0,25.0,26.0,0.0,0.0,0.0,0.0,0.0,0.0,0,0,0,
2026-09-30T10:34:50,27.0,25.0,26.0,0.0,0.0,0.0,0.0,0.0,0.0,0,0,0,
2026-09-30T10:34:53,27.0,25.0,26.0,0.0,0.0,0.0,0.0,0.0,0.0,0,0,0,
2026-09-30T10:34:55,27.0,25.0,26.0,0.0,0.0,0.0,0.0,0.0,0.0,0,0,0,
2026-09-30T10:34:57,27.0,25.0,26.0,0.0,0.0,0.0,0.0,0.0,0.0,0,0,0,
2026-09-30T10:34:59,27.0,25.0,26.0,0.0,0.0,0.0,0.0,0.0,0.0,0,0,0,
2026-09-30T10:35:01,27.0,25.0,26.0,0.0,0.0,0.0,0.0,0.0,0.0,0,0,0,
2026-09-30T10:35:03,27.0,25.0,26.0,0.0,0.0,0.0,0.0,0.0,0.0,0,0,0,
2026-09-30T10:35:05,27.0,25.0,26.0,0.0,0.0,0.0,0.0,0.0,0.0,0,0,0,
2026-09-30T10:35:07,27.0,25.0,26.0,0.0,0.0,0.0,0.0,0.0,0.0,0,0,0,
2026-09-30T10:35:09,27.0,25.0,26.0,0.0,0.0,0.0,0.0,0.0,0.0,0,0,0,
2026-09-30T10:35:11,27.0,25.0,26.0,0.0,0.0,0.0,0.0,0.0,0.0,0,0,0,
2026-09-30T10:35:13,27.0,25.0,26.0,0.0,0.0,0.0,0.0,0.0,0.0,0,0,0,
2026-09-30T10:35:15,27.0,25.0,26.0,0.0,0.0,0.0,0.0,0.0,0.0,0,0,0,
2026-09-30T10:35:17,27.0,25.0,26.0,0.0,0.0,0.0,0.0,0.0,0.0,0,0,0,
2026-09-30T10:35:19,27.0,25.0,26.0,0.0,0.0,0.0,0.0,0.0,0.0,0,0,0,
2026-09-30T10:35:21,27.0,25.0,26.0,0.0,0.0,0.0,0.0,0.0,0.0,0,0,0,
2026-09-30T10:35:23,27.0,25.0,26.0,0.0,0.0,0.0,0.0,0.0,0.0,0,0,0,
2026-09-30T10:35:25,27.0,25.0,26.0,0.0,0.0,0.0,0.0,0.0,0.0,0,0,0,
2026-09-30T10:35:27,27.0,25.0,26.0,0.0,0.0,0.0,0.0,0.0,0.0,0,0,0,
2026-09-30T10:35:29,27.0,25.0,26.0,0.0,0.0,0.0,0.0,0.0,0.0,0,0,0,
2026-09-30T10:35:31,26.0,25.0,26.0,0.0,0.0,0.0,0.0,0.0,0.0,0,0,0,
2026-09-30T10:35:33,26.0,24.0,26.0,0.0,0.0,0.0,0.0,0.0,0.0,0,0,0,
2026-09-30T10:35:35,27.0,25.0,26.0,0.0,0.0,0.0,0.0,0.0,0.0,0,0,0,
2026-09-30T10:35:37,26.0,25.0,26.0,0.0,0.0,0.0,0.0,0.0,0.0,0,0,0,
2026-09-30T10:35:39,26.0,25.0,26.0,0.0,0.0,0.0,0.0,0.0,0.0,0,0,0,
2026-09-30T10:35:41,26.0,25.0,26.0,0.0,0.0,0.0,0.0,0.0,0.0,0,0,0,
2026-09-30T10:35:43,26.0,25.0,26.0,0.0,0.0,0.0,0.0,0.0,0.0,0,0,0,
2026-09-30T10:35:45,26.0,25.0,26.0,0.0,0.0,0.0,0.0,0.0,0.0,0,0,0,
2026-09-30T10:35:47,26.0,25.0,26.0,0.0,0.0,0.0,0.0,0.0,0.0,0,0,0,
2026-09-30T10:35:49,26.0,25.0,26.0,0.0,0.0,0.0,0.0,0.0,0.0,0,0,0,
2026-09-30T10:35:51,26.0,25.0,26.0,0.0,0.0,0.0,0.0,0.0,0.0,0,0,0,
2026-09-30T10:35:53,26.0,25.0,26.0,0.0,0.0,0.0,0.0,0.0,0.0,0,0,0,
2026-09-30T10:35:55,26.0,25.0,26.0,0.0,0.0,0.0,0.0,0.0,0.0,0,0,0,
2026-09-30T10:35:57,26.0,25.0,26.0,0.0,0.0,0.0,0.0,0.0,0.0,0,0,0,
2026-09-30T10:35:59,26.0,25.0,26.0,0.0,0.0,0.0,0.0,0.0,0.0,0,0,0,
2026-09-30T10:36:01,26.0,25.0,26.0,0.0,0.0,0.0,0.0,0.0,0.0,0,0,0,
2026-09-30T10:36:03,26.0,24.0,26.0,0.0,0.0,0.0,0.0,0.0,0.0,0,0,0,
2026-09-30T10:36:05,26.0,25.0,26.0,0.0,0.0,0.0,0.0,0.0,0.0,0,0,0,
2026-09-30T10:36:07,26.0,25.0,26.0,0.0,0.0,0.0,0.0,0.0,0.0,0,0,0,
2026-09-30T10:36:09,26.0,25.0,26.0,0.0,0.0,0.0,0.0,0.0,0.0,0,0,0,
2026-09-30T10:36:11,26.0,25.0,26.0,0.0,0.0,0.0,0.0,0.0,0.0,0,0,0,
2026-09-30T10:36:13,26.0,25.0,26.0,0.0,0.0,0.0,0.0,0.0,0.0,0,0,0,
2026-09-30T10:36:15,26.0,25.0,26.0,0.0,0.0,0.0,0.0,0.0,0.0,0,0,0,
2026-09-30T10:36:17,26.0,25.0,26.0,0.0,0.0,0.0,0.0,0.0,0.0,0,0,0,
2026-09-30T10:36:19,26.0,25.0,26.0,0.0,0.0,0.0,0.0,0.0,0.0,0,0,0,
2026-09-30T10:36:21,26.0,25.0,26.0,0.0,0.0,0.0,0.0,0.0,0.0,0,0,0,
2026-09-30T10:36:23,26.0,24.0,26.0,0.0,0.0,0.0,0.0,0.0,0.0,0,0,0,
2026-09-30T10:36:25,26.0,25.0,26.0,0.0,0.0,0.0,0.0,0.0,0.0,0,0,0,
2026-09-30T10:36:27,26.0,25.0,26.0,0.0,0.0,0.0,0.0,0.0,0.0,0,0,0,
2026-09-30T10:36:29,26.0,24.0,26.0,0.0,0.0,0.0,0.0,0.0,0.0,0,0,0,
2026-09-30T10:36:31,26.0,25.0,26.0,0.0,0.0,0.0,0.0,0.0,0.0,0,0,0,
2026-09-30T10:36:33,26.0,24.0,26.0,0.0,0.0,0.0,0.0,0.0,0.0,0,0,0,
2026-09-30T10:36:35,26.0,25.0,26.0,0.0,0.0,0.0,0.0,0.0,0.0,0,0,0,
2026-09-30T10:36:37,26.0,25.0,26.0,0.0,0.0,0.0,0.0,0.0,0.0,0,0,0,
2026-09-30T10:36:39,26.0,25.0,26.0,0.0,0.0,0.0,0.0,0.0,0.0,0,0,0,
2026-09-30T10:36:41,26.0,25.0,26.0,0.0,0.0,0.0,0.0,0.0,0.0,0,0,0,
2026-09-30T10:36:43,26.0,25.0,26.0,0.0,0.0,0.0,0.0,0.0,0.0,0,0,0,
2026-09-30T10:36:45,26.0,25.0,26.0,0.0,0.0,0.0,0.0,0.0,0.0,0,0,0,
2026-09-30T10:36:47,26.0,24.0,26.0,0.0,0.0,0.0,0.0,0.0,0.0,0,0,0,
2026-09-30T10:36:49,26.0,25.0,26.0,0.0,0.0,0.0,0.0,0.0,0.0,0,0,0,
2026-09-30T10:36:51,26.0,25.0,26.0,0.0,0.0,0.0,0.0,0.0,0.0,0,0,0,
2026-09-30T10:36:53,26.0,25.0,26.0,0.0,0.0,0.0,0.0,0.0,0.0,0,0,0,
2026-09-30T10:36:55,26.0,25.0,26.0,0.0,0.0,0.0,0.0,0.0,0.0,0,0,0,
2026-09-30T10:36:57,26.0,25.0,26.0,0.0,0.0,0.0,0.0,0.0,0.0,0,0,0,
2026-09-30T10:36:59,26.0,24.0,26.0,0.0,0.0,0.0,0.0,0.0,0.0,0,0,0,
2026-09-30T10:37:01,26.0,24.0,26.0,0.0,0.0,0.0,0.0,0.0,0.0,0,0,0,
2026-09-30T10:37:03,26.0,25.0,26.0,0.0,0.0,0.0,0.0,0.0,0.0,0,0,0,
2026-09-30T10:37:05,26.0,25.0,26.0,0.0,0.0,0.0,0.0,0.0,0.0,0,0,0,
2026-09-30T10:37:07,26.0,24.0,26.0,0.0,0.0,0.0,0.0,0.0,0.0,0,0,0,
2026-09-30T10:37:09,26.0,24.0,26.0,0.0,0.0,0.0,0.0,0.0,0.0,0,0,0,
2026-09-30T10:37:11,26.0,24.0,26.0,0.0,0.0,0.0,0.0,0.0,0.0,0,0,0,
2026-09-30T10:37:13,26.0,25.0,26.0,0.0,0.0,0.0,0.0,0.0,0.0,0,0,0,
2026-09-30T10:37:15,26.0,25.0,26.0,0.0,0.0,0.0,0.0,0.0,0.0,0,0,0,
2026-09-30T10:37:17,26.0,25.0,26.0,0.0,0.0,0.0,0.0,0.0,0.0,0,0,0,
2026-09-30T10:37:19,26.0,25.0,26.0,0.0,0.0,0.0,0.0,0.0,0.0,0,0,0,
2026-09-30T10:37:21,26.0,25.0,26.0,0.0,0.0,0.0,0.0,0.0,0.0,0,0,0,
2026-09-30T10:37:23,26.0,25.0,26.0,0.0,0.0,0.0,0.0,0.0,0.0,0,0,0,
2026-09-30T10:37:25,26.0,25.0,26.0,0.0,0.0,0.0,0.0,0.0,0.0,0,0,0,
2026-09-30T10:37:27,26.0,25.0,26.0,0.0,0.0,0.0,0.0,0.0,0.0,0,0,0,
2026-09-30T10:37:29,26.0,25.0,26.0,0.0,0.0,0.0,0.0,0.0,0.0,0,0,0,
2026-09-30T10:37:31,26.0,25.0,26.0,0.0,0.0,0.0,0.0,0.0,0.0,0,0,0,
2026-09-30T10:37:33,26.0,24.0,26.0,0.0,0.0,0.0,0.0,0.0,0.0,0,0,0,
2026-09-30T10:37:35,26.0,25.0,26.0,0.0,0.0,0.0,0.0,0.0,0.0,0,0,0,
2026-09-30T10:37:37,26.0,24.0,26.0,0.0,0.0,0.0,0.0,0.0,0.0,0,0,0,
2026-09-30T10:37:39,26.0,25.0,26.0,0.0,0.0,0.0,0.0,0.0,0.0,0,0,0,
2026-09-30T10:37:41,26.0,25.0,26.0,0.0,0.0,0.0,0.0,0.0,0.0,0,0,0,
2026-09-30T10:37:43,26.0,25.0,26.0,0.0,0.0,0.0,0.0,0.0,0.0,0,0,0,
2026-09-30T10:37:45,26.0,25.0,26.0,0.0,0.0,0.0,0.0,0.0,0.0,0,0,0,
2026-09-30T10:37:47,26.0,25.0,26.0,0.0,0.0,0.0,0.0,0.0,0.0,0,0,0,
2026-09-30T10:37:49,26.0,24.0,26.0,0.0,0.0,0.0,0.0,0.0,0.0,0,0,0,
2026-09-30T10:37:51,26.0,24.0,26.0,0.0,0.0,0.0,0.0,0.0,0.0,0,0,0,
2026-09-30T10:37:53,26.0,25.0,26.0,0.0,0.0,0.0,0.0,0.0,0.0,0,0,0,
2026-09-30T10:37:55,26.0,25.0,26.0,0.0,0.0,0.0,0.0,0.0,0.0,0,0,0,
2026-09-30T10:37:58,26.0,25.0,26.0,0.0,0.0,0.0,0.0,0.0,0.0,0,0,0,
2026-09-30T10:38:00,26.0,24.0,26.0,0.0,0.0,0.0,0.0,0.0,0.0,0,0,0,
2026-09-30T10:38:02,26.0,25.0,26.0,0.0,0.0,0.0,0.0,0.0,0.0,0,0,0,
2026-09-30T10:38:04,26.0,25.0,26.0,0.0,0.0,0.0,0.0,0.0,0.0,0,0,0,
2026-09-30T10:38:06,26.0,25.0,26.0,0.0,0.0,0.0,0.0,0.0,0.0,0,0,0,
2026-09-30T10:38:08,26.0,25.0,26.0,0.0,0.0,0.0,0.0,0.0,0.0,0,0,0,
2026-09-30T10:38:10,26.0,25.0,26.0,0.0,0.0,0.0,0.0,0.0,0.0,0,0,0,
2026-09-30T10:38:12,26.0,25.0,26.0,0.0,0.0,0.0,0.0,0.0,0.0,0,0,0,
2026-09-30T10:38:14,26.0,25.0,26.0,0.0,0.0,0.0,0.0,0.0,0.0,0,0,0,
2026-09-30T10:38:16,26.0,24.0,26.0,0.0,0.0,0.0,0.0,0.0,0.0,0,0,0,
2026-09-30T10:38:18,26.0,25.0,26.0,0.0,0.0,0.0,0.0,0.0,0.0,0,0,0,
2026-09-30T10:38:20,26.0,25.0,26.0,0.0,0.0,0.0,0.0,0.0,0.0,0,0,0,
2026-09-30T10:38:22,26.0,25.0,26.0,0.0,0.0,0.0,0.0,0.0,0.0,0,0,0,
2026-09-30T10:38:24,26.0,25.0,26.0,0.0,0.0,0.0,0.0,0.0,0.0,0,0,0,
2026-09-30T10:38:26,26.0,25.0,26.0,0.0,0.0,0.0,0.0,0.0,0.0,0,0,0,
2026-09-30T10:38:28,26.0,25.0,26.0,0.0,0.0,0.0,0.0,0.0,0.0,0,0,0,
2026-09-30T10:38:30,26.0,25.0,26.0,0.0,0.0,0.0,0.0,0.0,0.0,0,0,0,
2026-09-30T10:38:32,26.0,25.0,26.0,0.0,0.0,0.0,0.0,0.0,0.0,0,0,0,
2026-09-30T10:38:34,26.0,25.0,26.0,0.0,0.0,0.0,0.0,0.0,0.0,0,0,0,
2026-09-30T10:38:36,26.0,24.0,26.0,0.0,0.0,0.0,0.0,0.0,0.0,0,0,0,
2026-09-30T10:38:38,26.0,25.0,26.0,0.0,0.0,0.0,0.0,0.0,0.0,0,0,0,
2026-09-30T10:38:40,26.0,25.0,26.0,0.0,0.0,0.0,0.0,0.0,0.0,0,0,0,
2026-09-30T10:38:42,26.0,25.0,26.0,0.0,0.0,0.0,0.0,0.0,0.0,0,0,0,
2026-09-30T10:38:44,26.0,25.0,26.0,0.0,0.0,0.0,0.0,0.0,0.0,0,0,0,
2026-09-30T10:38:46,26.0,25.0,26.0,0.0,0.0,0.0,0.0,0.0,0.0,0,0,0,
2026-09-30T10:38:48,26.0,25.0,26.0,0.0,0.0,0.0,0.0,0.0,0.0,0,0,0,
2026-09-30T10:38:50,26.0,25.0,26.0,0.0,0.0,0.0,0.0,0.0,0.0,0,0,0,
2026-09-30T10:38:52,26.0,25.0,26.0,0.0,0.0,0.0,0.0,0.0,0.0,0,0,0,
2026-09-30T10:38:54,26.0,24.0,26.0,0.0,0.0,0.0,0.0,0.0,0.0,0,0,0,
2026-09-30T10:38:56,26.0,25.0,26.0,0.0,0.0,0.0,0.0,0.0,0.0,0,0,0,
2026-09-30T10:38:58,26.0,25.0,26.0,0.0,0.0,0.0,0.0,0.0,0.0,0,0,0,
2026-09-30T10:39:00,26.0,24.0,26.0,0.0,0.0,0.0,0.0,0.0,0.0,0,0,0,
2026-09-30T10:39:02,26.0,25.0,26.0,0.0,0.0,0.0,0.0,0.0,0.0,0,0,0,
2026-09-30T10:39:04,26.0,24.0,26.0,0.0,0.0,0.0,0.0,0.0,0.0,0,0,0,
2026-09-30T10:39:06,26.0,25.0,26.0,0.0,0.0,0.0,0.0,0.0,0.0,0,0,0,
2026-09-30T10:39:08,26.0,25.0,26.0,0.0,0.0,0.0,0.0,0.0,0.0,0,0,0,
2026-09-30T10:39:10,26.0,25.0,26.0,0.0,0.0,0.0,0.0,0.0,0.0,0,0,0,
2026-09-30T10:39:12,26.0,25.0,26.0,0.0,0.0,0.0,0.0,0.0,0.0,0,0,0,
2026-09-30T10:39:14,26.0,25.0,26.0,0.0,0.0,0.0,0.0,0.0,0.0,0,0,0,
2026-09-30T10:39:16,26.0,25.0,26.0,0.0,0.0,0.0,0.0,0.0,0.0,0,0,0,
2026-09-30T10:39:18,26.0,25.0,26.0,0.0,0.0,0.0,0.0,0.0,0.0,0,0,0,
2026-09-30T10:39:20,26.0,25.0,26.0,0.0,0.0,0.0,0.0,0.0,0.0,0,0,0,
2026-09-30T10:39:22,26.0,25.0,26.0,0.0,0.0,0.0,0.0,0.0,0.0,0,0,0,
2026-09-30T10:39:24,26.0,24.0,26.0,0.0,0.0,0.0,0.0,0.0,0.0,0,0,0,
2026-09-30T10:39:26,26.0,25.0,26.0,0.0,0.0,0.0,0.0,0.0,0.0,0,0,0,
2026-09-30T10:39:28,26.0,24.0,26.0,0.0,0.0,0.0,0.0,0.0,0.0,0,0,0,
2026-09-30T10:39:30,26.0,25.0,26.0,0.0,0.0,0.0,0.0,0.0,0.0,0,0,0,
2026-09-30T10:39:32,26.0,25.0,26.0,0.0,0.0,0.0,0.0,0.0,0.0,0,0,0,
2026-09-30T10:39:34,26.0,25.0,26.0,0.0,0.0,0.0,0.0,0.0,0.0,0,0,0,
2026-09-30T10:39:36,26.0,25.0,26.0,0.0,0.0,0.0,0.0,0.0,0.0,0,0,0,
2026-09-30T10:39:38,26.0,25.0,26.0,0.0,0.0,0.0,0.0,0.0,0.0,0,0,0,
2026-09-30T10:39:40,26.0,25.0,26.0,0.0,0.0,0.0,0.0,0.0,0.0,0,0,0,
2026-09-30T10:39:42,26.0,25.0,26.0,0.0,0.0,0.0,0.0,0.0,0.0,0,0,0,
2026-09-30T10:39:44,26.0,25.0,26.0,0.0,0.0,0.0,0.0,0.0,0.0,0,0,0,
2026-09-30T10:39:46,26.0,25.0,26.0,0.0,0.0,0.0,0.0,0.0,0.0,0,0,0,
2026-09-30T10:39:48,26.0,25.0,26.0,0.0,0.0,0.0,0.0,0.0,0.0,0,0,0,
2026-09-30T10:39:50,26.0,25.0,26.0,0.0,0.0,0.0,0.0,0.0,0.0,0,0,0,
2026-09-30T10:39:52,26.0,25.0,26.0,0.0,0.0,0.0,0.0,0.0,0.0,0,0,0,
2026-09-30T10:39:54,26.0,25.0,26.0,0.0,0.0,0.0,0.0,0.0,0.0,0,0,0,
2026-09-30T10:39:56,26.0,25.0,26.0,0.0,0.0,0.0,0.0,0.0,0.0,0,0,0,
2026-09-30T10:39:58,26.0,25.0,26.0,0.0,0.0,0.0,0.0,0.0,0.0,0,0,0,
2026-09-30T10:40:00,26.0,25.0,26.0,0.0,0.0,0.0,0.0,0.0,0.0,0,0,0,
2026-09-30T10:40:02,26.0,25.0,26.0,0.0,0.0,0.0,0.0,0.0,0.0,0,0,0,
2026-09-30T10:40:04,26.0,25.0,26.0,0.0,0.0,0.0,0.0,0.0,0.0,0,0,0,
2026-09-30T10:40:06,26.0,25.0,26.0,0.0,0.0,0.0,0.0,0.0,0.0,0,0,0,
2026-09-30T10:40:08,26.0,25.0,26.0,0.0,0.0,0.0,0.0,0.0,0.0,0,0,0,
2026-09-30T10:40:10,26.0,24.0,26.0,0.0,0.0,0.0,0.0,0.0,0.0,0,0,0,
2026-09-30T10:40:12,26.0,25.0,26.0,0.0,0.0,0.0,0.0,0.0,0.0,0,0,0,
2026-09-30T10:40:14,26.0,25.0,26.0,0.0,0.0,0.0,0.0,0.0,0.0,0,0,0,
2026-09-30T10:40:16,26.0,25.0,26.0,0.0,0.0,0.0,0.0,0.0,0.0,0,0,0,
2026-09-30T10:40:18,26.0,24.0,26.0,0.0,0.0,0.0,0.0,0.0,0.0,0,0,0,
2026-09-30T10:40:20,26.0,24.0,26.0,0.0,0.0,0.0,0.0,0.0,0.0,0,0,0,
2026-09-30T10:40:22,26.0,24.0,26.0,0.0,0.0,0.0,0.0,0.0,0.0,0,0,0,
2026-09-30T10:40:24,26.0,25.0,26.0,0.0,0.0,0.0,0.0,0.0,0.0,0,0,0,
2026-09-30T10:40:26,26.0,25.0,26.0,0.0,0.0,0.0,0.0,0.0,0.0,0,0,0,
2026-09-30T10:40:28,26.0,25.0,26.0,0.0,0.0,0.0,0.0,0.0,0.0,0,0,0,
2026-09-30T10:40:30,26.0,25.0,26.0,0.0,0.0,0.0,0.0,0.0,0.0,0,0,0,
2026-09-30T10:40:32,26.0,25.0,26.0,0.0,0.0,0.0,0.0,0.0,0.0,0,0,0,
2026-09-30T10:40:35,26.0,24.0,26.0,0.0,0.0,0.0,0.0,0.0,0.0,0,0,0,
2026-09-30T10:40:37,26.0,24.0,26.0,0.0,0.0,0.0,0.0,0.0,0.0,0,0,0,
2026-09-30T10:40:39,26.0,24.0,26.0,0.0,0.0,0.0,0.0,0.0,0.0,0,0,0,
2026-09-30T10:40:41,26.0,24.0,26.0,0.0,0.0,0.0,0.0,0.0,0.0,0,0,0,
2026-09-30T10:40:43,26.0,25.0,26.0,0.0,0.0,0.0,0.0,0.0,0.0,0,0,0,
2026-09-30T10:40:45,26.0,24.0,26.0,0.0,0.0,0.0,0.0,0.0,0.0,0,0,0,
2026-09-30T10:40:47,26.0,25.0,26.0,0.0,0.0,0.0,0.0,0.0,0.0,0,0,0,
2026-09-30T10:40:49,26.0,25.0,26.0,0.0,0.0,0.0,0.0,0.0,0.0,0,0,0,
2026-09-30T10:40:51,26.0,24.0,26.0,0.0,0.0,0.0,0.0,0.0,0.0,0,0,0,
2026-09-30T10:40:53,26.0,25.0,26.0,0.0,0.0,0.0,0.0,0.0,0.0,0,0,0,
2026-09-30T10:40:55,26.0,25.0,26.0,0.0,0.0,0.0,0.0,0.0,0.0,0,0,0,
2026-09-30T10:40:57,26.0,25.0,26.0,0.0,0.0,0.0,0.0,0.0,0.0,0,0,0,
2026-09-30T10:40:59,26.0,24.0,26.0,0.0,0.0,0.0,0.0,0.0,0.0,0,0,0,
2026-09-30T10:41:01,26.0,25.0,26.0,0.0,0.0,0.0,0.0,0.0,0.0,0,0,0,
2026-09-30T10:41:03,26.0,25.0,26.0,0.0,0.0,0.0,0.0,0.0,0.0,0,0,0,
2026-09-30T10:41:05,26.0,25.0,26.0,0.0,0.0,0.0,0.0,0.0,0.0,0,0,0,
2026-09-30T10:41:07,26.0,25.0,26.0,0.0,0.0,0.0,0.0,0.0,0.0,0,0,0,
2026-09-30T10:41:09,26.0,24.0,26.0,0.0,0.0,0.0,0.0,0.0,0.0,0,0,0,
2026-09-30T10:41:11,26.0,24.0,26.0,0.0,0.0,0.0,0.0,0.0,0.0,0,0,0,
2026-09-30T10:41:13,26.0,25.0,26.0,0.0,0.0,0.0,0.0,0.0,0.0,0,0,0,
2026-09-30T10:41:15,26.0,24.0,26.0,0.0,0.0,0.0,0.0,0.0,0.0,0,0,0,
2026-09-30T10:41:17,26.0,24.0,26.0,0.0,0.0,0.0,0.0,0.0,0.0,0,0,0,
2026-09-30T10:41:19,26.0,25.0,26.0,0.0,0.0,0.0,0.0,0.0,0.0,0,0,0,
2026-09-30T10:41:21,26.0,25.0,26.0,0.0,0.0,0.0,0.0,0.0,0.0,0,0,0,
2026-09-30T10:41:23,26.0,25.0,26.0,0.0,0.0,0.0,0.0,0.0,0.0,0,0,0,
2026-09-30T10:41:25,26.0,25.0,26.0,0.0,0.0,0.0,0.0,0.0,0.0,0,0,0,
2026-09-30T10:41:27,26.0,24.0,26.0,0.0,0.0,0.0,0.0,0.0,0.0,0,0,0,
2026-09-30T10:41:29,26.0,24.0,26.0,0.0,0.0,0.0,0.0,0.0,0.0,0,0,0,
2026-09-30T10:41:31,26.0,24.0,26.0,0.0,0.0,0.0,0.0,0.0,0.0,0,0,0,
2026-09-30T10:41:33,26.0,25.0,26.0,0.0,0.0,0.0,0.0,0.0,0.0,0,0,0,
2026-09-30T10:41:35,26.0,24.0,26.0,0.0,0.0,0.0,0.0,0.0,0.0,0,0,0,
2026-09-30T10:41:37,26.0,24.0,26.0,0.0,0.0,0.0,0.0,0.0,0.0,0,0,0,
2026-09-30T10:41:39,26.0,24.0,26.0,0.0,0.0,0.0,0.0,0.0,0.0,0,0,0,
2026-09-30T10:41:41,26.0,25.0,26.0,0.0,0.0,0.0,0.0,0.0,0.0,0,0,0,
2026-09-30T10:41:43,26.0,25.0,26.0,0.0,0.0,0.0,0.0,0.0,0.0,0,0,0,
2026-09-30T10:41:45,26.0,24.0,26.0,0.0,0.0,0.0,0.0,0.0,0.0,0,0,0,
2026-09-30T10:41:47,26.0,24.0,26.0,0.0,0.0,0.0,0.0,0.0,0.0,0,0,0,
2026-09-30T10:41:49,26.0,24.0,26.0,0.0,0.0,0.0,0.0,0.0,0.0,0,0,0,
2026-09-30T10:41:51,26.0,24.0,26.0,0.0,0.0,0.0,0.0,0.0,0.0,0,0,0,
2026-09-30T10:41:53,26.0,25.0,26.0,0.0,0.0,0.0,0.0,0.0,0.0,0,0,0,
2026-09-30T10:41:55,26.0,25.0,26.0,0.0,0.0,0.0,0.0,0.0,0.0,0,0,0,
2026-09-30T10:41:57,26.0,24.0,26.0,0.0,0.0,0.0,0.0,0.0,0.0,0,0,0,
2026-09-30T10:41:59,26.0,25.0,26.0,0.0,0.0,0.0,0.0,0.0,0.0,0,0,0,
2026-09-30T10:42:01,26.0,24.0,26.0,0.0,0.0,0.0,0.0,0.0,0.0,0,0,0,
2026-09-30T10:42:03,26.0,25.0,26.0,0.0,0.0,0.0,0.0,0.0,0.0,0,0,0,
2026-09-30T10:42:05,26.0,25.0,26.0,0.0,0.0,0.0,0.0,0.0,0.0,0,0,0,
2026-09-30T10:42:07,26.0,24.0,26.0,0.0,0.0,0.0,0.0,0.0,0.0,0,0,0,
2026-09-30T10:42:09,26.0,24.0,26.0,0.0,0.0,0.0,0.0,0.0,0.0,0,0,0,
2026-09-30T10:42:11,26.0,25.0,26.0,0.0,0.0,0.0,0.0,0.0,0.0,0,0,0,
2026-09-30T10:42:13,26.0,24.0,26.0,0.0,0.0,0.0,0.0,0.0,0.0,0,0,0,
2026-09-30T10:42:15,26.0,24.0,26.0,0.0,0.0,0.0,0.0,0.0,0.0,0,0,0,
2026-09-30T10:42:17,26.0,24.0,26.0,0.0,0.0,0.0,0.0,0.0,0.0,0,0,0,
2026-09-30T10:42:19,26.0,24.0,26.0,0.0,0.0,0.0,0.0,0.0,0.0,0,0,0,
2026-09-30T10:42:21,26.0,25.0,26.0,0.0,0.0,0.0,0.0,0.0,0.0,0,0,0,
2026-09-30T10:42:23,26.0,24.0,26.0,0.0,0.0,0.0,0.0,0.0,0.0,0,0,0,
2026-09-30T10:42:25,26.0,24.0,26.0,0.0,0.0,0.0,0.0,0.0,0.0,0,0,0,
2026-09-30T10:42:27,26.0,24.0,26.0,0.0,0.0,0.0,0.0,0.0,0.0,0,0,0,
2026-09-30T10:42:29,26.0,24.0,26.0,0.0,0.0,0.0,0.0,0.0,0.0,0,0,0,
2026-09-30T10:42:31,26.0,24.0,26.0,0.0,0.0,0.0,0.0,0.0,0.0,0,0,0,
2026-09-30T10:42:33,26.0,24.0,26.0,0.0,0.0,0.0,0.0,0.0,0.0,0,0,0,
2026-09-30T10:42:35,26.0,24.0,26.0,0.0,0.0,0.0,0.0,0.0,0.0,0,0,0,
2026-09-30T10:42:37,26.0,25.0,26.0,0.0,0.0,0.0,0.0,0.0,0.0,0,0,0,
2026-09-30T10:42:39,26.0,24.0,26.0,0.0,0.0,0.0,0.0,0.0,0.0,0,0,0,
2026-09-30T10:42:41,26.0,25.0,26.0,0.0,0.0,0.0,0.0,0.0,0.0,0,0,0,
2026-09-30T10:42:43,26.0,25.0,26.0,0.0,0.0,0.0,0.0,0.0,0.0,0,0,0,
2026-09-30T10:42:45,26.0,25.0,26.0,0.0,0.0,0.0,0.0,0.0,0.0,0,0,0,
2026-09-30T10:42:47,26.0,24.0,26.0,0.0,0.0,0.0,0.0,0.0,0.0,0,0,0,
2026-09-30T10:42:49,26.0,24.0,26.0,0.0,0.0,0.0,0.0,0.0,0.0,0,0,0,
2026-09-30T10:42:51,26.0,24.0,26.0,0.0,0.0,0.0,0.0,0.0,0.0,0,0,0,
2026-09-30T10:42:54,26.0,24.0,26.0,0.0,0.0,0.0,0.0,0.0,0.0,0,0,0,
2026-09-30T10:42:56,26.0,24.0,26.0,0.0,0.0,0.0,0.0,0.0,0.0,0,0,0,
2026-09-30T10:42:58,26.0,24.0,26.0,0.0,0.0,0.0,0.0,0.0,0.0,0,0,0,
2026-09-30T10:43:00,26.0,24.0,26.0,0.0,0.0,0.0,0.0,0.0,0.0,0,0,0,
2026-09-30T10:43:02,26.0,25.0,26.0,0.0,0.0,0.0,0.0,0.0,0.0,0,0,0,
2026-09-30T10:43:04,26.0,25.0,26.0,0.0,0.0,0.0,0.0,0.0,0.0,0,0,0,
2026-09-30T10:43:06,26.0,25.0,26.0,0.0,0.0,0.0,0.0,0.0,0.0,0,0,0,
2026-09-30T10:43:08,26.0,24.0,26.0,0.0,0.0,0.0,0.0,0.0,0.0,0,0,0,
2026-09-30T10:43:10,26.0,24.0,26.0,0.0,0.0,0.0,0.0,0.0,0.0,0,0,0,
2026-09-30T10:43:12,26.0,24.0,26.0,0.0,0.0,0.0,0.0,0.0,0.0,0,0,0,
2026-09-30T10:43:14,26.0,24.0,26.0,0.0,0.0,0.0,0.0,0.0,0.0,0,0,0,
2026-09-30T10:43:16,26.0,25.0,26.0,0.0,0.0,0.0,0.0,0.0,0.0,0,0,0,
2026-09-30T10:43:18,26.0,24.0,26.0,0.0,0.0,0.0,0.0,0.0,0.0,0,0,0,
2026-09-30T10:43:20,26.0,24.0,26.0,0.0,0.0,0.0,0.0,0.0,0.0,0,0,0,
2026-09-30T10:43:22,26.0,24.0,26.0,0.0,0.0,0.0,0.0,0.0,0.0,0,0,0,
2026-09-30T10:43:24,26.0,24.0,26.0,0.0,0.0,0.0,0.0,0.0,0.0,0,0,0,
2026-09-30T10:43:26,26.0,24.0,26.0,0.0,0.0,0.0,0.0,0.0,0.0,0,0,0,
2026-09-30T10:43:28,26.0,24.0,26.0,0.0,0.0,0.0,0.0,0.0,0.0,0,0,0,
2026-09-30T10:43:30,26.0,24.0,26.0,0.0,0.0,0.0,0.0,0.0,0.0,0,0,0,
2026-09-30T10:43:32,26.0,24.0,26.0,0.0,0.0,0.0,0.0,0.0,0.0,0,0,0,
2026-09-30T10:43:34,26.0,24.0,26.0,0.0,0.0,0.0,0.0,0.0,0.0,0,0,0,
2026-09-30T10:43:36,26.0,24.0,26.0,0.0,0.0,0.0,0.0,0.0,0.0,0,0,0,
2026-09-30T10:43:38,26.0,24.0,26.0,0.0,0.0,0.0,0.0,0.0,0.0,0,0,0,
2026-09-30T10:43:40,26.0,24.0,26.0,0.0,0.0,0.0,0.0,0.0,0.0,0,0,0,
2026-09-30T10:43:42,26.0,24.0,26.0,0.0,0.0,0.0,0.0,0.0,0.0,0,0,0,
2026-09-30T10:43:44,26.0,24.0,26.0,0.0,0.0,0.0,0.0,0.0,0.0,0,0,0,
2026-09-30T10:43:46,26.0,24.0,26.0,0.0,0.0,0.0,0.0,0.0,0.0,0,0,0,
2026-09-30T10:43:48,26.0,24.0,26.0,0.0,0.0,0.0,0.0,0.0,0.0,0,0,0,
2026-09-30T10:43:50,26.0,24.0,26.0,0.0,0.0,0.0,0.0,0.0,0.0,0,0,0,
2026-09-30T10:43:52,26.0,24.0,26.0,0.0,0.0,0.0,0.0,0.0,0.0,0,0,0,
2026-09-30T10:43:54,26.0,24.0,26.0,0.0,0.0,0.0,0.0,0.0,0.0,0,0,0,
2026-09-30T10:43:56,26.0,24.0,26.0,0.0,0.0,0.0,0.0,0.0,0.0,0,0,0,
2026-09-30T10:43:58,26.0,24.0,26.0,0.0,0.0,0.0,0.0,0.0,0.0,0,0,0,
2026-09-30T10:44:00,26.0,25.0,26.0,0.0,0.0,0.0,0.0,0.0,0.0,0,0,0,
2026-09-30T10:44:02,26.0,25.0,26.0,0.0,0.0,0.0,0.0,0.0,0.0,0,0,0,
2026-09-30T10:44:04,26.0,24.0,26.0,0.0,0.0,0.0,0.0,0.0,0.0,0,0,0,
2026-09-30T10:44:06,26.0,24.0,26.0,0.0,0.0,0.0,0.0,0.0,0.0,0,0,0,
2026-09-30T10:44:08,26.0,24.0,26.0,0.0,0.0,0.0,0.0,0.0,0.0,0,0,0,
2026-09-30T10:44:10,26.0,24.0,26.0,0.0,0.0,0.0,0.0,0.0,0.0,0,0,0,
2026-09-30T10:44:12,26.0,24.0,26.0,0.0,0.0,0.0,0.0,0.0,0.0,0,0,0,
2026-09-30T10:44:14,26.0,24.0,26.0,0.0,0.0,0.0,0.0,0.0,0.0,0,0,0,
2026-09-30T10:44:16,26.0,24.0,26.0,0.0,0.0,0.0,0.0,0.0,0.0,0,0,0,
2026-09-30T10:44:18,25.0,24.0,26.0,0.0,0.0,0.0,0.0,0.0,0.0,0,0,0,
2026-09-30T10:44:20,26.0,25.0,26.0,0.0,0.0,0.0,0.0,0.0,0.0,0,0,0,
2026-09-30T10:44:22,26.0,24.0,26.0,0.0,0.0,0.0,0.0,0.0,0.0,0,0,0,
2026-09-30T10:44:24,26.0,25.0,26.0,0.0,0.0,0.0,0.0,0.0,0.0,0,0,0,
2026-09-30T10:44:26,26.0,24.0,26.0,0.0,0.0,0.0,0.0,0.0,0.0,0,0,0,
2026-09-30T10:44:28,26.0,24.0,26.0,0.0,0.0,0.0,0.0,0.0,0.0,0,0,0,
2026-09-30T10:44:30,25.0,24.0,26.0,0.0,0.0,0.0,0.0,0.0,0.0,0,0,0,
2026-09-30T10:44:32,25.0,24.0,26.0,0.0,0.0,0.0,0.0,0.0,0.0,0,0,0,
2026-09-30T10:44:34,25.0,24.0,26.0,0.0,0.0,0.0,0.0,0.0,0.0,0,0,0,
2026-09-30T10:44:36,26.0,24.0,26.0,0.0,0.0,0.0,0.0,0.0,0.0,0,0,0,
2026-09-30T10:44:38,26.0,25.0,26.0,0.0,0.0,0.0,0.0,0.0,0.0,0,0,0,
2026-09-30T10:44:40,26.0,24.0,26.0,0.0,0.0,0.0,0.0,0.0,0.0,0,0,0,
2026-09-30T10:44:42,25.0,24.0,26.0,0.0,0.0,0.0,0.0,0.0,0.0,0,0,0,
2026-09-30T10:44:44,25.0,24.0,26.0,0.0,0.0,0.0,0.0,0.0,0.0,0,0,0,
2026-09-30T10:44:46,25.0,24.0,26.0,0.0,0.0,0.0,0.0,0.0,0.0,0,0,0,
2026-09-30T10:44:48,25.0,24.0,26.0,0.0,0.0,0.0,0.0,0.0,0.0,0,0,0,
2026-09-30T10:44:50,25.0,24.0,26.0,0.0,0.0,0.0,0.0,0.0,0.0,0,0,0,
2026-09-30T10:44:52,25.0,24.0,26.0,0.0,0.0,0.0,0.0,0.0,0.0,0,0,0,
2026-09-30T10:44:54,25.0,24.0,26.0,0.0,0.0,0.0,0.0,0.0,0.0,0,0,0,
2026-09-30T10:44:56,25.0,24.0,26.0,0.0,0.0,0.0,0.0,0.0,0.0,0,0,0,
2026-09-30T10:44:58,25.0,24.0,26.0,0.0,0.0,0.0,0.0,0.0,0.0,0,0,0,
2026-09-30T10:45:00,25.0,24.0,26.0,0.0,0.0,0.0,0.0,0.0,0.0,0,0,0,
2026-09-30T10:45:02,25.0,24.0,26.0,0.0,0.0,0.0,0.0,0.0,0.0,0,0,0,
2026-09-30T10:45:04,25.0,24.0,26.0,0.0,0.0,0.0,0.0,0.0,0.0,0,0,0,
2026-09-30T10:45:06,25.0,24.0,26.0,0.0,0.0,0.0,0.0,0.0,0.0,0,0,0,
2026-09-30T10:45:08,25.0,24.0,26.0,0.0,0.0,0.0,0.0,0.0,0.0,0,0,0,
2026-09-30T10:45:10,25.0,24.0,26.0,0.0,0.0,0.0,0.0,0.0,0.0,0,0,0,
2026-09-30T10:45:12,25.0,24.0,26.0,0.0,0.0,0.0,0.0,0.0,0.0,0,0,0,
2026-09-30T10:45:14,25.0,24.0,26.0,0.0,0.0,0.0,0.0,0.0,0.0,0,0,0,
2026-09-30T10:45:16,25.0,24.0,26.0,0.0,0.0,0.0,0.0,0.0,0.0,0,0,0,
2026-09-30T10:45:18,25.0,24.0,26.0,0.0,0.0,0.0,0.0,0.0,0.0,0,0,0,
2026-09-30T10:45:20,25.0,24.0,26.0,0.0,0.0,0.0,0.0,0.0,0.0,0,0,0,
2026-09-30T10:45:22,25.0,24.0,26.0,0.0,0.0,0.0,0.0,0.0,0.0,0,0,0,
2026-09-30T10:45:24,25.0,24.0,26.0,0.0,0.0,0.0,0.0,0.0,0.0,0,0,0,
2026-09-30T10:45:26,25.0,24.0,26.0,0.0,0.0,0.0,0.0,0.0,0.0,0,0,0,
2026-09-30T10:45:28,25.0,24.0,26.0,0.0,0.0,0.0,0.0,0.0,0.0,0,0,0,
2026-09-30T10:45:30,25.0,24.0,26.0,0.0,0.0,0.0,0.0,0.0,0.0,0,0,0,
2026-09-30T10:45:33,25.0,24.0,26.0,0.0,0.0,0.0,0.0,0.0,0.0,0,0,0,
2026-09-30T10:45:35,25.0,24.0,26.0,0.0,0.0,0.0,0.0,0.0,0.0,0,0,0,
2026-09-30T10:45:37,25.0,24.0,26.0,0.0,0.0,0.0,0.0,0.0,0.0,0,0,0,
2026-09-30T10:45:39,25.0,24.0,26.0,0.0,0.0,0.0,0.0,0.0,0.0,0,0,0,
2026-09-30T10:45:41,25.0,24.0,26.0,0.0,0.0,0.0,0.0,0.0,0.0,0,0,0,
2026-09-30T10:45:43,25.0,24.0,26.0,0.0,0.0,0.0,0.0,0.0,0.0,0,0,0,
2026-09-30T10:45:45,25.0,24.0,26.0,0.0,0.0,0.0,0.0,0.0,0.0,0,0,0,
2026-09-30T10:45:47,25.0,24.0,26.0,0.0,0.0,0.0,0.0,0.0,0.0,0,0,0,
2026-09-30T10:45:49,25.0,24.0,26.0,0.0,0.0,0.0,0.0,0.0,0.0,0,0,0,
2026-09-30T10:45:51,25.0,24.0,26.0,0.0,0.0,0.0,0.0,0.0,0.0,0,0,0,
2026-09-30T10:45:53,25.0,24.0,26.0,0.0,0.0,0.0,0.0,0.0,0.0,0,0,0,
2026-09-30T10:45:55,25.0,24.0,26.0,0.0,0.0,0.0,0.0,0.0,0.0,0,0,0,
2026-09-30T10:45:57,25.0,25.0,26.0,0.0,0.0,0.0,0.0,0.0,0.0,0,0,0,
2026-09-30T10:45:59,25.0,24.0,26.0,0.0,0.0,0.0,0.0,0.0,0.0,0,0,0,
2026-09-30T10:46:01,25.0,24.0,26.0,0.0,0.0,0.0,0.0,0.0,0.0,0,0,0,
2026-09-30T10:46:03,25.0,24.0,26.0,0.0,0.0,0.0,0.0,0.0,0.0,0,0,0,
2026-09-30T10:46:05,25.0,24.0,26.0,0.0,0.0,0.0,0.0,0.0,0.0,0,0,0,
2026-09-30T10:46:07,25.0,24.0,26.0,0.0,0.0,0.0,0.0,0.0,0.0,0,0,0,
2026-09-30T10:46:09,25.0,24.0,26.0,0.0,0.0,0.0,0.0,0.0,0.0,0,0,0,
2026-09-30T10:46:11,25.0,24.0,26.0,0.0,0.0,0.0,0.0,0.0,0.0,0,0,0,
2026-09-30T10:46:13,25.0,24.0,26.0,0.0,0.0,0.0,0.0,0.0,0.0,0,0,0,
2026-09-30T10:46:15,25.0,24.0,26.0,0.0,0.0,0.0,0.0,0.0,0.0,0,0,0,
2026-09-30T10:46:17,25.0,24.0,26.0,0.0,0.0,0.0,0.0,0.0,0.0,0,0,0,
2026-09-30T10:46:19,25.0,24.0,26.0,0.0,0.0,0.0,0.0,0.0,0.0,0,0,0,
2026-09-30T10:46:21,25.0,24.0,26.0,0.0,0.0,0.0,0.0,0.0,0.0,0,0,0,
2026-09-30T10:46:23,25.0,24.0,26.0,0.0,0.0,0.0,0.0,0.0,0.0,0,0,0,
2026-09-30T10:46:25,25.0,24.0,26.0,0.0,0.0,0.0,0.0,0.0,0.0,0,0,0,
2026-09-30T10:46:27,25.0,24.0,26.0,0.0,0.0,0.0,0.0,0.0,0.0,0,0,0,
2026-09-30T10:46:29,25.0,24.0,26.0,0.0,0.0,0.0,0.0,0.0,0.0,0,0,0,
2026-09-30T10:46:31,25.0,24.0,26.0,0.0,0.0,0.0,0.0,0.0,0.0,0,0,0,
2026-09-30T10:46:33,25.0,24.0,26.0,0.0,0.0,0.0,0.0,0.0,0.0,0,0,0,
2026-09-30T10:46:35,25.0,24.0,26.0,0.0,0.0,0.0,0.0,0.0,0.0,0,0,0,
2026-09-30T10:46:37,25.0,24.0,26.0,0.0,0.0,0.0,0.0,0.0,0.0,0,0,0,
2026-09-30T10:46:39,25.0,24.0,26.0,0.0,0.0,0.0,0.0,0.0,0.0,0,0,0,
2026-09-30T10:46:41,25.0,24.0,26.0,0.0,0.0,0.0,0.0,0.0,0.0,0,0,0,
2026-09-30T10:46:43,25.0,24.0,26.0,0.0,0.0,0.0,0.0,0.0,0.0,0,0,0,
2026-09-30T10:46:45,25.0,24.0,26.0,0.0,0.0,0.0,0.0,0.0,0.0,0,0,0,
2026-09-30T10:46:47,25.0,24.0,26.0,0.0,0.0,0.0,0.0,0.0,0.0,0,0,0,
2026-09-30T10:46:49,25.0,24.0,26.0,0.0,0.0,0.0,0.0,0.0,0.0,0,0,0,
2026-09-30T10:46:51,25.0,24.0,26.0,0.0,0.0,0.0,0.0,0.0,0.0,0,0,0,
2026-09-30T10:46:53,25.0,24.0,26.0,0.0,0.0,0.0,0.0,0.0,0.0,0,0,0,
2026-09-30T10:46:55,25.0,24.0,26.0,0.0,0.0,0.0,0.0,0.0,0.0,0,0,0,
2026-09-30T10:46:57,25.0,24.0,26.0,0.0,0.0,0.0,0.0,0.0,0.0,0,0,0,
2026-09-30T10:46:59,25.0,24.0,26.0,0.0,0.0,0.0,0.0,0.0,0.0,0,0,0,
2026-09-30T10:47:01,25.0,24.0,26.0,0.0,0.0,0.0,0.0,0.0,0.0,0,0,0,
2026-09-30T10:47:03,25.0,24.0,26.0,0.0,0.0,0.0,0.0,0.0,0.0,0,0,0,
2026-09-30T10:47:05,25.0,24.0,26.0,0.0,0.0,0.0,0.0,0.0,0.0,0,0,0,
2026-09-30T10:47:07,25.0,25.0,26.0,0.0,0.0,0.0,0.0,0.0,0.0,0,0,0,
2026-09-30T10:47:09,25.0,24.0,26.0,0.0,0.0,0.0,0.0,0.0,0.0,0,0,0,
2026-09-30T10:47:11,25.0,24.0,26.0,0.0,0.0,0.0,0.0,0.0,0.0,0,0,0,
2026-09-30T10:47:13,25.0,24.0,26.0,0.0,0.0,0.0,0.0,0.0,0.0,0,0,0,
2026-09-30T10:47:15,25.0,24.0,26.0,0.0,0.0,0.0,0.0,0.0,0.0,0,0,0,
2026-09-30T10:47:17,25.0,24.0,26.0,0.0,0.0,0.0,0.0,0.0,0.0,0,0,0,
2026-09-30T10:47:19,25.0,24.0,26.0,0.0,0.0,0.0,0.0,0.0,0.0,0,0,0,
2026-09-30T10:47:21,25.0,24.0,26.0,0.0,0.0,0.0,0.0,0.0,0.0,0,0,0,
2026-09-30T10:47:23,25.0,24.0,26.0,0.0,0.0,0.0,0.0,0.0,0.0,0,0,0,
2026-09-30T10:47:25,25.0,24.0,26.0,0.0,0.0,0.0,0.0,0.0,0.0,0,0,0,
2026-09-30T10:47:27,25.0,24.0,25.0,0.0,0.0,0.0,0.0,0.0,0.0,0,0,0,
2026-09-30T10:47:29,25.0,24.0,26.0,0.0,0.0,0.0,0.0,0.0,0.0,0,0,0,
2026-09-30T10:47:31,25.0,24.0,26.0,0.0,0.0,0.0,0.0,0.0,0.0,0,0,0,
2026-09-30T10:47:33,25.0,24.0,26.0,0.0,0.0,0.0,0.0,0.0,0.0,0,0,0,
2026-09-30T10:47:35,25.0,24.0,25.0,0.0,0.0,0.0,0.0,0.0,0.0,0,0,0,
2026-09-30T10:47:37,25.0,24.0,26.0,0.0,0.0,0.0,0.0,0.0,0.0,0,0,0,
2026-09-30T10:47:39,25.0,24.0,26.0,0.0,0.0,0.0,0.0,0.0,0.0,0,0,0,
2026-09-30T10:47:41,25.0,25.0,26.0,0.0,0.0,0.0,0.0,0.0,0.0,0,0,0,
2026-09-30T10:47:43,25.0,24.0,26.0,0.0,0.0,0.0,0.0,0.0,0.0,0,0,0,
2026-09-30T10:47:45,25.0,24.0,26.0,0.0,0.0,0.0,0.0,0.0,0.0,0,0,0,
2026-09-30T10:47:47,25.0,24.0,26.0,0.0,0.0,0.0,0.0,0.0,0.0,0,0,0,
2026-09-30T10:47:49,25.0,24.0,26.0,0.0,0.0,0.0,0.0,0.0,0.0,0,0,0,
2026-09-30T10:47:51,25.0,24.0,26.0,0.0,0.0,0.0,0.0,0.0,0.0,0,0,0,
2026-09-30T10:47:53,25.0,24.0,26.0,0.0,0.0,0.0,0.0,0.0,0.0,0,0,0,
2026-09-30T10:47:56,25.0,24.0,26.0,0.0,0.0,0.0,0.0,0.0,0.0,0,0,0,
2026-09-30T10:47:58,25.0,24.0,25.0,0.0,0.0,0.0,0.0,0.0,0.0,0,0,0,
2026-09-30T10:48:00,25.0,24.0,26.0,0.0,0.0,0.0,0.0,0.0,0.0,0,0,0,
2026-09-30T10:48:02,25.0,24.0,26.0,0.0,0.0,0.0,0.0,0.0,0.0,0,0,0,
2026-09-30T10:48:04,25.0,24.0,26.0,0.0,0.0,0.0,0.0,0.0,0.0,0,0,0,
2026-09-30T10:48:06,25.0,24.0,26.0,0.0,0.0,0.0,0.0,0.0,0.0,0,0,0,
2026-09-30T10:48:08,25.0,24.0,26.0,0.0,0.0,0.0,0.0,0.0,0.0,0,0,0,
2026-09-30T10:48:10,25.0,24.0,26.0,0.0,0.0,0.0,0.0,0.0,0.0,0,0,0,
2026-09-30T10:48:12,25.0,24.0,26.0,0.0,0.0,0.0,0.0,0.0,0.0,0,0,0,
2026-09-30T10:48:14,25.0,24.0,26.0,0.0,0.0,0.0,0.0,0.0,0.0,0,0,0,
2026-09-30T10:48:16,25.0,24.0,25.0,0.0,0.0,0.0,0.0,0.0,0.0,0,0,0,
2026-09-30T10:48:18,25.0,24.0,26.0,0.0,0.0,0.0,0.0,0.0,0.0,0,0,0,
2026-09-30T10:48:20,25.0,24.0,26.0,0.0,0.0,0.0,0.0,0.0,0.0,0,0,0,
2026-09-30T10:48:22,25.0,24.0,26.0,0.0,0.0,0.0,0.0,0.0,0.0,0,0,0,
2026-09-30T10:48:24,25.0,24.0,26.0,0.0,0.0,0.0,0.0,0.0,0.0,0,0,0,
2026-09-30T10:48:26,25.0,24.0,26.0,0.0,0.0,0.0,0.0,0.0,0.0,0,0,0,
2026-09-30T10:48:28,25.0,24.0,26.0,0.0,0.0,0.0,0.0,0.0,0.0,0,0,0,
2026-09-30T10:48:30,25.0,24.0,26.0,0.0,0.0,0.0,0.0,0.0,0.0,0,0,0,
2026-09-30T10:48:32,25.0,24.0,25.0,0.0,0.0,0.0,0.0,0.0,0.0,0,0,0,
2026-09-30T10:48:34,25.0,24.0,26.0,0.0,0.0,0.0,0.0,0.0,0.0,0,0,0,
2026-09-30T10:48:36,25.0,24.0,26.0,0.0,0.0,0.0,0.0,0.0,0.0,0,0,0,
2026-09-30T10:48:38,25.0,24.0,26.0,0.0,0.0,0.0,0.0,0.0,0.0,0,0,0,
2026-09-30T10:48:40,25.0,24.0,26.0,0.0,0.0,0.0,0.0,0.0,0.0,0,0,0,
2026-09-30T10:48:42,25.0,24.0,26.0,0.0,0.0,0.0,0.0,0.0,0.0,0,0,0,
2026-09-30T10:48:44,25.0,24.0,26.0,0.0,0.0,0.0,0.0,0.0,0.0,0,0,0,
2026-09-30T10:48:46,25.0,24.0,26.0,0.0,0.0,0.0,0.0,0.0,0.0,0,0,0,
2026-09-30T10:48:48,25.0,24.0,26.0,0.0,0.0,0.0,0.0,0.0,0.0,0,0,0,
2026-09-30T10:48:50,25.0,24.0,26.0,0.0,0.0,0.0,0.0,0.0,0.0,0,0,0,
2026-09-30T10:48:52,25.0,24.0,26.0,0.0,0.0,0.0,0.0,0.0,0.0,0,0,0,
2026-09-30T10:48:54,25.0,24.0,26.0,0.0,0.0,0.0,0.0,0.0,0.0,0,0,0,
2026-09-30T10:48:56,25.0,24.0,26.0,0.0,0.0,0.0,0.0,0.0,0.0,0,0,0,
2026-09-30T10:48:58,25.0,24.0,26.0,0.0,0.0,0.0,0.0,0.0,0.0,0,0,0,
2026-09-30T10:49:00,25.0,24.0,26.0,0.0,0.0,0.0,0.0,0.0,0.0,0,0,0,
2026-09-30T10:49:02,25.0,24.0,26.0,0.0,0.0,0.0,0.0,0.0,0.0,0,0,0,
2026-09-30T10:49:04,25.0,24.0,26.0,0.0,0.0,0.0,0.0,0.0,0.0,0,0,0,
2026-09-30T10:49:06,25.0,24.0,26.0,0.0,0.0,0.0,0.0,0.0,0.0,0,0,0,
2026-09-30T10:49:08,25.0,24.0,25.0,0.0,0.0,0.0,0.0,0.0,0.0,0,0,0,
2026-09-30T10:49:10,25.0,24.0,25.0,0.0,0.0,0.0,0.0,0.0,0.0,0,0,0,
2026-09-30T10:49:12,25.0,24.0,26.0,0.0,0.0,0.0,0.0,0.0,0.0,0,0,0,
2026-09-30T10:49:14,25.0,24.0,26.0,0.0,0.0,0.0,0.0,0.0,0.0,0,0,0,
2026-09-30T10:49:16,25.0,24.0,26.0,0.0,0.0,0.0,0.0,0.0,0.0,0,0,0,
2026-09-30T10:49:18,25.0,24.0,26.0,0.0,0.0,0.0,0.0,0.0,0.0,0,0,0,
2026-09-30T10:49:20,25.0,24.0,26.0,0.0,0.0,0.0,0.0,0.0,0.0,0,0,0,
2026-09-30T10:49:22,25.0,24.0,26.0,0.0,0.0,0.0,0.0,0.0,0.0,0,0,0,
2026-09-30T10:49:24,25.0,24.0,26.0,0.0,0.0,0.0,0.0,0.0,0.0,0,0,0,
2026-09-30T10:49:26,25.0,24.0,26.0,0.0,0.0,0.0,0.0,0.0,0.0,0,0,0,
2026-09-30T10:49:28,25.0,24.0,25.0,0.0,0.0,0.0,0.0,0.0,0.0,0,0,0,
2026-09-30T10:49:30,25.0,24.0,26.0,0.0,0.0,0.0,0.0,0.0,0.0,0,0,0,
2026-09-30T10:49:32,25.0,24.0,26.0,0.0,0.0,0.0,0.0,0.0,0.0,0,0,0,
2026-09-30T10:49:34,25.0,24.0,25.0,0.0,0.0,0.0,0.0,0.0,0.0,0,0,0,
2026-09-30T10:49:36,25.0,24.0,26.0,0.0,0.0,0.0,0.0,0.0,0.0,0,0,0,
2026-09-30T10:49:38,25.0,24.0,26.0,0.0,0.0,0.0,0.0,0.0,0.0,0,0,0,
2026-09-30T10:49:40,25.0,24.0,25.0,0.0,0.0,0.0,0.0,0.0,0.0,0,0,0,
2026-09-30T10:49:42,25.0,24.0,25.0,0.0,0.0,0.0,0.0,0.0,0.0,0,0,0,
2026-09-30T10:49:44,25.0,24.0,25.0,0.0,0.0,0.0,0.0,0.0,0.0,0,0,0,
2026-09-30T10:49:46,25.0,24.0,25.0,0.0,0.0,0.0,0.0,0.0,0.0,0,0,0,
2026-09-30T10:49:48,25.0,24.0,25.0,0.0,0.0,0.0,0.0,0.0,0.0,0,0,0,
2026-09-30T10:49:50,25.0,24.0,25.0,0.0,0.0,0.0,0.0,0.0,0.0,0,0,0,
2026-09-30T10:49:52,25.0,24.0,26.0,0.0,0.0,0.0,0.0,0.0,0.0,0,0,0,
2026-09-30T10:49:54,25.0,24.0,26.0,0.0,0.0,0.0,0.0,0.0,0.0,0,0,0,
2026-09-30T10:49:56,25.0,24.0,25.0,0.0,0.0,0.0,0.0,0.0,0.0,0,0,0,
2026-09-30T10:49:58,25.0,24.0,25.0,0.0,0.0,0.0,0.0,0.0,0.0,0,0,0,
2026-09-30T10:50:00,25.0,24.0,25.0,0.0,0.0,0.0,0.0,0.0,0.0,0,0,0,
2026-09-30T10:50:02,25.0,24.0,26.0,0.0,0.0,0.0,0.0,0.0,0.0,0,0,0,
2026-09-30T10:50:04,25.0,24.0,26.0,0.0,0.0,0.0,0.0,0.0,0.0,0,0,0,
2026-09-30T10:50:06,25.0,24.0,26.0,0.0,0.0,0.0,0.0,0.0,0.0,0,0,0,
2026-09-30T10:50:08,25.0,24.0,25.0,0.0,0.0,0.0,0.0,0.0,0.0,0,0,0,
2026-09-30T10:50:10,25.0,24.0,26.0,0.0,0.0,0.0,0.0,0.0,0.0,0,0,0,
2026-09-30T10:50:12,25.0,24.0,26.0,0.0,0.0,0.0,0.0,0.0,0.0,0,0,0,
2026-09-30T10:50:14,25.0,24.0,26.0,0.0,0.0,0.0,0.0,0.0,0.0,0,0,0,
2026-09-30T10:50:16,25.0,24.0,25.0,0.0,0.0,0.0,0.0,0.0,0.0,0,0,0,
2026-09-30T10:50:18,25.0,24.0,25.0,0.0,0.0,0.0,0.0,0.0,0.0,0,0,0,
2026-09-30T10:50:20,25.0,24.0,25.0,0.0,0.0,0.0,0.0,0.0,0.0,0,0,0,
2026-09-30T10:50:22,25.0,24.0,25.0,0.0,0.0,0.0,0.0,0.0,0.0,0,0,0,
2026-09-30T10:50:24,25.0,24.0,25.0,0.0,0.0,0.0,0.0,0.0,0.0,0,0,0,
2026-09-30T10:50:26,25.0,24.0,26.0,0.0,0.0,0.0,0.0,0.0,0.0,0,0,0,
2026-09-30T10:50:28,25.0,24.0,25.0,0.0,0.0,0.0,0.0,0.0,0.0,0,0,0,
2026-09-30T10:50:30,25.0,24.0,25.0,0.0,0.0,0.0,0.0,0.0,0.0,0,0,0,
2026-09-30T10:50:32,25.0,24.0,25.0,0.0,0.0,0.0,0.0,0.0,0.0,0,0,0,
2026-09-30T10:50:34,25.0,24.0,25.0,0.0,0.0,0.0,0.0,0.0,0.0,0,0,0,
2026-09-30T10:50:36,25.0,24.0,25.0,0.0,0.0,0.0,0.0,0.0,0.0,0,0,0,
2026-09-30T10:50:38,25.0,24.0,25.0,0.0,0.0,0.0,0.0,0.0,0.0,0,0,0,
2026-09-30T10:50:40,25.0,24.0,26.0,0.0,0.0,0.0,0.0,0.0,0.0,0,0,0,
2026-09-30T10:50:43,25.0,24.0,25.0,0.0,0.0,0.0,0.0,0.0,0.0,0,0,0,
2026-09-30T10:50:45,25.0,24.0,25.0,0.0,0.0,0.0,0.0,0.0,0.0,0,0,0,
2026-09-30T10:50:47,25.0,24.0,25.0,0.0,0.0,0.0,0.0,0.0,0.0,0,0,0,
2026-09-30T10:50:49,25.0,24.0,25.0,0.0,0.0,0.0,0.0,0.0,0.0,0,0,0,
2026-09-30T10:50:51,25.0,24.0,26.0,0.0,0.0,0.0,0.0,0.0,0.0,0,0,0,
2026-09-30T10:50:53,25.0,24.0,25.0,0.0,0.0,0.0,0.0,0.0,0.0,0,0,0,
2026-09-30T10:50:55,25.0,24.0,26.0,0.0,0.0,0.0,0.0,0.0,0.0,0,0,0,
2026-09-30T10:50:57,25.0,24.0,25.0,0.0,0.0,0.0,0.0,0.0,0.0,0,0,0,
2026-09-30T10:50:59,25.0,24.0,25.0,0.0,0.0,0.0,0.0,0.0,0.0,0,0,0,
2026-09-30T10:51:01,25.0,24.0,25.0,0.0,0.0,0.0,0.0,0.0,0.0,0,0,0,
2026-09-30T10:51:03,25.0,24.0,26.0,0.0,0.0,0.0,0.0,0.0,0.0,0,0,0,
2026-09-30T10:51:05,25.0,24.0,26.0,0.0,0.0,0.0,0.0,0.0,0.0,0,0,0,
2026-09-30T10:51:07,25.0,24.0,25.0,0.0,0.0,0.0,0.0,0.0,0.0,0,0,0,
2026-09-30T10:51:09,25.0,24.0,25.0,0.0,0.0,0.0,0.0,0.0,0.0,0,0,0,
2026-09-30T10:51:11,25.0,24.0,26.0,0.0,0.0,0.0,0.0,0.0,0.0,0,0,0,
2026-09-30T10:51:13,25.0,24.0,26.0,0.0,0.0,0.0,0.0,0.0,0.0,0,0,0,
2026-09-30T10:51:15,25.0,24.0,25.0,0.0,0.0,0.0,0.0,0.0,0.0,0,0,0,
2026-09-30T10:51:17,25.0,24.0,26.0,0.0,0.0,0.0,0.0,0.0,0.0,0,0,0,
2026-09-30T10:51:19,25.0,24.0,26.0,0.0,0.0,0.0,0.0,0.0,0.0,0,0,0,
2026-09-30T10:51:21,25.0,24.0,25.0,0.0,0.0,0.0,0.0,0.0,0.0,0,0,0,
2026-09-30T10:51:23,25.0,24.0,25.0,0.0,0.0,0.0,0.0,0.0,0.0,0,0,0,
2026-09-30T10:51:25,25.0,24.0,25.0,0.0,0.0,0.0,0.0,0.0,0.0,0,0,0,
2026-09-30T10:51:27,25.0,24.0,25.0,0.0,0.0,0.0,0.0,0.0,0.0,0,0,0,
2026-09-30T10:51:29,25.0,24.0,25.0,0.0,0.0,0.0,0.0,0.0,0.0,0,0,0,
2026-09-30T10:51:31,25.0,24.0,25.0,0.0,0.0,0.0,0.0,0.0,0.0,0,0,0,
2026-09-30T10:51:33,25.0,24.0,26.0,0.0,0.0,0.0,0.0,0.0,0.0,0,0,0,
2026-09-30T10:51:35,25.0,24.0,25.0,0.0,0.0,0.0,0.0,0.0,0.0,0,0,0,
2026-09-30T10:51:37,25.0,24.0,26.0,0.0,0.0,0.0,0.0,0.0,0.0,0,0,0,
2026-09-30T10:51:39,25.0,24.0,25.0,0.0,0.0,0.0,0.0,0.0,0.0,0,0,0,
2026-09-30T10:51:41,25.0,24.0,25.0,0.0,0.0,0.0,0.0,0.0,0.0,0,0,0,
2026-09-30T10:51:43,25.0,24.0,25.0,0.0,0.0,0.0,0.0,0.0,0.0,0,0,0,
2026-09-30T10:51:45,25.0,24.0,25.0,0.0,0.0,0.0,0.0,0.0,0.0,0,0,0,
2026-09-30T10:51:47,25.0,24.0,26.0,0.0,0.0,0.0,0.0,0.0,0.0,0,0,0,
2026-09-30T10:51:49,25.0,24.0,25.0,0.0,0.0,0.0,0.0,0.0,0.0,0,0,0,
2026-09-30T10:51:51,25.0,24.0,25.0,0.0,0.0,0.0,0.0,0.0,0.0,0,0,0,
2026-09-30T10:51:53,25.0,24.0,26.0,0.0,0.0,0.0,0.0,0.0,0.0,0,0,0,
2026-09-30T10:51:55,25.0,24.0,25.0,0.0,0.0,0.0,0.0,0.0,0.0,0,0,0,
2026-09-30T10:51:57,25.0,24.0,25.0,0.0,0.0,0.0,0.0,0.0,0.0,0,0,0,
2026-09-30T10:51:59,25.0,24.0,26.0,0.0,0.0,0.0,0.0,0.0,0.0,0,0,0,
2026-09-30T10:52:01,25.0,24.0,26.0,0.0,0.0,0.0,0.0,0.0,0.0,0,0,0,
2026-09-30T10:52:03,25.0,24.0,25.0,0.0,0.0,0.0,0.0,0.0,0.0,0,0,0,
2026-09-30T10:52:05,25.0,24.0,25.0,0.0,0.0,0.0,0.0,0.0,0.0,0,0,0,
2026-09-30T10:52:07,25.0,24.0,26.0,0.0,0.0,0.0,0.0,0.0,0.0,0,0,0,
2026-09-30T10:52:09,25.0,24.0,25.0,0.0,0.0,0.0,0.0,0.0,0.0,0,0,0,
2026-09-30T10:52:11,25.0,24.0,25.0,0.0,0.0,0.0,0.0,0.0,0.0,0,0,0,
2026-09-30T10:52:13,25.0,24.0,25.0,0.0,0.0,0.0,0.0,0.0,0.0,0,0,0,
2026-09-30T10:52:15,25.0,24.0,25.0,0.0,0.0,0.0,0.0,0.0,0.0,0,0,0,
2026-09-30T10:52:17,25.0,24.0,26.0,0.0,0.0,0.0,0.0,0.0,0.0,0,0,0,
2026-09-30T10:52:19,25.0,24.0,25.0,0.0,0.0,0.0,0.0,0.0,0.0,0,0,0,
2026-09-30T10:52:21,25.0,24.0,25.0,0.0,0.0,0.0,0.0,0.0,0.0,0,0,0,
2026-09-30T10:52:23,25.0,24.0,25.0,0.0,0.0,0.0,0.0,0.0,0.0,0,0,0,
2026-09-30T10:52:25,25.0,24.0,25.0,0.0,0.0,0.0,0.0,0.0,0.0,0,0,0,
2026-09-30T10:52:27,25.0,24.0,26.0,0.0,0.0,0.0,0.0,0.0,0.0,0,0,0,
2026-09-30T10:52:29,25.0,24.0,25.0,0.0,0.0,0.0,0.0,0.0,0.0,0,0,0,
2026-09-30T10:52:31,25.0,24.0,25.0,0.0,0.0,0.0,0.0,0.0,0.0,0,0,0,
2026-09-30T10:52:33,25.0,24.0,25.0,0.0,0.0,0.0,0.0,0.0,0.0,0,0,0,
2026-09-30T10:52:35,25.0,24.0,25.0,0.0,0.0,0.0,0.0,0.0,0.0,0,0,0,
2026-09-30T10:52:37,25.0,24.0,25.0,0.0,0.0,0.0,0.0,0.0,0.0,0,0,0,
2026-09-30T10:52:39,25.0,24.0,25.0,0.0,0.0,0.0,0.0,0.0,0.0,0,0,0,
2026-09-30T10:52:41,25.0,24.0,25.0,0.0,0.0,0.0,0.0,0.0,0.0,0,0,0,
2026-09-30T10:52:43,25.0,24.0,25.0,0.0,0.0,0.0,0.0,0.0,0.0,0,0,0,
2026-09-30T10:52:45,25.0,24.0,26.0,0.0,0.0,0.0,0.0,0.0,0.0,0,0,0,
2026-09-30T10:52:47,25.0,24.0,25.0,0.0,0.0,0.0,0.0,0.0,0.0,0,0,0,
2026-09-30T10:52:49,25.0,24.0,25.0,0.0,0.0,0.0,0.0,0.0,0.0,0,0,0,
2026-09-30T10:52:51,25.0,24.0,25.0,0.0,0.0,0.0,0.0,0.0,0.0,0,0,0,
2026-09-30T10:52:53,25.0,24.0,25.0,0.0,0.0,0.0,0.0,0.0,0.0,0,0,0,
2026-09-30T10:52:55,25.0,24.0,25.0,0.0,0.0,0.0,0.0,0.0,0.0,0,0,0,
2026-09-30T10:52:57,25.0,24.0,25.0,0.0,0.0,0.0,0.0,0.0,0.0,0,0,0,
2026-09-30T10:52:59,25.0,24.0,25.0,0.0,0.0,0.0,0.0,0.0,0.0,0,0,0,
2026-09-30T10:53:01,25.0,24.0,25.0,0.0,0.0,0.0,0.0,0.0,0.0,0,0,0,
2026-09-30T10:53:03,25.0,24.0,25.0,0.0,0.0,0.0,0.0,0.0,0.0,0,0,0,
2026-09-30T10:53:05,25.0,24.0,25.0,0.0,0.0,0.0,0.0,0.0,0.0,0,0,0,
2026-09-30T10:53:07,25.0,24.0,25.0,0.0,0.0,0.0,0.0,0.0,0.0,0,0,0,
2026-09-30T10:53:09,25.0,24.0,25.0,0.0,0.0,0.0,0.0,0.0,0.0,0,0,0,
2026-09-30T10:53:11,25.0,24.0,25.0,0.0,0.0,0.0,0.0,0.0,0.0,0,0,0,
2026-09-30T10:53:14,25.0,24.0,25.0,0.0,0.0,0.0,0.0,0.0,0.0,0,0,0,
2026-09-30T10:53:16,25.0,24.0,25.0,0.0,0.0,0.0,0.0,0.0,0.0,0,0,0,
2026-09-30T10:53:18,25.0,24.0,25.0,0.0,0.0,0.0,0.0,0.0,0.0,0,0,0,
2026-09-30T10:53:20,25.0,24.0,25.0,0.0,0.0,0.0,0.0,0.0,0.0,0,0,0,
2026-09-30T10:53:22,25.0,24.0,25.0,0.0,0.0,0.0,0.0,0.0,0.0,0,0,0,
2026-09-30T10:53:24,25.0,24.0,26.0,0.0,0.0,0.0,0.0,0.0,0.0,0,0,0,
2026-09-30T10:53:26,25.0,24.0,25.0,0.0,0.0,0.0,0.0,0.0,0.0,0,0,0,
2026-09-30T10:53:28,25.0,24.0,25.0,0.0,0.0,0.0,0.0,0.0,0.0,0,0,0,
2026-09-30T10:53:30,25.0,24.0,26.0,0.0,0.0,0.0,0.0,0.0,0.0,0,0,0,
2026-09-30T10:53:32,25.0,24.0,25.0,0.0,0.0,0.0,0.0,0.0,0.0,0,0,0,
2026-09-30T10:53:34,25.0,24.0,26.0,0.0,0.0,0.0,0.0,0.0,0.0,0,0,0,
2026-09-30T10:53:36,25.0,24.0,25.0,0.0,0.0,0.0,0.0,0.0,0.0,0,0,0,
2026-09-30T10:53:38,25.0,24.0,25.0,0.0,0.0,0.0,0.0,0.0,0.0,0,0,0,
2026-09-30T10:53:40,25.0,24.0,26.0,0.0,0.0,0.0,0.0,0.0,0.0,0,0,0,
2026-09-30T10:53:42,25.0,24.0,25.0,0.0,0.0,0.0,0.0,0.0,0.0,0,0,0,
2026-09-30T10:53:44,25.0,25.0,25.0,0.0,0.0,0.0,0.0,0.0,0.0,0,0,0,
2026-09-30T10:53:46,25.0,24.0,25.0,0.0,0.0,0.0,0.0,0.0,0.0,0,0,0,
2026-09-30T10:53:48,25.0,24.0,25.0,0.0,0.0,0.0,0.0,0.0,0.0,0,0,0,
2026-09-30T10:53:50,25.0,24.0,26.0,0.0,0.0,0.0,0.0,0.0,0.0,0,0,0,
2026-09-30T10:53:52,25.0,24.0,26.0,0.0,0.0,0.0,0.0,0.0,0.0,0,0,0,
2026-09-30T10:53:54,25.0,24.0,26.0,0.0,0.0,0.0,0.0,0.0,0.0,0,0,0,
2026-09-30T10:53:56,25.0,24.0,25.0,0.0,0.0,0.0,0.0,0.0,0.0,0,0,0,
2026-09-30T10:53:58,25.0,24.0,25.0,0.0,0.0,0.0,0.0,0.0,0.0,0,0,0,
2026-09-30T10:54:00,25.0,24.0,25.0,0.0,0.0,0.0,0.0,0.0,0.0,0,0,0,
2026-09-30T10:54:02,25.0,24.0,25.0,0.0,0.0,0.0,0.0,0.0,0.0,0,0,0,
2026-09-30T10:54:04,25.0,24.0,25.0,0.0,0.0,0.0,0.0,0.0,0.0,0,0,0,
2026-09-30T10:54:06,25.0,24.0,26.0,0.0,0.0,0.0,0.0,0.0,0.0,0,0,0,
2026-09-30T10:54:08,25.0,24.0,25.0,0.0,0.0,0.0,0.0,0.0,0.0,0,0,0,
2026-09-30T10:54:10,25.0,24.0,25.0,0.0,0.0,0.0,0.0,0.0,0.0,0,0,0,
2026-09-30T10:54:12,25.0,24.0,25.0,0.0,0.0,0.0,0.0,0.0,0.0,0,0,0,
2026-09-30T10:54:14,25.0,24.0,25.0,0.0,0.0,0.0,0.0,0.0,0.0,0,0,0,
2026-09-30T10:54:16,25.0,24.0,25.0,0.0,0.0,0.0,0.0,0.0,0.0,0,0,0,
2026-09-30T10:54:18,25.0,24.0,25.0,0.0,0.0,0.0,0.0,0.0,0.0,0,0,0,
2026-09-30T10:54:20,25.0,24.0,25.0,0.0,0.0,0.0,0.0,0.0,0.0,0,0,0,
2026-09-30T10:54:22,25.0,24.0,25.0,0.0,0.0,0.0,0.0,0.0,0.0,0,0,0,
2026-09-30T10:54:24,25.0,24.0,25.0,0.0,0.0,0.0,0.0,0.0,0.0,0,0,0,
2026-09-30T10:54:26,25.0,24.0,26.0,0.0,0.0,0.0,0.0,0.0,0.0,0,0,0,
2026-09-30T10:54:28,25.0,24.0,26.0,0.0,0.0,0.0,0.0,0.0,0.0,0,0,0,
2026-09-30T10:54:30,25.0,24.0,25.0,0.0,0.0,0.0,0.0,0.0,0.0,0,0,0,
2026-09-30T10:54:32,25.0,24.0,26.0,0.0,0.0,0.0,0.0,0.0,0.0,0,0,0,
2026-09-30T10:54:34,25.0,24.0,26.0,0.0,0.0,0.0,0.0,0.0,0.0,0,0,0,
2026-09-30T10:54:36,25.0,24.0,26.0,0.0,0.0,0.0,0.0,0.0,0.0,0,0,0,
2026-09-30T10:54:38,25.0,24.0,26.0,0.0,0.0,0.0,0.0,0.0,0.0,0,0,0,
2026-09-30T10:54:40,25.0,24.0,25.0,0.0,0.0,0.0,0.0,0.0,0.0,0,0,0,
2026-09-30T10:54:42,25.0,24.0,26.0,0.0,0.0,0.0,0.0,0.0,0.0,0,0,0,
2026-09-30T10:54:44,25.0,24.0,25.0,0.0,0.0,0.0,0.0,0.0,0.0,0,0,0,
2026-09-30T10:54:46,25.0,24.0,25.0,0.0,0.0,0.0,0.0,0.0,0.0,0,0,0,
2026-09-30T10:54:48,25.0,24.0,25.0,0.0,0.0,0.0,0.0,0.0,0.0,0,0,0,
2026-09-30T10:54:50,25.0,24.0,25.0,0.0,0.0,0.0,0.0,0.0,0.0,0,0,0,
2026-09-30T10:54:52,25.0,24.0,25.0,0.0,0.0,0.0,0.0,0.0,0.0,0,0,0,
2026-09-30T10:54:54,25.0,24.0,26.0,0.0,0.0,0.0,0.0,0.0,0.0,0,0,0,
2026-09-30T10:54:56,25.0,24.0,26.0,0.0,0.0,0.0,0.0,0.0,0.0,0,0,0,
2026-09-30T10:54:58,25.0,24.0,25.0,0.0,0.0,0.0,0.0,0.0,0.0,0,0,0,
2026-09-30T10:55:00,25.0,24.0,25.0,0.0,0.0,0.0,0.0,0.0,0.0,0,0,0,
2026-09-30T10:55:02,25.0,24.0,25.0,0.0,0.0,0.0,0.0,0.0,0.0,0,0,0,
2026-09-30T10:55:04,25.0,24.0,26.0,0.0,0.0,0.0,0.0,0.0,0.0,0,0,0,
2026-09-30T10:55:06,25.0,24.0,25.0,0.0,0.0,0.0,0.0,0.0,0.0,0,0,0,
2026-09-30T10:55:08,25.0,24.0,25.0,0.0,0.0,0.0,0.0,0.0,0.0,0,0,0,
2026-09-30T10:55:10,25.0,24.0,25.0,0.0,0.0,0.0,0.0,0.0,0.0,0,0,0,
2026-09-30T10:55:12,25.0,24.0,26.0,0.0,0.0,0.0,0.0,0.0,0.0,0,0,0,
2026-09-30T10:55:14,25.0,24.0,25.0,0.0,0.0,0.0,0.0,0.0,0.0,0,0,0,
2026-09-30T10:55:16,25.0,24.0,26.0,0.0,0.0,0.0,0.0,0.0,0.0,0,0,0,
2026-09-30T10:55:18,25.0,24.0,25.0,0.0,0.0,0.0,0.0,0.0,0.0,0,0,0,
2026-09-30T10:55:20,25.0,24.0,25.0,0.0,0.0,0.0,0.0,0.0,0.0,0,0,0,
2026-09-30T10:55:22,25.0,24.0,25.0,0.0,0.0,0.0,0.0,0.0,0.0,0,0,0,
2026-09-30T10:55:24,25.0,24.0,26.0,0.0,0.0,0.0,0.0,0.0,0.0,0,0,0,
2026-09-30T10:55:26,25.0,24.0,26.0,0.0,0.0,0.0,0.0,0.0,0.0,0,0,0,
2026-09-30T10:55:28,25.0,24.0,25.0,0.0,0.0,0.0,0.0,0.0,0.0,0,0,0,
2026-09-30T10:55:30,25.0,24.0,26.0,0.0,0.0,0.0,0.0,0.0,0.0,0,0,0,
2026-09-30T10:55:32,25.0,24.0,26.0,0.0,0.0,0.0,0.0,0.0,0.0,0,0,0,
2026-09-30T10:55:34,25.0,24.0,26.0,0.0,0.0,0.0,0.0,0.0,0.0,0,0,0,
2026-09-30T10:55:36,25.0,24.0,25.0,0.0,0.0,0.0,0.0,0.0,0.0,0,0,0,
2026-09-30T10:55:38,25.0,24.0,26.0,0.0,0.0,0.0,0.0,0.0,0.0,0,0,0,
2026-09-30T10:55:40,25.0,24.0,26.0,0.0,0.0,0.0,0.0,0.0,0.0,0,0,0,
2026-09-30T10:55:42,25.0,24.0,25.0,0.0,0.0,0.0,0.0,0.0,0.0,0,0,0,
2026-09-30T10:55:44,25.0,25.0,26.0,0.0,0.0,0.0,0.0,0.0,0.0,0,0,0,
2026-09-30T10:55:46,25.0,24.0,25.0,0.0,0.0,0.0,0.0,0.0,0.0,0,0,0,
2026-09-30T10:55:48,25.0,24.0,26.0,0.0,0.0,0.0,0.0,0.0,0.0,0,0,0,
2026-09-30T10:55:50,25.0,24.0,26.0,0.0,0.0,0.0,0.0,0.0,0.0,0,0,0,
2026-09-30T10:55:52,25.0,24.0,25.0,0.0,0.0,0.0,0.0,0.0,0.0,0,0,0,
2026-09-30T10:55:54,25.0,24.0,26.0,0.0,0.0,0.0,0.0,0.0,0.0,0,0,0,
2026-09-30T10:55:56,25.0,24.0,26.0,0.0,0.0,0.0,0.0,0.0,0.0,0,0,0,
2026-09-30T10:55:58,25.0,24.0,26.0,0.0,0.0,0.0,0.0,0.0,0.0,0,0,0,
2026-09-30T10:56:00,25.0,24.0,25.0,0.0,0.0,0.0,0.0,0.0,0.0,0,0,0,
2026-09-30T10:56:02,25.0,24.0,26.0,0.0,0.0,0.0,0.0,0.0,0.0,0,0,0,
2026-09-30T10:56:05,25.0,24.0,25.0,0.0,0.0,0.0,0.0,0.0,0.0,0,0,0,
2026-09-30T10:56:07,25.0,24.0,26.0,0.0,0.0,0.0,0.0,0.0,0.0,0,0,0,
2026-09-30T10:56:09,25.0,24.0,26.0,0.0,0.0,0.0,0.0,0.0,0.0,0,0,0,
2026-09-30T10:56:11,25.0,24.0,25.0,0.0,0.0,0.0,0.0,0.0,0.0,0,0,0,
2026-09-30T10:56:13,25.0,24.0,26.0,0.0,0.0,0.0,0.0,0.0,0.0,0,0,0,
2026-09-30T10:56:15,25.0,24.0,26.0,0.0,0.0,0.0,0.0,0.0,0.0,0,0,0,
2026-09-30T10:56:17,25.0,24.0,26.0,0.0,0.0,0.0,0.0,0.0,0.0,0,0,0,
2026-09-30T10:56:19,25.0,24.0,25.0,0.0,0.0,0.0,0.0,0.0,0.0,0,0,0,
2026-09-30T10:56:21,25.0,24.0,26.0,0.0,0.0,0.0,0.0,0.0,0.0,0,0,0,
2026-09-30T10:56:23,25.0,24.0,26.0,0.0,0.0,0.0,0.0,0.0,0.0,0,0,0,
2026-09-30T10:56:25,25.0,24.0,25.0,0.0,0.0,0.0,0.0,0.0,0.0,0,0,0,
2026-09-30T10:56:27,25.0,24.0,25.0,0.0,0.0,0.0,0.0,0.0,0.0,0,0,0,
2026-09-30T10:56:29,25.0,24.0,25.0,0.0,0.0,0.0,0.0,0.0,0.0,0,0,0,
2026-09-30T10:56:31,25.0,24.0,26.0,0.0,0.0,0.0,0.0,0.0,0.0,0,0,0,
2026-09-30T10:56:33,25.0,24.0,26.0,0.0,0.0,0.0,0.0,0.0,0.0,0,0,0,
2026-09-30T10:56:35,25.0,24.0,26.0,0.0,0.0,0.0,0.0,0.0,0.0,0,0,0,
2026-09-30T10:56:37,25.0,24.0,25.0,0.0,0.0,0.0,0.0,0.0,0.0,0,0,0,
2026-09-30T10:56:39,25.0,24.0,26.0,0.0,0.0,0.0,0.0,0.0,0.0,0,0,0,
2026-09-30T10:56:41,25.0,24.0,26.0,0.0,0.0,0.0,0.0,0.0,0.0,0,0,0,
2026-09-30T10:56:43,25.0,24.0,26.0,0.0,0.0,0.0,0.0,0.0,0.0,0,0,0,
2026-09-30T10:56:45,25.0,24.0,25.0,0.0,0.0,0.0,0.0,0.0,0.0,0,0,0,
2026-09-30T10:56:47,25.0,24.0,26.0,0.0,0.0,0.0,0.0,0.0,0.0,0,0,0,
2026-09-30T10:56:49,25.0,24.0,25.0,0.0,0.0,0.0,0.0,0.0,0.0,0,0,0,
2026-09-30T10:56:51,25.0,24.0,25.0,0.0,0.0,0.0,0.0,0.0,0.0,0,0,0,
2026-09-30T10:56:53,25.0,24.0,25.0,0.0,0.0,0.0,0.0,0.0,0.0,0,0,0,
2026-09-30T10:56:55,25.0,24.0,25.0,0.0,0.0,0.0,0.0,0.0,0.0,0,0,0,
2026-09-30T10:56:57,25.0,24.0,26.0,0.0,0.0,0.0,0.0,0.0,0.0,0,0,0,
2026-09-30T10:56:59,25.0,24.0,26.0,0.0,0.0,0.0,0.0,0.0,0.0,0,0,0,
2026-09-30T10:57:01,25.0,24.0,26.0,0.0,0.0,0.0,0.0,0.0,0.0,0,0,0,
2026-09-30T10:57:03,25.0,24.0,25.0,0.0,0.0,0.0,0.0,0.0,0.0,0,0,0,
2026-09-30T10:57:05,25.0,24.0,26.0,0.0,0.0,0.0,0.0,0.0,0.0,0,0,0,
2026-09-30T10:57:07,25.0,24.0,26.0,0.0,0.0,0.0,0.0,0.0,0.0,0,0,0,
2026-09-30T10:57:09,25.0,24.0,25.0,0.0,0.0,0.0,0.0,0.0,0.0,0,0,0,
2026-09-30T10:57:11,25.0,24.0,25.0,0.0,0.0,0.0,0.0,0.0,0.0,0,0,0,
2026-09-30T10:57:13,25.0,24.0,26.0,0.0,0.0,0.0,0.0,0.0,0.0,0,0,0,
2026-09-30T10:57:15,25.0,24.0,25.0,0.0,0.0,0.0,0.0,0.0,0.0,0,0,0,
2026-09-30T10:57:17,25.0,24.0,25.0,0.0,0.0,0.0,0.0,0.0,0.0,0,0,0,
2026-09-30T10:57:19,25.0,24.0,25.0,0.0,0.0,0.0,0.0,0.0,0.0,0,0,0,
2026-09-30T10:57:21,25.0,24.0,26.0,0.0,0.0,0.0,0.0,0.0,0.0,0,0,0,
2026-09-30T10:57:23,25.0,24.0,25.0,0.0,0.0,0.0,0.0,0.0,0.0,0,0,0,
2026-09-30T10:57:25,25.0,24.0,25.0,0.0,0.0,0.0,0.0,0.0,0.0,0,0,0,
2026-09-30T10:57:27,25.0,24.0,26.0,0.0,0.0,0.0,0.0,0.0,0.0,0,0,0,
2026-09-30T10:57:29,25.0,24.0,26.0,0.0,0.0,0.0,0.0,0.0,0.0,0,0,0,
2026-09-30T10:57:31,25.0,24.0,25.0,0.0,0.0,0.0,0.0,0.0,0.0,0,0,0,
2026-09-30T10:57:33,25.0,24.0,25.0,0.0,0.0,0.0,0.0,0.0,0.0,0,0,0,
2026-09-30T10:57:35,25.0,24.0,26.0,0.0,0.0,0.0,0.0,0.0,0.0,0,0,0,
2026-09-30T10:57:37,25.0,24.0,26.0,0.0,0.0,0.0,0.0,0.0,0.0,0,0,0,
2026-09-30T10:57:39,25.0,24.0,25.0,0.0,0.0,0.0,0.0,0.0,0.0,0,0,0,
2026-09-30T10:57:41,25.0,24.0,26.0,0.0,0.0,0.0,0.0,0.0,0.0,0,0,0,
2026-09-30T10:57:43,25.0,24.0,25.0,0.0,0.0,0.0,0.0,0.0,0.0,0,0,0,
2026-09-30T10:57:45,25.0,24.0,26.0,0.0,0.0,0.0,0.0,0.0,0.0,0,0,0,
2026-09-30T10:57:47,25.0,24.0,25.0,0.0,0.0,0.0,0.0,0.0,0.0,0,0,0,
2026-09-30T10:57:49,25.0,24.0,26.0,0.0,0.0,0.0,0.0,0.0,0.0,0,0,0,
2026-09-30T10:57:51,25.0,24.0,26.0,0.0,0.0,0.0,0.0,0.0,0.0,0,0,0,
2026-09-30T10:57:53,25.0,24.0,25.0,0.0,0.0,0.0,0.0,0.0,0.0,0,0,0,
2026-09-30T10:57:55,25.0,24.0,26.0,0.0,0.0,0.0,0.0,0.0,0.0,0,0,0,
2026-09-30T10:57:57,25.0,24.0,25.0,0.0,0.0,0.0,0.0,0.0,0.0,0,0,0,
2026-09-30T10:57:59,25.0,24.0,26.0,0.0,0.0,0.0,0.0,0.0,0.0,0,0,0,
2026-09-30T10:58:01,25.0,24.0,26.0,0.0,0.0,0.0,0.0,0.0,0.0,0,0,0,
2026-09-30T10:58:03,25.0,25.0,25.0,0.0,0.0,0.0,0.0,0.0,0.0,0,0,0,
2026-09-30T10:58:05,25.0,24.0,26.0,0.0,0.0,0.0,0.0,0.0,0.0,0,0,0,
2026-09-30T10:58:07,25.0,24.0,26.0,0.0,0.0,0.0,0.0,0.0,0.0,0,0,0,
2026-09-30T10:58:09,25.0,24.0,26.0,0.0,0.0,0.0,0.0,0.0,0.0,0,0,0,
2026-09-30T10:58:11,25.0,24.0,26.0,0.0,0.0,0.0,0.0,0.0,0.0,0,0,0,
2026-09-30T10:58:13,25.0,24.0,25.0,0.0,0.0,0.0,0.0,0.0,0.0,0,0,0,
2026-09-30T10:58:15,25.0,24.0,25.0,0.0,0.0,0.0,0.0,0.0,0.0,0,0,0,
2026-09-30T10:58:17,25.0,24.0,25.0,0.0,0.0,0.0,0.0,0.0,0.0,0,0,0,
2026-09-30T10:58:19,25.0,24.0,26.0,0.0,0.0,0.0,0.0,0.0,0.0,0,0,0,
2026-09-30T10:58:22,25.0,24.0,25.0,0.0,0.0,0.0,0.0,0.0,0.0,0,0,0,
2026-09-30T10:58:24,25.0,24.0,25.0,0.0,0.0,0.0,0.0,0.0,0.0,0,0,0,
2026-09-30T10:58:26,25.0,24.0,26.0,0.0,0.0,0.0,0.0,0.0,0.0,0,0,0,
2026-09-30T10:58:28,25.0,24.0,26.0,0.0,0.0,0.0,0.0,0.0,0.0,0,0,0,
2026-09-30T10:58:30,25.0,24.0,25.0,0.0,0.0,0.0,0.0,0.0,0.0,0,0,0,
2026-09-30T10:58:32,25.0,24.0,25.0,0.0,0.0,0.0,0.0,0.0,0.0,0,0,0,
2026-09-30T10:58:34,25.0,24.0,26.0,0.0,0.0,0.0,0.0,0.0,0.0,0,0,0,
2026-09-30T10:58:36,25.0,24.0,26.0,0.0,0.0,0.0,0.0,0.0,0.0,0,0,0,
2026-09-30T10:58:38,25.0,24.0,26.0,0.0,0.0,0.0,0.0,0.0,0.0,0,0,0,
2026-09-30T10:58:40,25.0,24.0,26.0,0.0,0.0,0.0,0.0,0.0,0.0,0,0,0,
2026-09-30T10:58:42,25.0,24.0,25.0,0.0,0.0,0.0,0.0,0.0,0.0,0,0,0,
2026-09-30T10:58:44,25.0,24.0,26.0,0.0,0.0,0.0,0.0,0.0,0.0,0,0,0,
2026-09-30T10:58:46,25.0,24.0,26.0,0.0,0.0,0.0,0.0,0.0,0.0,0,0,0,
2026-09-30T10:58:48,25.0,24.0,26.0,0.0,0.0,0.0,0.0,0.0,0.0,0,0,0,
2026-09-30T10:58:50,25.0,24.0,26.0,0.0,0.0,0.0,0.0,0.0,0.0,0,0,0,
2026-09-30T10:58:52,25.0,24.0,25.0,0.0,0.0,0.0,0.0,0.0,0.0,0,0,0,
2026-09-30T10:58:54,25.0,24.0,26.0,0.0,0.0,0.0,0.0,0.0,0.0,0,0,0,
2026-09-30T10:58:56,25.0,24.0,26.0,0.0,0.0,0.0,0.0,0.0,0.0,0,0,0,
2026-09-30T10:58:58,25.0,24.0,26.0,0.0,0.0,0.0,0.0,0.0,0.0,0,0,0,
2026-09-30T10:59:00,25.0,24.0,26.0,0.0,0.0,0.0,0.0,0.0,0.0,0,0,0,
2026-09-30T10:59:02,25.0,24.0,26.0,0.0,0.0,0.0,0.0,0.0,0.0,0,0,0,
2026-09-30T10:59:04,25.0,24.0,26.0,0.0,0.0,0.0,0.0,0.0,0.0,0,0,0,
2026-09-30T10:59:06,25.0,24.0,26.0,0.0,0.0,0.0,0.0,0.0,0.0,0,0,0,
2026-09-30T10:59:08,25.0,24.0,25.0,0.0,0.0,0.0,0.0,0.0,0.0,0,0,0,
2026-09-30T10:59:10,25.0,24.0,26.0,0.0,0.0,0.0,0.0,0.0,0.0,0,0,0,
2026-09-30T10:59:12,25.0,24.0,25.0,0.0,0.0,0.0,0.0,0.0,0.0,0,0,0,
2026-09-30T10:59:14,25.0,24.0,26.0,0.0,0.0,0.0,0.0,0.0,0.0,0,0,0,
2026-09-30T10:59:16,25.0,24.0,25.0,0.0,0.0,0.0,0.0,0.0,0.0,0,0,0,
2026-09-30T10:59:18,25.0,24.0,25.0,0.0,0.0,0.0,0.0,0.0,0.0,0,0,0,
2026-09-30T10:59:20,25.0,24.0,26.0,0.0,0.0,0.0,0.0,0.0,0.0,0,0,0,
2026-09-30T10:59:22,25.0,24.0,26.0,0.0,0.0,0.0,0.0,0.0,0.0,0,0,0,
2026-09-30T10:59:24,25.0,25.0,25.0,0.0,0.0,0.0,0.0,0.0,0.0,0,0,0,
2026-09-30T10:59:26,25.0,24.0,26.0,0.0,0.0,0.0,0.0,0.0,0.0,0,0,0,
2026-09-30T10:59:28,25.0,25.0,26.0,0.0,0.0,0.0,0.0,0.0,0.0,0,0,0,
2026-09-30T10:59:30,25.0,24.0,25.0,0.0,0.0,0.0,0.0,0.0,0.0,0,0,0,
2026-09-30T10:59:32,25.0,25.0,25.0,0.0,0.0,0.0,0.0,0.0,0.0,0,0,0,
2026-09-30T10:59:34,25.0,24.0,25.0,0.0,0.0,0.0,0.0,0.0,0.0,0,0,0,
2026-09-30T10:59:36,25.0,24.0,26.0,0.0,0.0,0.0,0.0,0.0,0.0,0,0,0,
2026-09-30T10:59:38,25.0,24.0,25.0,0.0,0.0,0.0,0.0,0.0,0.0,0,0,0,
2026-09-30T10:59:40,25.0,24.0,26.0,0.0,0.0,0.0,0.0,0.0,0.0,0,0,0,
2026-09-30T10:59:42,25.0,24.0,26.0,0.0,0.0,0.0,0.0,0.0,0.0,0,0,0,
2026-09-30T10:59:44,25.0,24.0,25.0,0.0,0.0,0.0,0.0,0.0,0.0,0,0,0,
2026-09-30T10:59:46,25.0,24.0,26.0,0.0,0.0,0.0,0.0,0.0,0.0,0,0,0,
2026-09-30T10:59:48,25.0,24.0,26.0,0.0,0.0,0.0,0.0,0.0,0.0,0,0,0,
2026-09-30T10:59:50,25.0,24.0,25.0,0.0,0.0,0.0,0.0,0.0,0.0,0,0,0,
2026-09-30T10:59:52,25.0,24.0,26.0,0.0,0.0,0.0,0.0,0.0,0.0,0,0,0,
2026-09-30T10:59:54,25.0,24.0,25.0,0.0,0.0,0.0,0.0,0.0,0.0,0,0,0,
2026-09-30T10:59:56,25.0,24.0,25.0,0.0,0.0,0.0,0.0,0.0,0.0,0,0,0,
2026-09-30T10:59:58,25.0,24.0,25.0,0.0,0.0,0.0,0.0,0.0,0.0,0,0,0,
2026-09-30T11:00:00,25.0,24.0,26.0,0.0,0.0,0.0,0.0,0.0,0.0,0,0,0,
2026-09-30T11:00:02,25.0,24.0,26.0,0.0,0.0,0.0,0.0,0.0,0.0,0,0,0,
2026-09-30T11:00:04,25.0,24.0,25.0,0.0,0.0,0.0,0.0,0.0,0.0,0,0,0,
2026-09-30T11:00:06,25.0,24.0,26.0,0.0,0.0,0.0,0.0,0.0,0.0,0,0,0,
2026-09-30T11:00:08,25.0,24.0,25.0,0.0,0.0,0.0,0.0,0.0,0.0,0,0,0,
2026-09-30T11:00:10,25.0,24.0,25.0,0.0,0.0,0.0,0.0,0.0,0.0,0,0,0,
2026-09-30T11:00:12,25.0,24.0,25.0,0.0,0.0,0.0,0.0,0.0,0.0,0,0,0,
2026-09-30T11:00:14,25.0,24.0,26.0,0.0,0.0,0.0,0.0,0.0,0.0,0,0,0,
2026-09-30T11:00:16,25.0,24.0,25.0,0.0,0.0,0.0,0.0,0.0,0.0,0,0,0,
2026-09-30T11:00:18,25.0,25.0,26.0,0.0,0.0,0.0,0.0,0.0,0.0,0,0,0,
2026-09-30T11:00:20,25.0,24.0,26.0,0.0,0.0,0.0,0.0,0.0,0.0,0,0,0,
2026-09-30T11:00:22,25.0,24.0,26.0,0.0,0.0,0.0,0.0,0.0,0.0,0,0,0,
2026-09-30T11:00:24,25.0,24.0,25.0,0.0,0.0,0.0,0.0,0.0,0.0,0,0,0,
2026-09-30T11:00:26,25.0,24.0,25.0,0.0,0.0,0.0,0.0,0.0,0.0,0,0,0,
2026-09-30T11:00:28,25.0,24.0,26.0,0.0,0.0,0.0,0.0,0.0,0.0,0,0,0,
2026-09-30T11:00:30,25.0,24.0,26.0,0.0,0.0,0.0,0.0,0.0,0.0,0,0,0,
2026-09-30T11:00:32,25.0,24.0,26.0,0.0,0.0,0.0,0.0,0.0,0.0,0,0,0,
2026-09-30T11:00:34,25.0,24.0,25.0,0.0,0.0,0.0,0.0,0.0,0.0,0,0,0,
2026-09-30T11:00:36,25.0,24.0,25.0,0.0,0.0,0.0,0.0,0.0,0.0,0,0,0,
2026-09-30T11:00:38,25.0,24.0,26.0,0.0,0.0,0.0,0.0,0.0,0.0,0,0,0,
2026-09-30T11:00:40,25.0,24.0,26.0,0.0,0.0,0.0,0.0,0.0,0.0,0,0,0,
2026-09-30T11:00:42,25.0,24.0,25.0,0.0,0.0,0.0,0.0,0.0,0.0,0,0,0,
2026-09-30T11:00:44,25.0,24.0,25.0,0.0,0.0,0.0,0.0,0.0,0.0,0,0,0,
2026-09-30T11:00:47,25.0,24.0,25.0,0.0,0.0,0.0,0.0,0.0,0.0,0,0,0,
2026-09-30T11:00:49,25.0,24.0,26.0,0.0,0.0,0.0,0.0,0.0,0.0,0,0,0,
2026-09-30T11:00:51,25.0,24.0,26.0,0.0,0.0,0.0,0.0,0.0,0.0,0,0,0,
2026-09-30T11:00:53,25.0,24.0,25.0,0.0,0.0,0.0,0.0,0.0,0.0,0,0,0,
2026-09-30T11:00:55,25.0,24.0,25.0,0.0,0.0,0.0,0.0,0.0,0.0,0,0,0,
2026-09-30T11:00:57,25.0,24.0,26.0,0.0,0.0,0.0,0.0,0.0,0.0,0,0,0,
2026-09-30T11:00:59,25.0,24.0,26.0,0.0,0.0,0.0,0.0,0.0,0.0,0,0,0,
2026-09-30T11:01:01,25.0,24.0,26.0,0.0,0.0,0.0,0.0,0.0,0.0,0,0,0,
2026-09-30T11:01:03,25.0,24.0,26.0,0.0,0.0,0.0,0.0,0.0,0.0,0,0,0,
2026-09-30T11:01:05,25.0,24.0,25.0,0.0,0.0,0.0,0.0,0.0,0.0,0,0,0,
2026-09-30T11:01:07,25.0,24.0,26.0,0.0,0.0,0.0,0.0,0.0,0.0,0,0,0,
2026-09-30T11:01:09,25.0,24.0,25.0,0.0,0.0,0.0,0.0,0.0,0.0,0,0,0,
2026-09-30T11:01:11,25.0,24.0,26.0,0.0,0.0,0.0,0.0,0.0,0.0,0,0,0,
2026-09-30T11:01:13,25.0,24.0,26.0,0.0,0.0,0.0,0.0,0.0,0.0,0,0,0,
2026-09-30T11:01:15,25.0,24.0,25.0,0.0,0.0,0.0,0.0,0.0,0.0,0,0,0,
2026-09-30T11:01:17,25.0,24.0,25.0,0.0,0.0,0.0,0.0,0.0,0.0,0,0,0,
2026-09-30T11:01:19,25.0,24.0,26.0,0.0,0.0,0.0,0.0,0.0,0.0,0,0,0,
2026-09-30T11:01:21,25.0,24.0,26.0,0.0,0.0,0.0,0.0,0.0,0.0,0,0,0,
2026-09-30T11:01:23,25.0,25.0,25.0,0.0,0.0,0.0,0.0,0.0,0.0,0,0,0,
2026-09-30T11:01:25,25.0,24.0,25.0,0.0,0.0,0.0,0.0,0.0,0.0,0,0,0,
2026-09-30T11:01:27,25.0,24.0,25.0,0.0,0.0,0.0,0.0,0.0,0.0,0,0,0,
2026-09-30T11:01:29,25.0,25.0,26.0,0.0,0.0,0.0,0.0,0.0,0.0,0,0,0,
2026-09-30T11:01:31,25.0,25.0,25.0,0.0,0.0,0.0,0.0,0.0,0.0,0,0,0,
2026-09-30T11:01:33,25.0,24.0,26.0,0.0,0.0,0.0,0.0,0.0,0.0,0,0,0,
2026-09-30T11:01:35,25.0,24.0,25.0,0.0,0.0,0.0,0.0,0.0,0.0,0,0,0,
2026-09-30T11:01:37,25.0,25.0,25.0,0.0,0.0,0.0,0.0,0.0,0.0,0,0,0,
2026-09-30T11:01:39,25.0,24.0,25.0,0.0,0.0,0.0,0.0,0.0,0.0,0,0,0,
2026-09-30T11:01:41,25.0,24.0,25.0,0.0,0.0,0.0,0.0,0.0,0.0,0,0,0,
2026-09-30T11:01:43,25.0,24.0,26.0,0.0,0.0,0.0,0.0,0.0,0.0,0,0,0,
2026-09-30T11:01:45,25.0,24.0,25.0,0.0,0.0,0.0,0.0,0.0,0.0,0,0,0,
2026-09-30T11:01:47,25.0,24.0,26.0,0.0,0.0,0.0,0.0,0.0,0.0,0,0,0,
2026-09-30T11:01:49,25.0,24.0,26.0,0.0,0.0,0.0,0.0,0.0,0.0,0,0,0,
2026-09-30T11:01:51,25.0,24.0,25.0,0.0,0.0,0.0,0.0,0.0,0.0,0,0,0,
2026-09-30T11:01:53,25.0,24.0,25.0,0.0,0.0,0.0,0.0,0.0,0.0,0,0,0,
2026-09-30T11:01:55,25.0,24.0,26.0,0.0,0.0,0.0,0.0,0.0,0.0,0,0,0,
2026-09-30T11:01:57,25.0,24.0,25.0,0.0,0.0,0.0,0.0,0.0,0.0,0,0,0,
2026-09-30T11:01:59,25.0,24.0,25.0,0.0,0.0,0.0,0.0,0.0,0.0,0,0,0,
2026-09-30T11:02:01,25.0,24.0,25.0,0.0,0.0,0.0,0.0,0.0,0.0,0,0,0,
2026-09-30T11:02:03,25.0,24.0,25.0,0.0,0.0,0.0,0.0,0.0,0.0,0,0,0,
2026-09-30T11:02:05,25.0,24.0,25.0,0.0,0.0,0.0,0.0,0.0,0.0,0,0,0,
2026-09-30T11:02:07,25.0,24.0,25.0,0.0,0.0,0.0,0.0,0.0,0.0,0,0,0,
2026-09-30T11:02:09,25.0,24.0,25.0,0.0,0.0,0.0,0.0,0.0,0.0,0,0,0,
2026-09-30T11:02:11,25.0,24.0,25.0,0.0,0.0,0.0,0.0,0.0,0.0,0,0,0,
2026-09-30T11:02:13,25.0,24.0,25.0,0.0,0.0,0.0,0.0,0.0,0.0,0,0,0,
2026-09-30T11:02:15,25.0,24.0,25.0,0.0,0.0,0.0,0.0,0.0,0.0,0,0,0,
2026-09-30T11:02:17,25.0,24.0,26.0,0.0,0.0,0.0,0.0,0.0,0.0,0,0,0,
2026-09-30T11:02:19,25.0,24.0,26.0,0.0,0.0,0.0,0.0,0.0,0.0,0,0,0,
2026-09-30T11:02:21,25.0,24.0,26.0,0.0,0.0,0.0,0.0,0.0,0.0,0,0,0,
2026-09-30T11:02:23,25.0,24.0,25.0,0.0,0.0,0.0,0.0,0.0,0.0,0,0,0,
2026-09-30T11:02:25,25.0,24.0,25.0,0.0,0.0,0.0,0.0,0.0,0.0,0,0,0,
2026-09-30T11:02:27,25.0,24.0,26.0,0.0,0.0,0.0,0.0,0.0,0.0,0,0,0,
2026-09-30T11:02:29,25.0,24.0,25.0,0.0,0.0,0.0,0.0,0.0,0.0,0,0,0,
2026-09-30T11:02:31,25.0,24.0,25.0,0.0,0.0,0.0,0.0,0.0,0.0,0,0,0,
2026-09-30T11:02:33,25.0,24.0,25.0,0.0,0.0,0.0,0.0,0.0,0.0,0,0,0,
2026-09-30T11:02:35,25.0,24.0,25.0,0.0,0.0,0.0,0.0,0.0,0.0,0,0,0,
2026-09-30T11:02:37,25.0,24.0,26.0,0.0,0.0,0.0,0.0,0.0,0.0,0,0,0,
2026-09-30T11:02:39,25.0,24.0,26.0,0.0,0.0,0.0,0.0,0.0,0.0,0,0,0,
2026-09-30T11:02:41,25.0,24.0,26.0,0.0,0.0,0.0,0.0,0.0,0.0,0,0,0,
2026-09-30T11:02:43,25.0,24.0,25.0,0.0,0.0,0.0,0.0,0.0,0.0,0,0,0,
2026-09-30T11:02:45,25.0,24.0,26.0,0.0,0.0,0.0,0.0,0.0,0.0,0,0,0,
2026-09-30T11:02:47,25.0,24.0,25.0,0.0,0.0,0.0,0.0,0.0,0.0,0,0,0,
2026-09-30T11:02:49,25.0,24.0,26.0,0.0,0.0,0.0,0.0,0.0,0.0,0,0,0,
2026-09-30T11:02:51,25.0,24.0,25.0,0.0,0.0,0.0,0.0,0.0,0.0,0,0,0,
2026-09-30T11:02:53,25.0,24.0,25.0,0.0,0.0,0.0,0.0,0.0,0.0,0,0,0,
2026-09-30T11:02:55,25.0,24.0,26.0,0.0,0.0,0.0,0.0,0.0,0.0,0,0,0,
2026-09-30T11:02:57,25.0,24.0,26.0,0.0,0.0,0.0,0.0,0.0,0.0,0,0,0,
2026-09-30T11:02:59,25.0,24.0,25.0,0.0,0.0,0.0,0.0,0.0,0.0,0,0,0,
2026-09-30T11:03:01,25.0,24.0,25.0,0.0,0.0,0.0,0.0,0.0,0.0,0,0,0,
2026-09-30T11:03:03,25.0,24.0,26.0,0.0,0.0,0.0,0.0,0.0,0.0,0,0,0,
2026-09-30T11:03:05,25.0,24.0,25.0,0.0,0.0,0.0,0.0,0.0,0.0,0,0,0,
2026-09-30T11:03:07,25.0,24.0,26.0,0.0,0.0,0.0,0.0,0.0,0.0,0,0,0,
2026-09-30T11:03:09,25.0,24.0,25.0,0.0,0.0,0.0,0.0,0.0,0.0,0,0,0,
2026-09-30T11:03:11,25.0,24.0,25.0,0.0,0.0,0.0,0.0,0.0,0.0,0,0,0,
2026-09-30T11:03:13,25.0,24.0,25.0,0.0,0.0,0.0,0.0,0.0,0.0,0,0,0,
2026-09-30T11:03:15,25.0,24.0,26.0,0.0,0.0,0.0,0.0,0.0,0.0,0,0,0,
2026-09-30T11:03:17,25.0,24.0,25.0,0.0,0.0,0.0,0.0,0.0,0.0,0,0,0,
2026-09-30T11:03:19,25.0,24.0,25.0,0.0,0.0,0.0,0.0,0.0,0.0,0,0,0,
2026-09-30T11:03:21,25.0,24.0,26.0,0.0,0.0,0.0,0.0,0.0,0.0,0,0,0,
2026-09-30T11:03:23,25.0,24.0,26.0,0.0,0.0,0.0,0.0,0.0,0.0,0,0,0,
2026-09-30T11:03:25,25.0,24.0,25.0,0.0,0.0,0.0,0.0,0.0,0.0,0,0,0,
2026-09-30T11:03:28,25.0,24.0,26.0,0.0,0.0,0.0,0.0,0.0,0.0,0,0,0,
2026-09-30T11:03:30,25.0,24.0,25.0,0.0,0.0,0.0,0.0,0.0,0.0,0,0,0,
2026-09-30T11:03:32,25.0,24.0,25.0,0.0,0.0,0.0,0.0,0.0,0.0,0,0,0,
2026-09-30T11:03:34,25.0,24.0,25.0,0.0,0.0,0.0,0.0,0.0,0.0,0,0,0,
2026-09-30T11:03:36,25.0,24.0,25.0,0.0,0.0,0.0,0.0,0.0,0.0,0,0,0,
2026-09-30T11:03:38,25.0,24.0,25.0,0.0,0.0,0.0,0.0,0.0,0.0,0,0,0,
2026-09-30T11:03:40,25.0,24.0,25.0,0.0,0.0,0.0,0.0,0.0,0.0,0,0,0,
2026-09-30T11:03:42,25.0,24.0,26.0,0.0,0.0,0.0,0.0,0.0,0.0,0,0,0,
2026-09-30T11:03:44,25.0,24.0,25.0,0.0,0.0,0.0,0.0,0.0,0.0,0,0,0,
2026-09-30T11:03:46,25.0,24.0,25.0,0.0,0.0,0.0,0.0,0.0,0.0,0,0,0,
2026-09-30T11:03:48,25.0,24.0,25.0,0.0,0.0,0.0,0.0,0.0,0.0,0,0,0,
2026-09-30T11:03:50,25.0,24.0,25.0,0.0,0.0,0.0,0.0,0.0,0.0,0,0,0,
2026-09-30T11:03:52,25.0,24.0,25.0,0.0,0.0,0.0,0.0,0.0,0.0,0,0,0,
2026-09-30T11:03:54,25.0,24.0,25.0,0.0,0.0,0.0,0.0,0.0,0.0,0,0,0,
2026-09-30T11:03:56,25.0,24.0,25.0,0.0,0.0,0.0,0.0,0.0,0.0,0,0,0,
2026-09-30T11:03:58,25.0,24.0,25.0,0.0,0.0,0.0,0.0,0.0,0.0,0,0,0,
2026-09-30T11:04:00,25.0,24.0,25.0,0.0,0.0,0.0,0.0,0.0,0.0,0,0,0,
2026-09-30T11:04:02,25.0,24.0,25.0,0.0,0.0,0.0,0.0,0.0,0.0,0,0,0,
2026-09-30T11:04:04,25.0,24.0,25.0,0.0,0.0,0.0,0.0,0.0,0.0,0,0,0,
2026-09-30T11:04:06,25.0,24.0,25.0,0.0,0.0,0.0,0.0,0.0,0.0,0,0,0,
2026-09-30T11:04:08,25.0,24.0,25.0,0.0,0.0,0.0,0.0,0.0,0.0,0,0,0,
2026-09-30T11:04:10,25.0,24.0,25.0,0.0,0.0,0.0,0.0,0.0,0.0,0,0,0,
2026-09-30T11:04:12,25.0,24.0,26.0,0.0,0.0,0.0,0.0,0.0,0.0,0,0,0,
2026-09-30T11:04:14,25.0,24.0,25.0,0.0,0.0,0.0,0.0,0.0,0.0,0,0,0,
2026-09-30T11:04:16,25.0,24.0,25.0,0.0,0.0,0.0,0.0,0.0,0.0,0,0,0,
2026-09-30T11:04:18,25.0,24.0,25.0,0.0,0.0,0.0,0.0,0.0,0.0,0,0,0,
2026-09-30T11:04:20,25.0,24.0,26.0,0.0,0.0,0.0,0.0,0.0,0.0,0,0,0,
2026-09-30T11:04:22,25.0,24.0,25.0,0.0,0.0,0.0,0.0,0.0,0.0,0,0,0,
2026-09-30T11:04:24,25.0,24.0,25.0,0.0,0.0,0.0,0.0,0.0,0.0,0,0,0,
2026-09-30T11:04:26,25.0,24.0,25.0,0.0,0.0,0.0,0.0,0.0,0.0,0,0,0,
2026-09-30T11:04:28,25.0,24.0,25.0,0.0,0.0,0.0,0.0,0.0,0.0,0,0,0,
2026-09-30T11:04:30,25.0,24.0,25.0,0.0,0.0,0.0,0.0,0.0,0.0,0,0,0,
2026-09-30T11:04:32,25.0,24.0,25.0,0.0,0.0,0.0,0.0,0.0,0.0,0,0,0,
2026-09-30T11:04:34,25.0,24.0,25.0,0.0,0.0,0.0,0.0,0.0,0.0,0,0,0,
2026-09-30T11:04:36,25.0,24.0,26.0,0.0,0.0,0.0,0.0,0.0,0.0,0,0,0,
2026-09-30T11:04:38,25.0,24.0,25.0,0.0,0.0,0.0,0.0,0.0,0.0,0,0,0,
2026-09-30T11:04:40,25.0,24.0,25.0,0.0,0.0,0.0,0.0,0.0,0.0,0,0,0,
2026-09-30T11:04:42,25.0,24.0,25.0,0.0,0.0,0.0,0.0,0.0,0.0,0,0,0,
2026-09-30T11:04:44,25.0,24.0,25.0,0.0,0.0,0.0,0.0,0.0,0.0,0,0,0,
2026-09-30T11:04:46,25.0,24.0,25.0,0.0,0.0,0.0,0.0,0.0,0.0,0,0,0,
2026-09-30T11:04:48,25.0,24.0,25.0,0.0,0.0,0.0,0.0,0.0,0.0,0,0,0,
2026-09-30T11:04:50,25.0,24.0,25.0,0.0,0.0,0.0,0.0,0.0,0.0,0,0,0,
2026-09-30T11:04:52,25.0,24.0,25.0,0.0,0.0,0.0,0.0,0.0,0.0,0,0,0,
2026-09-30T11:04:54,25.0,24.0,25.0,0.0,0.0,0.0,0.0,0.0,0.0,0,0,0,
2026-09-30T11:04:56,25.0,24.0,25.0,0.0,0.0,0.0,0.0,0.0,0.0,0,0,0,
2026-09-30T11:04:58,25.0,24.0,25.0,0.0,0.0,0.0,0.0,0.0,0.0,0,0,0,
2026-09-30T11:05:00,25.0,24.0,25.0,0.0,0.0,0.0,0.0,0.0,0.0,0,0,0,
2026-09-30T11:05:02,25.0,24.0,25.0,0.0,0.0,0.0,0.0,0.0,0.0,0,0,0,
2026-09-30T11:05:04,25.0,24.0,25.0,0.0,0.0,0.0,0.0,0.0,0.0,0,0,0,
2026-09-30T11:05:06,25.0,24.0,25.0,0.0,0.0,0.0,0.0,0.0,0.0,0,0,0,
2026-09-30T11:05:08,25.0,24.0,25.0,0.0,0.0,0.0,0.0,0.0,0.0,0,0,0,
2026-09-30T11:05:10,25.0,24.0,25.0,0.0,0.0,0.0,0.0,0.0,0.0,0,0,0,
2026-09-30T11:05:12,25.0,24.0,25.0,0.0,0.0,0.0,0.0,0.0,0.0,0,0,0,
2026-09-30T11:05:14,25.0,24.0,25.0,0.0,0.0,0.0,0.0,0.0,0.0,0,0,0,
2026-09-30T11:05:16,25.0,24.0,25.0,0.0,0.0,0.0,0.0,0.0,0.0,0,0,0,
2026-09-30T11:05:18,25.0,24.0,25.0,0.0,0.0,0.0,0.0,0.0,0.0,0,0,0,
2026-09-30T11:05:20,25.0,24.0,25.0,0.0,0.0,0.0,0.0,0.0,0.0,0,0,0,
2026-09-30T11:05:22,25.0,24.0,25.0,0.0,0.0,0.0,0.0,0.0,0.0,0,0,0,
2026-09-30T11:05:24,25.0,24.0,25.0,0.0,0.0,0.0,0.0,0.0,0.0,0,0,0,
2026-09-30T11:05:26,25.0,24.0,25.0,0.0,0.0,0.0,0.0,0.0,0.0,0,0,0,
2026-09-30T11:05:28,25.0,24.0,25.0,0.0,0.0,0.0,0.0,0.0,0.0,0,0,0,
2026-09-30T11:05:30,25.0,24.0,25.0,0.0,0.0,0.0,0.0,0.0,0.0,0,0,0,
2026-09-30T11:05:32,25.0,24.0,25.0,0.0,0.0,0.0,0.0,0.0,0.0,0,0,0,
2026-09-30T11:05:34,25.0,24.0,26.0,0.0,0.0,0.0,0.0,0.0,0.0,0,0,0,
2026-09-30T11:05:36,25.0,24.0,25.0,0.0,0.0,0.0,0.0,0.0,0.0,0,0,0,
2026-09-30T11:05:38,25.0,24.0,25.0,0.0,0.0,0.0,0.0,0.0,0.0,0,0,0,
2026-09-30T11:05:40,25.0,24.0,25.0,0.0,0.0,0.0,0.0,0.0,0.0,0,0,0,
2026-09-30T11:05:42,25.0,24.0,25.0,0.0,0.0,0.0,0.0,0.0,0.0,0,0,0,
2026-09-30T11:05:44,25.0,24.0,26.0,0.0,0.0,0.0,0.0,0.0,0.0,0,0,0,
2026-09-30T11:05:46,25.0,24.0,25.0,0.0,0.0,0.0,0.0,0.0,0.0,0,0,0,
2026-09-30T11:05:48,25.0,24.0,25.0,0.0,0.0,0.0,0.0,0.0,0.0,0,0,0,
2026-09-30T11:05:50,25.0,24.0,25.0,0.0,0.0,0.0,0.0,0.0,0.0,0,0,0,
2026-09-30T11:05:52,25.0,24.0,25.0,0.0,0.0,0.0,0.0,0.0,0.0,0,0,0,
2026-09-30T11:05:54,25.0,24.0,25.0,0.0,0.0,0.0,0.0,0.0,0.0,0,0,0,
2026-09-30T11:05:56,25.0,24.0,25.0,0.0,0.0,0.0,0.0,0.0,0.0,0,0,0,
2026-09-30T11:05:58,25.0,24.0,26.0,0.0,0.0,0.0,0.0,0.0,0.0,0,0,0,
2026-09-30T11:06:01,25.0,24.0,25.0,0.0,0.0,0.0,0.0,0.0,0.0,0,0,0,
2026-09-30T11:06:03,25.0,24.0,25.0,0.0,0.0,0.0,0.0,0.0,0.0,0,0,0,
2026-09-30T11:06:05,25.0,24.0,25.0,0.0,0.0,0.0,0.0,0.0,0.0,0,0,0,
2026-09-30T11:06:07,25.0,24.0,25.0,0.0,0.0,0.0,0.0,0.0,0.0,0,0,0,
2026-09-30T11:06:09,25.0,24.0,25.0,0.0,0.0,0.0,0.0,0.0,0.0,0,0,0,
2026-09-30T11:06:11,25.0,24.0,25.0,0.0,0.0,0.0,0.0,0.0,0.0,0,0,0,
2026-09-30T11:06:13,25.0,24.0,25.0,0.0,0.0,0.0,0.0,0.0,0.0,0,0,0,
2026-09-30T11:06:15,25.0,24.0,25.0,0.0,0.0,0.0,0.0,0.0,0.0,0,0,0,
2026-09-30T11:06:17,25.0,24.0,25.0,0.0,0.0,0.0,0.0,0.0,0.0,0,0,0,
2026-09-30T11:06:19,25.0,24.0,25.0,0.0,0.0,0.0,0.0,0.0,0.0,0,0,0,
2026-09-30T11:06:21,25.0,24.0,25.0,0.0,0.0,0.0,0.0,0.0,0.0,0,0,0,
2026-09-30T11:06:23,25.0,24.0,25.0,0.0,0.0,0.0,0.0,0.0,0.0,0,0,0,
2026-09-30T11:06:25,25.0,24.0,25.0,0.0,0.0,0.0,0.0,0.0,0.0,0,0,0,
2026-09-30T11:06:27,25.0,24.0,25.0,0.0,0.0,0.0,0.0,0.0,0.0,0,0,0,
2026-09-30T11:06:29,25.0,24.0,25.0,0.0,0.0,0.0,0.0,0.0,0.0,0,0,0,
2026-09-30T11:06:31,25.0,24.0,25.0,0.0,0.0,0.0,0.0,0.0,0.0,0,0,0,
2026-09-30T11:06:33,25.0,24.0,25.0,0.0,0.0,0.0,0.0,0.0,0.0,0,0,0,
2026-09-30T11:06:35,25.0,24.0,25.0,0.0,0.0,0.0,0.0,0.0,0.0,0,0,0,
2026-09-30T11:06:37,25.0,24.0,25.0,0.0,0.0,0.0,0.0,0.0,0.0,0,0,0,
2026-09-30T11:06:39,25.0,24.0,25.0,0.0,0.0,0.0,0.0,0.0,0.0,0,0,0,
2026-09-30T11:06:41,25.0,24.0,25.0,0.0,0.0,0.0,0.0,0.0,0.0,0,0,0,
2026-09-30T11:06:43,25.0,24.0,25.0,0.0,0.0,0.0,0.0,0.0,0.0,0,0,0,
2026-09-30T11:06:45,25.0,24.0,25.0,0.0,0.0,0.0,0.0,0.0,0.0,0,0,0,
2026-09-30T11:06:47,25.0,24.0,25.0,0.0,0.0,0.0,0.0,0.0,0.0,0,0,0,
2026-09-30T11:06:49,25.0,24.0,25.0,0.0,0.0,0.0,0.0,0.0,0.0,0,0,0,
2026-09-30T11:06:51,25.0,24.0,25.0,0.0,0.0,0.0,0.0,0.0,0.0,0,0,0,
2026-09-30T11:06:53,25.0,24.0,25.0,0.0,0.0,0.0,0.0,0.0,0.0,0,0,0,
2026-09-30T11:06:55,25.0,24.0,25.0,0.0,0.0,0.0,0.0,0.0,0.0,0,0,0,
2026-09-30T11:06:57,25.0,24.0,25.0,0.0,0.0,0.0,0.0,0.0,0.0,0,0,0,
2026-09-30T11:06:59,25.0,24.0,25.0,0.0,0.0,0.0,0.0,0.0,0.0,0,0,0,
2026-09-30T11:07:01,25.0,24.0,25.0,0.0,0.0,0.0,0.0,0.0,0.0,0,0,0,
2026-09-30T11:07:03,25.0,24.0,25.0,0.0,0.0,0.0,0.0,0.0,0.0,0,0,0,
2026-09-30T11:07:05,25.0,24.0,25.0,0.0,0.0,0.0,0.0,0.0,0.0,0,0,0,
2026-09-30T11:07:07,25.0,24.0,25.0,0.0,0.0,0.0,0.0,0.0,0.0,0,0,0,
2026-09-30T11:07:09,25.0,24.0,25.0,0.0,0.0,0.0,0.0,0.0,0.0,0,0,0,
2026-09-30T11:07:11,25.0,24.0,25.0,0.0,0.0,0.0,0.0,0.0,0.0,0,0,0,
2026-09-30T11:07:13,25.0,24.0,25.0,0.0,0.0,0.0,0.0,0.0,0.0,0,0,0,
2026-09-30T11:07:15,25.0,24.0,25.0,0.0,0.0,0.0,0.0,0.0,0.0,0,0,0,
2026-09-30T11:07:17,25.0,24.0,25.0,0.0,0.0,0.0,0.0,0.0,0.0,0,0,0,
2026-09-30T11:07:19,25.0,24.0,25.0,0.0,0.0,0.0,0.0,0.0,0.0,0,0,0,
2026-09-30T11:07:21,25.0,24.0,25.0,0.0,0.0,0.0,0.0,0.0,0.0,0,0,0,
2026-09-30T11:07:23,25.0,24.0,25.0,0.0,0.0,0.0,0.0,0.0,0.0,0,0,0,
2026-09-30T11:07:25,25.0,24.0,25.0,0.0,0.0,0.0,0.0,0.0,0.0,0,0,0,
2026-09-30T11:07:27,25.0,24.0,25.0,0.0,0.0,0.0,0.0,0.0,0.0,0,0,0,
2026-09-30T11:07:29,25.0,24.0,25.0,0.0,0.0,0.0,0.0,0.0,0.0,0,0,0,
2026-09-30T11:07:31,25.0,24.0,25.0,0.0,0.0,0.0,0.0,0.0,0.0,0,0,0,
2026-09-30T11:07:33,25.0,24.0,25.0,0.0,0.0,0.0,0.0,0.0,0.0,0,0,0,
2026-09-30T11:07:35,25.0,24.0,25.0,0.0,0.0,0.0,0.0,0.0,0.0,0,0,0,
2026-09-30T11:07:37,25.0,24.0,25.0,0.0,0.0,0.0,0.0,0.0,0.0,0,0,0,
2026-09-30T11:07:39,25.0,24.0,25.0,0.0,0.0,0.0,0.0,0.0,0.0,0,0,0,
2026-09-30T11:07:41,25.0,24.0,25.0,0.0,0.0,0.0,0.0,0.0,0.0,0,0,0,
2026-09-30T11:07:43,25.0,24.0,25.0,0.0,0.0,0.0,0.0,0.0,0.0,0,0,0,
2026-09-30T11:07:45,25.0,24.0,25.0,0.0,0.0,0.0,0.0,0.0,0.0,0,0,0,
2026-09-30T11:07:47,25.0,24.0,25.0,0.0,0.0,0.0,0.0,0.0,0.0,0,0,0,
2026-09-30T11:07:49,25.0,24.0,25.0,0.0,0.0,0.0,0.0,0.0,0.0,0,0,0,
2026-09-30T11:07:51,25.0,24.0,25.0,0.0,0.0,0.0,0.0,0.0,0.0,0,0,0,
2026-09-30T11:07:53,25.0,24.0,25.0,0.0,0.0,0.0,0.0,0.0,0.0,0,0,0,
2026-09-30T11:07:55,25.0,24.0,25.0,0.0,0.0,0.0,0.0,0.0,0.0,0,0,0,
2026-09-30T11:07:57,25.0,24.0,25.0,0.0,0.0,0.0,0.0,0.0,0.0,0,0,0,
2026-09-30T11:07:59,25.0,24.0,25.0,0.0,0.0,0.0,0.0,0.0,0.0,0,0,0,
2026-09-30T11:08:01,25.0,24.0,25.0,0.0,0.0,0.0,0.0,0.0,0.0,0,0,0,
2026-09-30T11:08:03,25.0,24.0,25.0,0.0,0.0,0.0,0.0,0.0,0.0,0,0,0,
2026-09-30T11:08:05,25.0,24.0,25.0,0.0,0.0,0.0,0.0,0.0,0.0,0,0,0,
2026-09-30T11:08:07,25.0,24.0,25.0,0.0,0.0,0.0,0.0,0.0,0.0,0,0,0,
2026-09-30T11:08:09,25.0,24.0,25.0,0.0,0.0,0.0,0.0,0.0,0.0,0,0,0,
2026-09-30T11:08:11,25.0,24.0,25.0,0.0,0.0,0.0,0.0,0.0,0.0,0,0,0,
2026-09-30T11:08:13,25.0,24.0,25.0,0.0,0.0,0.0,0.0,0.0,0.0,0,0,0,
2026-09-30T11:08:15,25.0,24.0,25.0,0.0,0.0,0.0,0.0,0.0,0.0,0,0,0,
2026-09-30T11:08:17,25.0,24.0,25.0,0.0,0.0,0.0,0.0,0.0,0.0,0,0,0,
2026-09-30T11:08:19,25.0,24.0,25.0,0.0,0.0,0.0,0.0,0.0,0.0,0,0,0,
2026-09-30T11:08:21,25.0,24.0,25.0,0.0,0.0,0.0,0.0,0.0,0.0,0,0,0,
2026-09-30T11:08:23,25.0,24.0,25.0,0.0,0.0,0.0,0.0,0.0,0.0,0,0,0,
2026-09-30T11:08:25,25.0,24.0,25.0,0.0,0.0,0.0,0.0,0.0,0.0,0,0,0,
2026-09-30T11:08:27,25.0,24.0,25.0,0.0,0.0,0.0,0.0,0.0,0.0,0,0,0,
2026-09-30T11:08:30,25.0,24.0,25.0,0.0,0.0,0.0,0.0,0.0,0.0,0,0,0,
2026-09-30T11:08:32,25.0,24.0,25.0,0.0,0.0,0.0,0.0,0.0,0.0,0,0,0,
2026-09-30T11:08:34,25.0,24.0,25.0,0.0,0.0,0.0,0.0,0.0,0.0,0,0,0,
2026-09-30T11:08:36,25.0,24.0,25.0,0.0,0.0,0.0,0.0,0.0,0.0,0,0,0,
2026-09-30T11:08:38,25.0,24.0,25.0,0.0,0.0,0.0,0.0,0.0,0.0,0,0,0,
2026-09-30T11:08:40,25.0,24.0,25.0,0.0,0.0,0.0,0.0,0.0,0.0,0,0,0,
2026-09-30T11:08:42,25.0,24.0,25.0,0.0,0.0,0.0,0.0,0.0,0.0,0,0,0,
2026-09-30T11:08:44,25.0,24.0,25.0,0.0,0.0,0.0,0.0,0.0,0.0,0,0,0,
2026-09-30T11:08:46,25.0,24.0,25.0,0.0,0.0,0.0,0.0,0.0,0.0,0,0,0,
2026-09-30T11:08:48,25.0,24.0,25.0,0.0,0.0,0.0,0.0,0.0,0.0,0,0,0,
2026-09-30T11:08:50,25.0,24.0,25.0,0.0,0.0,0.0,0.0,0.0,0.0,0,0,0,
2026-09-30T11:08:52,25.0,24.0,25.0,0.0,0.0,0.0,0.0,0.0,0.0,0,0,0,
2026-09-30T11:08:54,25.0,24.0,25.0,0.0,0.0,0.0,0.0,0.0,0.0,0,0,0,
2026-09-30T11:08:56,25.0,24.0,25.0,0.0,0.0,0.0,0.0,0.0,0.0,0,0,0,
2026-09-30T11:08:58,25.0,24.0,25.0,0.0,0.0,0.0,0.0,0.0,0.0,0,0,0,
2026-09-30T11:09:00,25.0,24.0,25.0,0.0,0.0,0.0,0.0,0.0,0.0,0,0,0,
2026-09-30T11:09:02,25.0,24.0,25.0,0.0,0.0,0.0,0.0,0.0,0.0,0,0,0,
2026-09-30T11:09:04,25.0,24.0,25.0,0.0,0.0,0.0,0.0,0.0,0.0,0,0,0,
2026-09-30T11:09:06,25.0,24.0,25.0,0.0,0.0,0.0,0.0,0.0,0.0,0,0,0,
2026-09-30T11:09:08,25.0,24.0,25.0,0.0,0.0,0.0,0.0,0.0,0.0,0,0,0,
2026-09-30T11:09:10,25.0,24.0,25.0,0.0,0.0,0.0,0.0,0.0,0.0,0,0,0,
2026-09-30T11:09:12,25.0,24.0,25.0,0.0,0.0,0.0,0.0,0.0,0.0,0,0,0,
2026-09-30T11:09:14,25.0,24.0,25.0,0.0,0.0,0.0,0.0,0.0,0.0,0,0,0,
2026-09-30T11:09:16,25.0,24.0,25.0,0.0,0.0,0.0,0.0,0.0,0.0,0,0,0,
2026-09-30T11:09:18,25.0,24.0,25.0,0.0,0.0,0.0,0.0,0.0,0.0,0,0,0,
2026-09-30T11:09:20,25.0,24.0,25.0,0.0,0.0,0.0,0.0,0.0,0.0,0,0,0,
2026-09-30T11:09:22,25.0,24.0,25.0,0.0,0.0,0.0,0.0,0.0,0.0,0,0,0,
2026-09-30T11:09:24,25.0,24.0,25.0,0.0,0.0,0.0,0.0,0.0,0.0,0,0,0,
2026-09-30T11:09:26,25.0,24.0,25.0,0.0,0.0,0.0,0.0,0.0,0.0,0,0,0,
2026-09-30T11:09:28,25.0,24.0,25.0,0.0,0.0,0.0,0.0,0.0,0.0,0,0,0,
2026-09-30T11:09:30,25.0,24.0,26.0,0.0,0.0,0.0,0.0,0.0,0.0,0,0,0,
2026-09-30T11:09:32,25.0,24.0,25.0,0.0,0.0,0.0,0.0,0.0,0.0,0,0,0,
2026-09-30T11:09:34,25.0,24.0,25.0,0.0,0.0,0.0,0.0,0.0,0.0,0,0,0,
2026-09-30T11:09:36,25.0,24.0,25.0,0.0,0.0,0.0,0.0,0.0,0.0,0,0,0,
2026-09-30T11:09:38,25.0,24.0,25.0,0.0,0.0,0.0,0.0,0.0,0.0,0,0,0,
2026-09-30T11:09:40,25.0,24.0,25.0,0.0,0.0,0.0,0.0,0.0,0.0,0,0,0,
2026-09-30T11:09:42,25.0,24.0,26.0,0.0,0.0,0.0,0.0,0.0,0.0,0,0,0,
2026-09-30T11:09:44,25.0,24.0,25.0,0.0,0.0,0.0,0.0,0.0,0.0,0,0,0,
2026-09-30T11:09:46,25.0,24.0,25.0,0.0,0.0,0.0,0.0,0.0,0.0,0,0,0,
2026-09-30T11:09:48,25.0,24.0,25.0,0.0,0.0,0.0,0.0,0.0,0.0,0,0,0,
2026-09-30T11:09:50,25.0,24.0,25.0,0.0,0.0,0.0,0.0,0.0,0.0,0,0,0,
2026-09-30T11:09:52,25.0,24.0,25.0,0.0,0.0,0.0,0.0,0.0,0.0,0,0,0,
2026-09-30T11:09:54,25.0,24.0,25.0,0.0,0.0,0.0,0.0,0.0,0.0,0,0,0,
2026-09-30T11:09:56,25.0,24.0,25.0,0.0,0.0,0.0,0.0,0.0,0.0,0,0,0,
2026-09-30T11:09:58,25.0,24.0,25.0,0.0,0.0,0.0,0.0,0.0,0.0,0,0,0,
2026-09-30T11:10:00,25.0,24.0,25.0,0.0,0.0,0.0,0.0,0.0,0.0,0,0,0,
2026-09-30T11:10:02,25.0,24.0,25.0,0.0,0.0,0.0,0.0,0.0,0.0,0,0,0,
2026-09-30T11:10:04,25.0,24.0,25.0,0.0,0.0,0.0,0.0,0.0,0.0,0,0,0,
2026-09-30T11:10:06,25.0,24.0,25.0,0.0,0.0,0.0,0.0,0.0,0.0,0,0,0,
2026-09-30T11:10:08,25.0,24.0,25.0,0.0,0.0,0.0,0.0,0.0,0.0,0,0,0,
2026-09-30T11:10:10,25.0,24.0,25.0,0.0,0.0,0.0,0.0,0.0,0.0,0,0,0,
2026-09-30T11:10:12,25.0,24.0,25.0,0.0,0.0,0.0,0.0,0.0,0.0,0,0,0,
2026-09-30T11:10:14,25.0,24.0,25.0,0.0,0.0,0.0,0.0,0.0,0.0,0,0,0,
2026-09-30T11:10:16,25.0,24.0,25.0,0.0,0.0,0.0,0.0,0.0,0.0,0,0,0,
2026-09-30T11:10:18,25.0,24.0,25.0,0.0,0.0,0.0,0.0,0.0,0.0,0,0,0,
2026-09-30T11:10:20,25.0,24.0,25.0,0.0,0.0,0.0,0.0,0.0,0.0,0,0,0,
2026-09-30T11:10:22,25.0,24.0,25.0,0.0,0.0,0.0,0.0,0.0,0.0,0,0,0,
2026-09-30T11:10:24,25.0,24.0,25.0,0.0,0.0,0.0,0.0,0.0,0.0,0,0,0,
2026-09-30T11:10:26,25.0,24.0,25.0,0.0,0.0,0.0,0.0,0.0,0.0,0,0,0,
2026-09-30T11:10:28,25.0,24.0,25.0,0.0,0.0,0.0,0.0,0.0,0.0,0,0,0,
2026-09-30T11:10:30,25.0,24.0,25.0,0.0,0.0,0.0,0.0,0.0,0.0,0,0,0,
2026-09-30T11:10:32,25.0,24.0,25.0,0.0,0.0,0.0,0.0,0.0,0.0,0,0,0,
2026-09-30T11:10:34,25.0,24.0,25.0,0.0,0.0,0.0,0.0,0.0,0.0,0,0,0,
2026-09-30T11:10:36,25.0,24.0,25.0,0.0,0.0,0.0,0.0,0.0,0.0,0,0,0,
2026-09-30T11:10:38,25.0,24.0,25.0,0.0,0.0,0.0,0.0,0.0,0.0,0,0,0,
2026-09-30T11:10:40,25.0,24.0,25.0,0.0,0.0,0.0,0.0,0.0,0.0,0,0,0,
2026-09-30T11:10:42,25.0,24.0,25.0,0.0,0.0,0.0,0.0,0.0,0.0,0,0,0,
2026-09-30T11:10:44,25.0,24.0,25.0,0.0,0.0,0.0,0.0,0.0,0.0,0,0,0,
2026-09-30T11:10:46,25.0,24.0,25.0,0.0,0.0,0.0,0.0,0.0,0.0,0,0,0,
2026-09-30T11:10:48,25.0,24.0,25.0,0.0,0.0,0.0,0.0,0.0,0.0,0,0,0,
2026-09-30T11:10:50,25.0,24.0,25.0,0.0,0.0,0.0,0.0,0.0,0.0,0,0,0,
2026-09-30T11:10:52,25.0,24.0,25.0,0.0,0.0,0.0,0.0,0.0,0.0,0,0,0,
2026-09-30T11:10:54,25.0,24.0,25.0,0.0,0.0,0.0,0.0,0.0,0.0,0,0,0,
2026-09-30T11:10:56,25.0,24.0,25.0,0.0,0.0,0.0,0.0,0.0,0.0,0,0,0,
2026-09-30T11:10:58,25.0,24.0,25.0,0.0,0.0,0.0,0.0,0.0,0.0,0,0,0,
2026-09-30T11:11:00,25.0,24.0,25.0,0.0,0.0,0.0,0.0,0.0,0.0,0,0,0,
2026-09-30T11:11:02,25.0,24.0,25.0,0.0,0.0,0.0,0.0,0.0,0.0,0,0,0,
2026-09-30T11:11:04,25.0,24.0,26.0,0.0,0.0,0.0,0.0,0.0,0.0,0,0,0,
2026-09-30T11:11:07,25.0,24.0,25.0,0.0,0.0,0.0,0.0,0.0,0.0,0,0,0,
2026-09-30T11:11:09,25.0,24.0,25.0,0.0,0.0,0.0,0.0,0.0,0.0,0,0,0,
2026-09-30T11:11:11,25.0,24.0,25.0,0.0,0.0,0.0,0.0,0.0,0.0,0,0,0,
2026-09-30T11:11:13,25.0,24.0,25.0,0.0,0.0,0.0,0.0,0.0,0.0,0,0,0,
2026-09-30T11:11:15,25.0,24.0,25.0,0.0,0.0,0.0,0.0,0.0,0.0,0,0,0,
2026-09-30T11:11:17,25.0,24.0,25.0,0.0,0.0,0.0,0.0,0.0,0.0,0,0,0,
2026-09-30T11:11:19,25.0,24.0,25.0,0.0,0.0,0.0,0.0,0.0,0.0,0,0,0,
2026-09-30T11:11:21,25.0,24.0,25.0,0.0,0.0,0.0,0.0,0.0,0.0,0,0,0,
2026-09-30T11:11:23,25.0,24.0,25.0,0.0,0.0,0.0,0.0,0.0,0.0,0,0,0,
2026-09-30T11:11:25,25.0,24.0,25.0,0.0,0.0,0.0,0.0,0.0,0.0,0,0,0,
2026-09-30T11:11:27,25.0,24.0,25.0,0.0,0.0,0.0,0.0,0.0,0.0,0,0,0,
2026-09-30T11:11:29,25.0,24.0,25.0,0.0,0.0,0.0,0.0,0.0,0.0,0,0,0,
2026-09-30T11:11:31,25.0,24.0,25.0,0.0,0.0,0.0,0.0,0.0,0.0,0,0,0,
2026-09-30T11:11:33,25.0,24.0,25.0,0.0,0.0,0.0,0.0,0.0,0.0,0,0,0,
2026-09-30T11:11:35,25.0,24.0,25.0,0.0,0.0,0.0,0.0,0.0,0.0,0,0,0,
2026-09-30T11:11:37,25.0,24.0,25.0,0.0,0.0,0.0,0.0,0.0,0.0,0,0,0,
2026-09-30T11:11:39,25.0,24.0,25.0,0.0,0.0,0.0,0.0,0.0,0.0,0,0,0,
2026-09-30T11:11:41,25.0,24.0,25.0,0.0,0.0,0.0,0.0,0.0,0.0,0,0,0,
2026-09-30T11:11:43,25.0,24.0,25.0,0.0,0.0,0.0,0.0,0.0,0.0,0,0,0,
2026-09-30T11:11:45,25.0,24.0,25.0,0.0,0.0,0.0,0.0,0.0,0.0,0,0,0,
2026-09-30T11:11:47,25.0,24.0,25.0,0.0,0.0,0.0,0.0,0.0,0.0,0,0,0,
2026-09-30T11:11:49,25.0,24.0,25.0,0.0,0.0,0.0,0.0,0.0,0.0,0,0,0,
2026-09-30T11:11:51,25.0,24.0,25.0,0.0,0.0,0.0,0.0,0.0,0.0,0,0,0,
2026-09-30T11:11:53,25.0,24.0,25.0,0.0,0.0,0.0,0.0,0.0,0.0,0,0,0,
2026-09-30T11:11:55,25.0,24.0,25.0,0.0,0.0,0.0,0.0,0.0,0.0,0,0,0,
2026-09-30T11:11:57,25.0,24.0,26.0,0.0,0.0,0.0,0.0,0.0,0.0,0,0,0,
2026-09-30T11:11:59,25.0,24.0,25.0,0.0,0.0,0.0,0.0,0.0,0.0,0,0,0,
2026-09-30T11:12:01,25.0,24.0,25.0,0.0,0.0,0.0,0.0,0.0,0.0,0,0,0,
2026-09-30T11:12:03,25.0,24.0,25.0,0.0,0.0,0.0,0.0,0.0,0.0,0,0,0,
2026-09-30T11:12:05,25.0,24.0,25.0,0.0,0.0,0.0,0.0,0.0,0.0,0,0,0,
2026-09-30T11:12:07,25.0,24.0,25.0,0.0,0.0,0.0,0.0,0.0,0.0,0,0,0,
2026-09-30T11:12:09,25.0,24.0,25.0,0.0,0.0,0.0,0.0,0.0,0.0,0,0,0,
2026-09-30T11:12:11,25.0,24.0,25.0,0.0,0.0,0.0,0.0,0.0,0.0,0,0,0,
2026-09-30T11:12:13,25.0,24.0,25.0,0.0,0.0,0.0,0.0,0.0,0.0,0,0,0,
2026-09-30T11:12:15,25.0,24.0,25.0,0.0,0.0,0.0,0.0,0.0,0.0,0,0,0,
2026-09-30T11:12:17,25.0,24.0,25.0,0.0,0.0,0.0,0.0,0.0,0.0,0,0,0,
2026-09-30T11:12:19,25.0,24.0,25.0,0.0,0.0,0.0,0.0,0.0,0.0,0,0,0,
2026-09-30T11:12:21,25.0,24.0,25.0,0.0,0.0,0.0,0.0,0.0,0.0,0,0,0,
2026-09-30T11:12:23,25.0,24.0,25.0,0.0,0.0,0.0,0.0,0.0,0.0,0,0,0,
2026-09-30T11:12:25,25.0,24.0,25.0,0.0,0.0,0.0,0.0,0.0,0.0,0,0,0,
2026-09-30T11:12:27,25.0,24.0,25.0,0.0,0.0,0.0,0.0,0.0,0.0,0,0,0,
2026-09-30T11:12:29,25.0,24.0,25.0,0.0,0.0,0.0,0.0,0.0,0.0,0,0,0,
2026-09-30T11:12:31,25.0,24.0,25.0,0.0,0.0,0.0,0.0,0.0,0.0,0,0,0,
2026-09-30T11:12:33,25.0,24.0,25.0,0.0,0.0,0.0,0.0,0.0,0.0,0,0,0,
2026-09-30T11:12:39,25.0,24.0,25.0,0.0,0.0,0.0,0.0,0.0,0.0,0,0,0,
2026-09-30T11:19:13,24.0,23.0,25.0,0.0,0.0,0.0,0.0,0.0,0.0,0,0,0,
2026-09-30T11:19:15,24.0,23.0,25.0,0.0,0.0,0.0,0.0,0.0,0.0,0,0,0,
2026-09-30T11:19:17,24.0,23.0,25.0,0.0,0.0,0.0,0.0,0.0,0.0,0,0,0,
2026-09-30T11:19:19,24.0,23.0,25.0,0.0,0.0,0.0,0.0,0.0,0.0,0,0,0,
2026-09-30T11:19:21,24.0,23.0,25.0,0.0,0.0,0.0,0.0,0.0,0.0,0,0,0,
2026-09-30T11:19:23,24.0,23.0,25.0,0.0,0.0,0.0,0.0,0.0,0.0,0,0,0,
2026-09-30T11:19:25,24.0,23.0,25.0,0.0,0.0,0.0,0.0,0.0,0.0,0,0,0,
2026-09-30T11:19:27,24.0,23.0,25.0,0.0,0.0,0.0,0.0,0.0,0.0,0,0,0,
2026-09-30T11:19:29,24.0,23.0,25.0,0.0,0.0,0.0,0.0,0.0,0.0,0,0,0,
2026-09-30T11:19:31,24.0,23.0,25.0,0.0,0.0,0.0,0.0,0.0,0.0,0,0,0,
2026-09-30T11:19:33,24.0,23.0,25.0,0.0,0.0,0.0,0.0,0.0,0.0,0,0,0,
2026-09-30T11:19:35,24.0,23.0,25.0,0.0,0.0,0.0,0.0,0.0,0.0,0,0,0,
2026-09-30T11:19:37,24.0,23.0,25.0,0.0,0.0,0.0,0.0,0.0,0.0,0,0,0,
2026-09-30T11:19:39,24.0,23.0,25.0,0.0,0.0,0.0,0.0,0.0,0.0,0,0,0,
2026-09-30T11:19:41,24.0,23.0,25.0,0.0,0.0,0.0,0.0,0.0,0.0,0,0,0,
2026-09-30T11:19:43,24.0,23.0,25.0,0.0,0.0,0.0,0.0,0.0,0.0,0,0,0,
2026-09-30T11:19:45,24.0,23.0,25.0,0.0,0.0,0.0,0.0,0.0,0.0,0,0,0,
2026-09-30T11:19:47,24.0,23.0,25.0,0.0,0.0,0.0,0.0,0.0,0.0,0,0,0,
2026-09-30T11:19:49,24.0,23.0,25.0,0.0,0.0,0.0,0.0,0.0,0.0,0,0,0,
2026-09-30T11:19:51,24.0,23.0,25.0,0.0,0.0,0.0,0.0,0.0,0.0,0,0,0,
2026-09-30T11:19:53,24.0,23.0,25.0,0.0,0.0,0.0,0.0,0.0,0.0,0,0,0,
2026-09-30T11:19:55,24.0,23.0,25.0,0.0,0.0,0.0,0.0,0.0,0.0,0,0,0,
2026-09-30T11:19:57,24.0,23.0,25.0,0.0,0.0,0.0,0.0,0.0,0.0,0,0,0,
2026-09-30T11:19:59,24.0,23.0,25.0,0.0,0.0,0.0,0.0,0.0,0.0,0,0,0,
2026-09-30T11:20:01,24.0,23.0,25.0,0.0,0.0,0.0,0.0,0.0,0.0,0,0,0,
2026-09-30T11:20:03,24.0,23.0,25.0,0.0,0.0,0.0,0.0,0.0,0.0,0,0,0,
2026-09-30T11:20:05,24.0,23.0,25.0,0.0,0.0,0.0,0.0,0.0,0.0,0,0,0,
2026-09-30T11:20:07,24.0,23.0,25.0,0.0,0.0,0.0,0.0,0.0,0.0,0,0,0,
2026-09-30T11:20:09,24.0,23.0,25.0,0.0,0.0,0.0,0.0,0.0,0.0,0,0,0,
2026-09-30T11:20:11,24.0,23.0,25.0,0.0,0.0,0.0,0.0,0.0,0.0,0,0,0,
2026-09-30T11:20:13,24.0,23.0,25.0,0.0,0.0,0.0,0.0,0.0,0.0,0,0,0,
2026-09-30T11:20:15,24.0,23.0,25.0,0.0,0.0,0.0,0.0,0.0,0.0,0,0,0,
2026-09-30T11:20:17,24.0,23.0,25.0,0.0,0.0,0.0,0.0,0.0,0.0,0,0,0,
2026-09-30T11:56:09,101.0,104.0,101.0,0.0,0.0,0.0,0.0,0.0,0.0,0,0,0,
2026-09-30T11:56:11,101.0,104.0,101.0,0.0,0.0,0.0,0.0,0.0,0.0,0,0,0,
2026-09-30T11:56:13,101.0,104.0,101.0,0.0,0.0,0.0,0.0,0.0,0.0,0,0,0,
2026-09-30T11:56:15,101.0,104.0,101.0,0.0,0.0,0.0,0.0,0.0,0.0,0,0,0,
2026-09-30T11:56:17,101.0,104.0,101.0,0.0,0.0,0.0,0.0,0.0,0.0,0,0,0,
2026-09-30T11:56:19,101.0,104.0,101.0,0.0,0.0,0.0,0.0,0.0,0.0,0,0,0,
2026-09-30T11:56:21,101.0,104.0,101.0,0.0,0.0,0.0,0.0,0.0,0.0,0,0,0,
2026-09-30T11:56:23,101.0,104.0,101.0,0.0,0.0,0.0,0.0,0.0,0.0,0,0,0,
2026-09-30T11:56:25,101.0,104.0,101.0,0.0,0.0,0.0,0.0,0.0,0.0,0,0,0,
2026-09-30T11:56:27,101.0,104.0,101.0,0.0,0.0,0.0,0.0,0.0,0.0,0,0,0,
2026-09-30T11:56:29,101.0,104.0,101.0,0.0,0.0,0.0,0.0,0.0,0.0,0,0,0,
2026-09-30T11:56:31,101.0,104.0,101.0,0.0,0.0,0.0,0.0,0.0,0.0,0,0,0,
2026-09-30T11:56:33,101.0,104.0,101.0,0.0,0.0,0.0,0.0,0.0,0.0,0,0,0,
2026-09-30T11:56:35,101.0,104.0,101.0,0.0,0.0,0.0,0.0,0.0,0.0,0,0,0,
2026-09-30T11:56:37,101.0,104.0,101.0,0.0,0.0,0.0,0.0,0.0,0.0,0,0,0,
2026-09-30T11:56:39,101.0,104.0,101.0,0.0,0.0,0.0,0.0,0.0,0.0,0,0,0,
2026-09-30T11:56:41,101.0,104.0,101.0,0.0,0.0,0.0,0.0,0.0,0.0,0,0,0,
2026-09-30T11:56:43,101.0,104.0,101.0,0.0,0.0,0.0,0.0,0.0,0.0,0,0,0,
2026-09-30T11:56:45,101.0,104.0,101.0,0.0,0.0,0.0,0.0,0.0,0.0,0,0,0,
2026-09-30T11:56:47,101.0,104.0,101.0,0.0,0.0,0.0,0.0,0.0,0.0,0,0,0,
2026-09-30T11:56:49,101.0,104.0,101.0,0.0,0.0,0.0,0.0,0.0,0.0,0,0,0,
2026-09-30T11:56:51,101.0,104.0,101.0,0.0,0.0,0.0,0.0,0.0,0.0,0,0,0,
2026-09-30T11:56:53,101.0,104.0,101.0,0.0,0.0,0.0,0.0,0.0,0.0,0,0,0,
2026-09-30T11:57:07,100.0,104.0,100.0,0.0,0.0,0.0,0.0,0.0,0.0,0,0,0,
2026-09-30T11:57:09,100.0,104.0,100.0,0.0,0.0,0.0,0.0,0.0,0.0,0,0,0,
2026-09-30T11:57:11,100.0,104.0,100.0,0.0,0.0,0.0,0.0,0.0,0.0,0,0,0,
2026-09-30T11:57:13,100.0,104.0,100.0,0.0,0.0,0.0,0.0,0.0,0.0,0,0,0,
2026-09-30T11:57:15,100.0,104.0,100.0,0.0,0.0,0.0,0.0,0.0,0.0,0,0,0,
2026-09-30T11:57:17,100.0,104.0,100.0,0.0,0.0,0.0,0.0,0.0,0.0,0,0,0,
2026-09-30T11:57:19,100.0,104.0,100.0,0.0,0.0,0.0,0.0,0.0,0.0,0,0,0,
2026-09-30T11:57:21,100.0,104.0,100.0,0.0,0.0,0.0,0.0,0.0,0.0,0,0,0,
2026-09-30T11:57:23,100.0,104.0,100.0,0.0,0.0,0.0,0.0,0.0,0.0,0,0,0,
2026-09-30T11:57:25,100.0,104.0,100.0,0.0,0.0,0.0,0.0,0.0,0.0,0,0,0,
2026-09-30T11:57:27,100.0,104.0,100.0,0.0,0.0,0.0,0.0,0.0,0.0,0,0,0,
2026-09-30T11:57:29,100.0,104.0,100.0,0.0,0.0,0.0,0.0,0.0,0.0,0,0,0,
2026-09-30T11:57:31,100.0,104.0,100.0,0.0,0.0,0.0,0.0,0.0,0.0,0,0,0,
2026-09-30T11:57:33,100.0,104.0,100.0,0.0,0.0,0.0,0.0,0.0,0.0,0,0,0,
2026-09-30T11:57:35,100.0,104.0,100.0,0.0,0.0,0.0,0.0,0.0,0.0,0,0,0,
2026-09-30T11:57:37,100.0,104.0,100.0,0.0,0.0,0.0,0.0,0.0,0.0,0,0,0,
2026-09-30T11:57:39,99.0,104.0,99.0,0.0,0.0,0.0,0.0,0.0,0.0,0,0,0,
2026-09-30T11:57:41,99.0,104.0,99.0,0.0,0.0,0.0,0.0,0.0,0.0,0,0,0,
2026-09-30T11:57:43,99.0,104.0,99.0,0.0,0.0,0.0,0.0,0.0,0.0,0,0,0,
2026-09-30T11:57:45,99.0,104.0,99.0,0.0,0.0,0.0,0.0,0.0,0.0,0,0,0,
2026-09-30T11:57:47,99.0,104.0,99.0,0.0,0.0,0.0,0.0,0.0,0.0,0,0,0,
2026-09-30T11:57:49,99.0,104.0,99.0,0.0,0.0,0.0,0.0,0.0,0.0,0,0,0,
2026-09-30T11:57:51,99.0,104.0,99.0,0.0,0.0,0.0,0.0,0.0,0.0,0,0,0,
2026-09-30T11:57:53,99.0,104.0,99.0,0.0,0.0,0.0,0.0,0.0,0.0,0,0,0,
2026-09-30T11:57:55,99.0,104.0,99.0,0.0,0.0,0.0,0.0,0.0,0.0,0,0,0,
2026-09-30T11:57:57,99.0,104.0,99.0,0.0,0.0,0.0,0.0,0.0,0.0,0,0,0,
2026-09-30T11:57:59,99.0,104.0,99.0,0.0,0.0,0.0,0.0,0.0,0.0,0,0,0,
2026-09-30T11:58:01,99.0,104.0,99.0,0.0,0.0,0.0,0.0,0.0,0.0,0,0,0,
2026-09-30T11:58:03,99.0,104.0,99.0,0.0,0.0,0.0,0.0,0.0,0.0,0,0,0,
2026-09-30T11:58:05,99.0,104.0,99.0,0.0,0.0,0.0,0.0,0.0,0.0,0,0,0,
2026-09-30T11:58:08,99.0,104.0,99.0,0.0,0.0,0.0,0.0,0.0,0.0,0,0,0,
2026-09-30T11:58:10,98.0,104.0,98.0,0.0,0.0,0.0,0.0,0.0,0.0,0,0,0,
2026-09-30T11:58:12,98.0,104.0,98.0,0.0,0.0,0.0,0.0,0.0,0.0,0,0,0,
2026-09-30T11:58:14,98.0,104.0,98.0,0.0,0.0,0.0,0.0,0.0,0.0,0,0,0,
2026-09-30T11:58:16,98.0,104.0,98.0,0.0,0.0,0.0,0.0,0.0,0.0,0,0,0,
2026-09-30T11:58:18,98.0,104.0,98.0,0.0,0.0,0.0,0.0,0.0,0.0,0,0,0,
2026-09-30T11:58:20,98.0,104.0,98.0,0.0,0.0,0.0,0.0,0.0,0.0,0,0,0,
2026-09-30T11:58:22,98.0,104.0,98.0,0.0,0.0,0.0,0.0,0.0,0.0,0,0,0,
2026-09-30T11:58:24,98.0,104.0,98.0,0.0,0.0,0.0,0.0,0.0,0.0,0,0,0,
2026-09-30T11:58:26,98.0,104.0,98.0,0.0,0.0,0.0,0.0,0.0,0.0,0,0,0,
2026-09-30T11:58:28,98.0,104.0,98.0,0.0,0.0,0.0,0.0,0.0,0.0,0,0,0,
2026-09-30T11:58:30,98.0,104.0,98.0,0.0,0.0,0.0,0.0,0.0,0.0,0,0,0,
2026-09-30T11:58:32,98.0,104.0,98.0,0.0,0.0,0.0,0.0,0.0,0.0,0,0,0,
2026-09-30T11:58:34,98.0,104.0,98.0,0.0,0.0,0.0,0.0,0.0,0.0,0,0,0,
2026-09-30T11:58:36,98.0,104.0,97.0,0.0,0.0,0.0,0.0,0.0,0.0,0,0,0,
2026-09-30T11:58:38,98.0,104.0,97.0,0.0,0.0,0.0,0.0,0.0,0.0,0,0,0,
2026-09-30T11:58:40,98.0,104.0,97.0,0.0,0.0,0.0,0.0,0.0,0.0,0,0,0,
2026-09-30T11:58:42,97.0,104.0,97.0,0.0,0.0,0.0,0.0,0.0,0.0,0,0,0,
2026-09-30T11:58:44,97.0,104.0,97.0,0.0,0.0,0.0,0.0,0.0,0.0,0,0,0,
2026-09-30T11:58:46,97.0,104.0,97.0,0.0,0.0,0.0,0.0,0.0,0.0,0,0,0,
2026-09-30T11:58:48,97.0,104.0,97.0,0.0,0.0,0.0,0.0,0.0,0.0,0,0,0,
2026-09-30T11:58:50,97.0,104.0,97.0,0.0,0.0,0.0,0.0,0.0,0.0,0,0,0,
2026-09-30T11:58:52,97.0,104.0,97.0,0.0,0.0,0.0,0.0,0.0,0.0,0,0,0,
2026-09-30T11:58:54,97.0,104.0,97.0,0.0,0.0,0.0,0.0,0.0,0.0,0,0,0,
2026-09-30T11:58:56,97.0,104.0,97.0,0.0,0.0,0.0,0.0,0.0,0.0,0,0,0,
2026-09-30T11:58:58,97.0,104.0,97.0,0.0,0.0,0.0,0.0,0.0,0.0,0,0,0,
2026-09-30T11:59:00,97.0,104.0,96.0,0.0,0.0,0.0,0.0,0.0,0.0,0,0,0,
2026-09-30T11:59:02,97.0,104.0,96.0,0.0,0.0,0.0,0.0,0.0,0.0,0,0,0,
2026-09-30T11:59:04,97.0,104.0,96.0,0.0,0.0,0.0,0.0,0.0,0.0,0,0,0,
2026-09-30T11:59:06,97.0,104.0,96.0,0.0,0.0,0.0,0.0,0.0,0.0,0,0,0,
2026-09-30T11:59:08,97.0,103.0,96.0,0.0,0.0,0.0,0.0,0.0,0.0,0,0,0,
2026-09-30T11:59:10,97.0,103.0,96.0,0.0,0.0,0.0,0.0,0.0,0.0,0,0,0,
2026-09-30T11:59:12,97.0,103.0,96.0,0.0,0.0,0.0,0.0,0.0,0.0,0,0,0,
2026-09-30T11:59:14,96.0,103.0,96.0,0.0,0.0,0.0,0.0,0.0,0.0,0,0,0,
2026-09-30T11:59:16,96.0,103.0,96.0,0.0,0.0,0.0,0.0,0.0,0.0,0,0,0,
2026-09-30T11:59:18,96.0,103.0,96.0,0.0,0.0,0.0,0.0,0.0,0.0,0,0,0,
2026-09-30T11:59:20,96.0,103.0,96.0,0.0,0.0,0.0,0.0,0.0,0.0,0,0,0,
2026-09-30T11:59:22,96.0,103.0,96.0,0.0,0.0,0.0,0.0,0.0,0.0,0,0,0,
2026-09-30T11:59:24,96.0,103.0,96.0,0.0,0.0,0.0,0.0,0.0,0.0,0,0,0,
2026-09-30T11:59:26,96.0,103.0,95.0,0.0,0.0,0.0,0.0,0.0,0.0,0,0,0,
2026-09-30T11:59:28,96.0,103.0,95.0,0.0,0.0,0.0,0.0,0.0,0.0,0,0,0,
2026-09-30T11:59:30,96.0,103.0,95.0,0.0,0.0,0.0,0.0,0.0,0.0,0,0,0,
2026-09-30T11:59:32,96.0,103.0,95.0,0.0,0.0,0.0,0.0,0.0,0.0,0,0,0,
2026-09-30T11:59:34,96.0,103.0,95.0,0.0,0.0,0.0,0.0,0.0,0.0,0,0,0,
2026-09-30T11:59:36,96.0,103.0,95.0,0.0,0.0,0.0,0.0,0.0,0.0,0,0,0,
2026-09-30T11:59:38,96.0,103.0,95.0,0.0,0.0,0.0,0.0,0.0,0.0,0,0,0,
2026-09-30T11:59:40,96.0,103.0,95.0,0.0,0.0,0.0,0.0,0.0,0.0,0,0,0,
2026-09-30T11:59:42,96.0,103.0,95.0,0.0,0.0,0.0,0.0,0.0,0.0,0,0,0,
2026-09-30T11:59:44,96.0,103.0,95.0,0.0,0.0,0.0,0.0,0.0,0.0,0,0,0,
2026-09-30T11:59:46,96.0,103.0,95.0,0.0,0.0,0.0,0.0,0.0,0.0,0,0,0,
2026-09-30T11:59:48,95.0,103.0,95.0,0.0,0.0,0.0,0.0,0.0,0.0,0,0,0,
2026-09-30T11:59:50,95.0,103.0,95.0,0.0,0.0,0.0,0.0,0.0,0.0,0,0,0,
2026-09-30T11:59:52,95.0,103.0,94.0,0.0,0.0,0.0,0.0,0.0,0.0,0,0,0,
2026-09-30T11:59:54,95.0,103.0,94.0,0.0,0.0,0.0,0.0,0.0,0.0,0,0,0,
2026-09-30T11:59:56,95.0,103.0,94.0,0.0,0.0,0.0,0.0,0.0,0.0,0,0,0,
2026-09-30T11:59:58,95.0,103.0,94.0,0.0,0.0,0.0,0.0,0.0,0.0,0,0,0,
2026-09-30T12:00:00,95.0,103.0,94.0,0.0,0.0,0.0,0.0,0.0,0.0,0,0,0,
2026-09-30T12:00:02,95.0,103.0,94.0,0.0,0.0,0.0,0.0,0.0,0.0,0,0,0,
2026-09-30T12:00:04,95.0,103.0,94.0,0.0,0.0,0.0,0.0,0.0,0.0,0,0,0,
2026-09-30T12:00:06,95.0,103.0,94.0,0.0,0.0,0.0,0.0,0.0,0.0,0,0,0,
2026-09-30T12:00:08,95.0,103.0,94.0,0.0,0.0,0.0,0.0,0.0,0.0,0,0,0,
2026-09-30T12:00:10,95.0,103.0,94.0,0.0,0.0,0.0,0.0,0.0,0.0,0,0,0,
2026-09-30T12:00:12,95.0,103.0,94.0,0.0,0.0,0.0,0.0,0.0,0.0,0,0,0,
2026-09-30T12:00:14,95.0,103.0,94.0,0.0,0.0,0.0,0.0,0.0,0.0,0,0,0,
2026-09-30T12:00:16,95.0,103.0,93.0,0.0,0.0,0.0,0.0,0.0,0.0,0,0,0,
2026-09-30T12:00:18,95.0,103.0,93.0,0.0,0.0,0.0,0.0,0.0,0.0,0,0,0,
2026-09-30T12:00:20,94.0,103.0,93.0,0.0,0.0,0.0,0.0,0.0,0.0,0,0,0,
2026-09-30T12:00:22,94.0,103.0,93.0,0.0,0.0,0.0,0.0,0.0,0.0,0,0,0,
2026-09-30T12:00:24,94.0,103.0,93.0,0.0,0.0,0.0,0.0,0.0,0.0,0,0,0,
2026-09-30T12:00:26,94.0,103.0,93.0,0.0,0.0,0.0,0.0,0.0,0.0,0,0,0,
2026-09-30T12:00:28,94.0,103.0,93.0,0.0,0.0,0.0,0.0,0.0,0.0,0,0,0,
2026-09-30T12:00:30,94.0,103.0,93.0,0.0,0.0,0.0,0.0,0.0,0.0,0,0,0,
2026-09-30T12:00:32,94.0,103.0,93.0,0.0,0.0,0.0,0.0,0.0,0.0,0,0,0,
2026-09-30T12:00:34,94.0,103.0,93.0,0.0,0.0,0.0,0.0,0.0,0.0,0,0,0,
2026-09-30T12:00:36,94.0,103.0,93.0,0.0,0.0,0.0,0.0,0.0,0.0,0,0,0,
2026-09-30T12:00:39,94.0,103.0,93.0,0.0,0.0,0.0,0.0,0.0,0.0,0,0,0,
2026-09-30T12:00:41,94.0,103.0,93.0,0.0,0.0,0.0,0.0,0.0,0.0,0,0,0,
2026-09-30T12:00:43,94.0,103.0,93.0,0.0,0.0,0.0,0.0,0.0,0.0,0,0,0,
2026-09-30T12:00:45,94.0,103.0,93.0,0.0,0.0,0.0,0.0,0.0,0.0,0,0,0,
2026-09-30T12:00:47,94.0,103.0,92.0,0.0,0.0,0.0,0.0,0.0,0.0,0,0,0,
2026-09-30T12:00:49,94.0,103.0,92.0,0.0,0.0,0.0,0.0,0.0,0.0,0,0,0,
2026-09-30T12:00:51,94.0,103.0,92.0,0.0,0.0,0.0,0.0,0.0,0.0,0,0,0,
2026-09-30T12:00:53,94.0,103.0,92.0,0.0,0.0,0.0,0.0,0.0,0.0,0,0,0,
2026-09-30T12:00:55,94.0,103.0,92.0,0.0,0.0,0.0,0.0,0.0,0.0,0,0,0,
2026-09-30T12:00:57,94.0,103.0,92.0,0.0,0.0,0.0,0.0,0.0,0.0,0,0,0,
2026-09-30T12:00:59,94.0,103.0,92.0,0.0,0.0,0.0,0.0,0.0,0.0,0,0,0,
2026-09-30T12:01:01,94.0,103.0,92.0,0.0,0.0,0.0,0.0,0.0,0.0,0,0,0,
2026-09-30T12:01:03,93.0,103.0,92.0,0.0,0.0,0.0,0.0,0.0,0.0,0,0,0,
2026-09-30T12:01:05,93.0,103.0,92.0,0.0,0.0,0.0,0.0,0.0,0.0,0,0,0,
2026-09-30T12:01:07,93.0,103.0,92.0,0.0,0.0,0.0,0.0,0.0,0.0,0,0,0,
2026-09-30T12:01:09,93.0,103.0,92.0,0.0,0.0,0.0,0.0,0.0,0.0,0,0,0,
2026-09-30T12:01:11,93.0,103.0,92.0,0.0,0.0,0.0,0.0,0.0,0.0,0,0,0,
2026-09-30T12:01:13,93.0,103.0,92.0,0.0,0.0,0.0,0.0,0.0,0.0,0,0,0,
2026-09-30T12:01:15,93.0,103.0,92.0,0.0,0.0,0.0,0.0,0.0,0.0,0,0,0,
2026-09-30T12:01:17,93.0,103.0,91.0,0.0,0.0,0.0,0.0,0.0,0.0,0,0,0,
2026-09-30T12:01:19,93.0,103.0,91.0,0.0,0.0,0.0,0.0,0.0,0.0,0,0,0,
2026-09-30T12:01:21,93.0,103.0,91.0,0.0,0.0,0.0,0.0,0.0,0.0,0,0,0,
2026-09-30T12:01:23,93.0,103.0,91.0,0.0,0.0,0.0,0.0,0.0,0.0,0,0,0,
2026-09-30T12:01:25,93.0,103.0,91.0,0.0,0.0,0.0,0.0,0.0,0.0,0,0,0,
2026-09-30T12:01:27,93.0,103.0,91.0,0.0,0.0,0.0,0.0,0.0,0.0,0,0,0,
2026-09-30T12:01:29,93.0,103.0,91.0,0.0,0.0,0.0,0.0,0.0,0.0,0,0,0,
2026-09-30T12:01:31,93.0,103.0,91.0,0.0,0.0,0.0,0.0,0.0,0.0,0,0,0,
2026-09-30T12:01:33,93.0,103.0,91.0,0.0,0.0,0.0,0.0,0.0,0.0,0,0,0,
2026-09-30T12:01:35,93.0,103.0,91.0,0.0,0.0,0.0,0.0,0.0,0.0,0,0,0,
2026-09-30T12:01:37,93.0,103.0,91.0,0.0,0.0,0.0,0.0,0.0,0.0,0,0,0,
2026-09-30T12:01:39,93.0,103.0,91.0,0.0,0.0,0.0,0.0,0.0,0.0,0,0,0,
2026-09-30T12:01:41,93.0,103.0,91.0,0.0,0.0,0.0,0.0,0.0,0.0,0,0,0,
2026-09-30T12:01:43,93.0,103.0,91.0,0.0,0.0,0.0,0.0,0.0,0.0,0,0,0,
2026-09-30T12:01:45,93.0,103.0,90.0,0.0,0.0,0.0,0.0,0.0,0.0,0,0,0,
2026-09-30T12:01:47,93.0,103.0,90.0,0.0,0.0,0.0,0.0,0.0,0.0,0,0,0,
2026-09-30T12:01:49,92.0,103.0,90.0,0.0,0.0,0.0,0.0,0.0,0.0,0,0,0,
2026-09-30T12:01:51,92.0,103.0,90.0,0.0,0.0,0.0,0.0,0.0,0.0,0,0,0,
2026-09-30T12:01:53,92.0,102.0,90.0,0.0,0.0,0.0,0.0,0.0,0.0,0,0,0,
2026-09-30T12:01:55,92.0,102.0,90.0,0.0,0.0,0.0,0.0,0.0,0.0,0,0,0,
2026-09-30T12:01:57,92.0,102.0,90.0,0.0,0.0,0.0,0.0,0.0,0.0,0,0,0,
2026-09-30T12:01:59,92.0,102.0,90.0,0.0,0.0,0.0,0.0,0.0,0.0,0,0,0,
2026-09-30T12:02:01,92.0,102.0,90.0,0.0,0.0,0.0,0.0,0.0,0.0,0,0,0,
2026-09-30T12:02:03,92.0,102.0,90.0,0.0,0.0,0.0,0.0,0.0,0.0,0,0,0,
2026-09-30T12:02:05,92.0,102.0,90.0,0.0,0.0,0.0,0.0,0.0,0.0,0,0,0,
2026-09-30T12:02:07,92.0,102.0,90.0,0.0,0.0,0.0,0.0,0.0,0.0,0,0,0,
2026-09-30T12:02:09,92.0,102.0,90.0,0.0,0.0,0.0,0.0,0.0,0.0,0,0,0,
2026-09-30T12:02:11,92.0,102.0,90.0,0.0,0.0,0.0,0.0,0.0,0.0,0,0,0,
2026-09-30T12:02:13,92.0,102.0,89.0,0.0,0.0,0.0,0.0,0.0,0.0,0,0,0,
2026-09-30T12:02:15,92.0,102.0,89.0,0.0,0.0,0.0,0.0,0.0,0.0,0,0,0,
2026-09-30T12:02:17,92.0,102.0,89.0,0.0,0.0,0.0,0.0,0.0,0.0,0,0,0,
2026-09-30T12:02:19,92.0,102.0,89.0,0.0,0.0,0.0,0.0,0.0,0.0,0,0,0,
2026-09-30T12:02:21,92.0,102.0,89.0,0.0,0.0,0.0,0.0,0.0,0.0,0,0,0,
2026-09-30T12:02:23,92.0,102.0,89.0,0.0,0.0,0.0,0.0,0.0,0.0,0,0,0,
2026-09-30T12:02:25,92.0,102.0,89.0,0.0,0.0,0.0,0.0,0.0,0.0,0,0,0,
2026-09-30T12:02:27,92.0,102.0,89.0,0.0,0.0,0.0,0.0,0.0,0.0,0,0,0,
2026-09-30T12:02:29,92.0,102.0,89.0,0.0,0.0,0.0,0.0,0.0,0.0,0,0,0,
2026-09-30T12:02:31,92.0,102.0,89.0,0.0,0.0,0.0,0.0,0.0,0.0,0,0,0,
2026-09-30T12:02:33,91.0,102.0,89.0,0.0,0.0,0.0,0.0,0.0,0.0,0,0,0,
2026-09-30T12:02:35,91.0,102.0,89.0,0.0,0.0,0.0,0.0,0.0,0.0,0,0,0,
2026-09-30T12:02:37,91.0,102.0,89.0,0.0,0.0,0.0,0.0,0.0,0.0,0,0,0,
2026-09-30T12:02:39,91.0,102.0,89.0,0.0,0.0,0.0,0.0,0.0,0.0,0,0,0,
2026-09-30T12:02:41,91.0,102.0,89.0,0.0,0.0,0.0,0.0,0.0,0.0,0,0,0,
2026-09-30T12:02:43,91.0,102.0,88.0,0.0,0.0,0.0,0.0,0.0,0.0,0,0,0,
2026-09-30T12:02:45,91.0,102.0,88.0,0.0,0.0,0.0,0.0,0.0,0.0,0,0,0,
2026-09-30T12:02:47,91.0,102.0,88.0,0.0,0.0,0.0,0.0,0.0,0.0,0,0,0,
2026-09-30T12:02:50,91.0,102.0,88.0,0.0,0.0,0.0,0.0,0.0,0.0,0,0,0,
2026-09-30T12:02:52,91.0,102.0,88.0,0.0,0.0,0.0,0.0,0.0,0.0,0,0,0,
2026-09-30T12:02:54,91.0,102.0,88.0,0.0,0.0,0.0,0.0,0.0,0.0,0,0,0,
2026-09-30T12:02:56,91.0,102.0,88.0,0.0,0.0,0.0,0.0,0.0,0.0,0,0,0,
2026-09-30T12:02:58,91.0,102.0,88.0,0.0,0.0,0.0,0.0,0.0,0.0,0,0,0,
2026-09-30T12:03:00,91.0,102.0,88.0,0.0,0.0,0.0,0.0,0.0,0.0,0,0,0,
2026-09-30T12:03:02,91.0,102.0,88.0,0.0,0.0,0.0,0.0,0.0,0.0,0,0,0,
2026-09-30T12:03:04,91.0,102.0,88.0,0.0,0.0,0.0,0.0,0.0,0.0,0,0,0,
2026-09-30T12:03:06,91.0,102.0,88.0,0.0,0.0,0.0,0.0,0.0,0.0,0,0,0,
2026-09-30T12:03:08,91.0,102.0,88.0,0.0,0.0,0.0,0.0,0.0,0.0,0,0,0,
2026-09-30T12:03:10,91.0,102.0,88.0,0.0,0.0,0.0,0.0,0.0,0.0,0,0,0,
2026-09-30T12:03:12,91.0,102.0,88.0,0.0,0.0,0.0,0.0,0.0,0.0,0,0,0,
2026-09-30T12:03:14,91.0,102.0,88.0,0.0,0.0,0.0,0.0,0.0,0.0,0,0,0,
2026-09-30T12:03:16,91.0,102.0,88.0,0.0,0.0,0.0,0.0,0.0,0.0,0,0,0,
2026-09-30T12:03:18,91.0,102.0,88.0,0.0,0.0,0.0,0.0,0.0,0.0,0,0,0,
2026-09-30T12:03:20,91.0,102.0,88.0,0.0,0.0,0.0,0.0,0.0,0.0,0,0,0,
2026-09-30T12:03:22,91.0,102.0,88.0,0.0,0.0,0.0,0.0,0.0,0.0,0,0,0,
2026-09-30T12:03:24,91.0,102.0,87.0,0.0,0.0,0.0,0.0,0.0,0.0,0,0,0,
2026-09-30T12:03:26,90.0,102.0,87.0,0.0,0.0,0.0,0.0,0.0,0.0,0,0,0,
2026-09-30T12:03:28,90.0,102.0,87.0,0.0,0.0,0.0,0.0,0.0,0.0,0,0,0,
2026-09-30T12:03:30,90.0,102.0,87.0,0.0,0.0,0.0,0.0,0.0,0.0,0,0,0,
2026-09-30T12:03:32,90.0,102.0,87.0,0.0,0.0,0.0,0.0,0.0,0.0,0,0,0,
2026-09-30T12:03:34,90.0,102.0,87.0,0.0,0.0,0.0,0.0,0.0,0.0,0,0,0,
2026-09-30T12:03:36,90.0,102.0,87.0,0.0,0.0,0.0,0.0,0.0,0.0,0,0,0,
2026-09-30T12:03:38,90.0,102.0,87.0,0.0,0.0,0.0,0.0,0.0,0.0,0,0,0,
2026-09-30T12:03:40,90.0,102.0,87.0,0.0,0.0,0.0,0.0,0.0,0.0,0,0,0,
2026-09-30T12:03:42,90.0,102.0,87.0,0.0,0.0,0.0,0.0,0.0,0.0,0,0,0,
2026-09-30T12:03:44,90.0,102.0,87.0,0.0,0.0,0.0,0.0,0.0,0.0,0,0,0,
2026-09-30T12:03:46,90.0,102.0,87.0,0.0,0.0,0.0,0.0,0.0,0.0,0,0,0,
2026-09-30T12:03:48,90.0,102.0,87.0,0.0,0.0,0.0,0.0,0.0,0.0,0,0,0,
2026-09-30T12:03:50,90.0,102.0,87.0,0.0,0.0,0.0,0.0,0.0,0.0,0,0,0,
2026-09-30T12:03:52,90.0,102.0,87.0,0.0,0.0,0.0,0.0,0.0,0.0,0,0,0,
2026-09-30T12:03:54,90.0,102.0,87.0,0.0,0.0,0.0,0.0,0.0,0.0,0,0,0,
2026-09-30T12:03:56,90.0,102.0,87.0,0.0,0.0,0.0,0.0,0.0,0.0,0,0,0,
2026-09-30T12:03:58,90.0,101.0,86.0,0.0,0.0,0.0,0.0,0.0,0.0,0,0,0,
2026-09-30T12:04:00,90.0,102.0,86.0,0.0,0.0,0.0,0.0,0.0,0.0,0,0,0,
2026-09-30T12:04:02,90.0,102.0,86.0,0.0,0.0,0.0,0.0,0.0,0.0,0,0,0,
2026-09-30T12:04:04,90.0,102.0,86.0,0.0,0.0,0.0,0.0,0.0,0.0,0,0,0,
2026-09-30T12:04:06,90.0,102.0,86.0,0.0,0.0,0.0,0.0,0.0,0.0,0,0,0,
2026-09-30T12:04:08,90.0,101.0,86.0,0.0,0.0,0.0,0.0,0.0,0.0,0,0,0,
2026-09-30T12:04:10,90.0,101.0,86.0,0.0,0.0,0.0,0.0,0.0,0.0,0,0,0,
2026-09-30T12:04:12,90.0,101.0,86.0,0.0,0.0,0.0,0.0,0.0,0.0,0,0,0,
2026-09-30T12:04:14,90.0,101.0,86.0,0.0,0.0,0.0,0.0,0.0,0.0,0,0,0,
2026-09-30T12:04:16,90.0,101.0,86.0,0.0,0.0,0.0,0.0,0.0,0.0,0,0,0,
2026-09-30T12:04:18,89.0,101.0,86.0,0.0,0.0,0.0,0.0,0.0,0.0,0,0,0,
2026-09-30T12:04:20,89.0,101.0,86.0,0.0,0.0,0.0,0.0,0.0,0.0,0,0,0,
2026-09-30T12:04:22,89.0,101.0,86.0,0.0,0.0,0.0,0.0,0.0,0.0,0,0,0,
2026-09-30T12:04:24,89.0,101.0,86.0,0.0,0.0,0.0,0.0,0.0,0.0,0,0,0,
2026-09-30T12:04:26,89.0,101.0,86.0,0.0,0.0,0.0,0.0,0.0,0.0,0,0,0,
2026-09-30T12:04:28,89.0,101.0,86.0,0.0,0.0,0.0,0.0,0.0,0.0,0,0,0,
2026-09-30T12:04:30,89.0,101.0,86.0,0.0,0.0,0.0,0.0,0.0,0.0,0,0,0,
2026-09-30T12:04:32,89.0,101.0,86.0,0.0,0.0,0.0,0.0,0.0,0.0,0,0,0,
2026-09-30T12:04:34,89.0,101.0,85.0,0.0,0.0,0.0,0.0,0.0,0.0,0,0,0,
2026-09-30T12:04:36,89.0,101.0,85.0,0.0,0.0,0.0,0.0,0.0,0.0,0,0,0,
2026-09-30T12:04:38,89.0,101.0,85.0,0.0,0.0,0.0,0.0,0.0,0.0,0,0,0,
2026-09-30T12:04:40,89.0,101.0,85.0,0.0,0.0,0.0,0.0,0.0,0.0,0,0,0,
2026-09-30T12:04:42,89.0,101.0,85.0,0.0,0.0,0.0,0.0,0.0,0.0,0,0,0,
2026-09-30T12:04:44,89.0,101.0,85.0,0.0,0.0,0.0,0.0,0.0,0.0,0,0,0,
2026-09-30T12:04:46,89.0,101.0,85.0,0.0,0.0,0.0,0.0,0.0,0.0,0,0,0,
2026-09-30T12:04:48,89.0,101.0,85.0,0.0,0.0,0.0,0.0,0.0,0.0,0,0,0,
2026-09-30T12:04:50,89.0,101.0,85.0,0.0,0.0,0.0,0.0,0.0,0.0,0,0,0,
2026-09-30T12:04:52,89.0,101.0,85.0,0.0,0.0,0.0,0.0,0.0,0.0,0,0,0,
2026-09-30T12:04:54,89.0,101.0,85.0,0.0,0.0,0.0,0.0,0.0,0.0,0,0,0,
2026-09-30T12:04:56,89.0,101.0,85.0,0.0,0.0,0.0,0.0,0.0,0.0,0,0,0,
2026-09-30T12:04:58,89.0,101.0,85.0,0.0,0.0,0.0,0.0,0.0,0.0,0,0,0,
2026-09-30T12:05:00,89.0,101.0,85.0,0.0,0.0,0.0,0.0,0.0,0.0,0,0,0,
2026-09-30T12:05:02,89.0,101.0,85.0,0.0,0.0,0.0,0.0,0.0,0.0,0,0,0,
2026-09-30T12:05:04,89.0,101.0,85.0,0.0,0.0,0.0,0.0,0.0,0.0,0,0,0,
2026-09-30T12:05:06,89.0,101.0,85.0,0.0,0.0,0.0,0.0,0.0,0.0,0,0,0,
2026-09-30T12:05:08,89.0,101.0,85.0,0.0,0.0,0.0,0.0,0.0,0.0,0,0,0,
2026-09-30T12:05:10,89.0,101.0,85.0,0.0,0.0,0.0,0.0,0.0,0.0,0,0,0,
2026-09-30T12:05:12,89.0,101.0,85.0,0.0,0.0,0.0,0.0,0.0,0.0,0,0,0,
2026-09-30T12:05:14,89.0,101.0,84.0,0.0,0.0,0.0,0.0,0.0,0.0,0,0,0,
2026-09-30T12:05:16,89.0,101.0,84.0,0.0,0.0,0.0,0.0,0.0,0.0,0,0,0,
2026-09-30T12:05:18,89.0,101.0,84.0,0.0,0.0,0.0,0.0,0.0,0.0,0,0,0,
2026-09-30T12:05:20,89.0,101.0,84.0,0.0,0.0,0.0,0.0,0.0,0.0,0,0,0,
2026-09-30T12:05:23,88.0,101.0,84.0,0.0,0.0,0.0,0.0,0.0,0.0,0,0,0,
2026-09-30T12:05:25,88.0,101.0,84.0,0.0,0.0,0.0,0.0,0.0,0.0,0,0,0,
2026-09-30T12:05:27,88.0,101.0,84.0,0.0,0.0,0.0,0.0,0.0,0.0,0,0,0,
2026-09-30T12:05:29,88.0,101.0,84.0,0.0,0.0,0.0,0.0,0.0,0.0,0,0,0,
2026-09-30T12:05:31,88.0,101.0,84.0,0.0,0.0,0.0,0.0,0.0,0.0,0,0,0,
2026-09-30T12:05:33,88.0,101.0,84.0,0.0,0.0,0.0,0.0,0.0,0.0,0,0,0,
2026-09-30T12:05:35,88.0,101.0,84.0,0.0,0.0,0.0,0.0,0.0,0.0,0,0,0,
2026-09-30T12:05:37,88.0,101.0,84.0,0.0,0.0,0.0,0.0,0.0,0.0,0,0,0,
2026-09-30T12:05:39,88.0,101.0,84.0,0.0,0.0,0.0,0.0,0.0,0.0,0,0,0,
2026-09-30T12:05:41,88.0,101.0,84.0,0.0,0.0,0.0,0.0,0.0,0.0,0,0,0,
2026-09-30T12:05:43,88.0,101.0,84.0,0.0,0.0,0.0,0.0,0.0,0.0,0,0,0,
2026-09-30T12:05:45,88.0,101.0,84.0,0.0,0.0,0.0,0.0,0.0,0.0,0,0,0,
2026-09-30T12:05:47,88.0,101.0,84.0,0.0,0.0,0.0,0.0,0.0,0.0,0,0,0,
2026-09-30T12:05:49,88.0,101.0,84.0,0.0,0.0,0.0,0.0,0.0,0.0,0,0,0,
2026-09-30T12:05:51,88.0,101.0,84.0,0.0,0.0,0.0,0.0,0.0,0.0,0,0,0,
2026-09-30T12:05:53,88.0,101.0,84.0,0.0,0.0,0.0,0.0,0.0,0.0,0,0,0,
2026-09-30T12:05:55,88.0,101.0,84.0,0.0,0.0,0.0,0.0,0.0,0.0,0,0,0,
2026-09-30T12:05:57,88.0,101.0,83.0,0.0,0.0,0.0,0.0,0.0,0.0,0,0,0,
2026-09-30T12:05:59,88.0,101.0,83.0,0.0,0.0,0.0,0.0,0.0,0.0,0,0,0,
2026-09-30T12:06:01,88.0,101.0,83.0,0.0,0.0,0.0,0.0,0.0,0.0,0,0,0,
2026-09-30T12:06:03,88.0,100.0,83.0,0.0,0.0,0.0,0.0,0.0,0.0,0,0,0,
2026-09-30T12:06:05,88.0,100.0,83.0,0.0,0.0,0.0,0.0,0.0,0.0,0,0,0,
2026-09-30T12:06:07,88.0,100.0,83.0,0.0,0.0,0.0,0.0,0.0,0.0,0,0,0,
2026-09-30T12:06:09,88.0,100.0,83.0,0.0,0.0,0.0,0.0,0.0,0.0,0,0,0,
2026-09-30T12:06:11,88.0,100.0,83.0,0.0,0.0,0.0,0.0,0.0,0.0,0,0,0,
2026-09-30T12:06:13,88.0,100.0,83.0,0.0,0.0,0.0,0.0,0.0,0.0,0,0,0,
2026-09-30T12:06:15,88.0,100.0,83.0,0.0,0.0,0.0,0.0,0.0,0.0,0,0,0,
2026-09-30T12:06:17,88.0,100.0,83.0,0.0,0.0,0.0,0.0,0.0,0.0,0,0,0,
2026-09-30T12:06:19,88.0,100.0,83.0,0.0,0.0,0.0,0.0,0.0,0.0,0,0,0,
2026-09-30T12:06:21,88.0,100.0,83.0,0.0,0.0,0.0,0.0,0.0,0.0,0,0,0,
2026-09-30T12:06:23,88.0,100.0,83.0,0.0,0.0,0.0,0.0,0.0,0.0,0,0,0,
2026-09-30T12:06:25,87.0,100.0,83.0,0.0,0.0,0.0,0.0,0.0,0.0,0,0,0,
2026-09-30T12:06:27,87.0,100.0,83.0,0.0,0.0,0.0,0.0,0.0,0.0,0,0,0,
2026-09-30T12:06:29,87.0,100.0,83.0,0.0,0.0,0.0,0.0,0.0,0.0,0,0,0,
2026-09-30T12:06:31,87.0,100.0,83.0,0.0,0.0,0.0,0.0,0.0,0.0,0,0,0,
2026-09-30T12:06:33,87.0,100.0,83.0,0.0,0.0,0.0,0.0,0.0,0.0,0,0,0,
2026-09-30T12:06:35,87.0,100.0,83.0,0.0,0.0,0.0,0.0,0.0,0.0,0,0,0,
2026-09-30T12:06:37,87.0,100.0,82.0,0.0,0.0,0.0,0.0,0.0,0.0,0,0,0,
2026-09-30T12:06:39,87.0,100.0,82.0,0.0,0.0,0.0,0.0,0.0,0.0,0,0,0,
2026-09-30T12:06:41,87.0,100.0,82.0,0.0,0.0,0.0,0.0,0.0,0.0,0,0,0,
2026-09-30T12:06:43,87.0,100.0,82.0,0.0,0.0,0.0,0.0,0.0,0.0,0,0,0,
2026-09-30T12:06:45,87.0,100.0,82.0,0.0,0.0,0.0,0.0,0.0,0.0,0,0,0,
2026-09-30T12:06:47,87.0,100.0,82.0,0.0,0.0,0.0,0.0,0.0,0.0,0,0,0,
2026-09-30T12:06:49,87.0,100.0,82.0,0.0,0.0,0.0,0.0,0.0,0.0,0,0,0,
2026-09-30T12:06:51,87.0,100.0,82.0,0.0,0.0,0.0,0.0,0.0,0.0,0,0,0,
2026-09-30T12:06:53,87.0,100.0,82.0,0.0,0.0,0.0,0.0,0.0,0.0,0,0,0,
2026-09-30T12:06:55,87.0,100.0,82.0,0.0,0.0,0.0,0.0,0.0,0.0,0,0,0,
2026-09-30T12:06:57,87.0,100.0,82.0,0.0,0.0,0.0,0.0,0.0,0.0,0,0,0,
2026-09-30T12:06:59,87.0,100.0,82.0,0.0,0.0,0.0,0.0,0.0,0.0,0,0,0,
2026-09-30T12:07:01,87.0,100.0,82.0,0.0,0.0,0.0,0.0,0.0,0.0,0,0,0,
2026-09-30T12:07:03,87.0,100.0,82.0,0.0,0.0,0.0,0.0,0.0,0.0,0,0,0,
2026-09-30T12:07:05,87.0,100.0,82.0,0.0,0.0,0.0,0.0,0.0,0.0,0,0,0,
2026-09-30T12:07:07,87.0,100.0,82.0,0.0,0.0,0.0,0.0,0.0,0.0,0,0,0,
2026-09-30T12:07:09,87.0,100.0,82.0,0.0,0.0,0.0,0.0,0.0,0.0,0,0,0,
2026-09-30T12:07:11,87.0,100.0,82.0,0.0,0.0,0.0,0.0,0.0,0.0,0,0,0,
2026-09-30T12:07:13,87.0,100.0,82.0,0.0,0.0,0.0,0.0,0.0,0.0,0,0,0,
2026-09-30T12:07:15,87.0,100.0,82.0,0.0,0.0,0.0,0.0,0.0,0.0,0,0,0,
2026-09-30T12:07:17,87.0,100.0,82.0,0.0,0.0,0.0,0.0,0.0,0.0,0,0,0,
2026-09-30T12:07:19,87.0,100.0,82.0,0.0,0.0,0.0,0.0,0.0,0.0,0,0,0,
2026-09-30T12:07:21,87.0,100.0,82.0,0.0,0.0,0.0,0.0,0.0,0.0,0,0,0,
2026-09-30T12:07:23,87.0,100.0,82.0,0.0,0.0,0.0,0.0,0.0,0.0,0,0,0,
2026-09-30T12:07:25,87.0,100.0,82.0,0.0,0.0,0.0,0.0,0.0,0.0,0,0,0,
2026-09-30T12:07:27,87.0,100.0,81.0,0.0,0.0,0.0,0.0,0.0,0.0,0,0,0,
2026-09-30T12:07:29,87.0,100.0,81.0,0.0,0.0,0.0,0.0,0.0,0.0,0,0,0,
2026-09-30T12:07:31,87.0,100.0,81.0,0.0,0.0,0.0,0.0,0.0,0.0,0,0,0,
2026-09-30T12:07:33,87.0,100.0,81.0,0.0,0.0,0.0,0.0,0.0,0.0,0,0,0,
2026-09-30T12:07:35,87.0,100.0,81.0,0.0,0.0,0.0,0.0,0.0,0.0,0,0,0,
2026-09-30T12:07:37,87.0,100.0,81.0,0.0,0.0,0.0,0.0,0.0,0.0,0,0,0,
2026-09-30T12:07:39,86.0,100.0,81.0,0.0,0.0,0.0,0.0,0.0,0.0,0,0,0,
2026-09-30T12:07:41,86.0,100.0,81.0,0.0,0.0,0.0,0.0,0.0,0.0,0,0,0,
2026-09-30T12:07:43,86.0,100.0,81.0,0.0,0.0,0.0,0.0,0.0,0.0,0,0,0,
2026-09-30T12:07:45,86.0,100.0,81.0,0.0,0.0,0.0,0.0,0.0,0.0,0,0,0,
2026-09-30T12:07:47,86.0,100.0,81.0,0.0,0.0,0.0,0.0,0.0,0.0,0,0,0,
2026-09-30T12:07:50,86.0,100.0,81.0,0.0,0.0,0.0,0.0,0.0,0.0,0,0,0,
2026-09-30T12:07:52,86.0,100.0,81.0,0.0,0.0,0.0,0.0,0.0,0.0,0,0,0,
2026-09-30T12:07:54,86.0,100.0,81.0,0.0,0.0,0.0,0.0,0.0,0.0,0,0,0,
2026-09-30T12:07:56,86.0,100.0,81.0,0.0,0.0,0.0,0.0,0.0,0.0,0,0,0,
2026-09-30T12:07:58,86.0,100.0,81.0,0.0,0.0,0.0,0.0,0.0,0.0,0,0,0,
2026-09-30T12:08:00,86.0,100.0,81.0,0.0,0.0,0.0,0.0,0.0,0.0,0,0,0,
2026-09-30T12:08:02,86.0,100.0,81.0,0.0,0.0,0.0,0.0,0.0,0.0,0,0,0,
2026-09-30T12:08:04,86.0,100.0,81.0,0.0,0.0,0.0,0.0,0.0,0.0,0,0,0,
2026-09-30T12:08:06,86.0,100.0,81.0,0.0,0.0,0.0,0.0,0.0,0.0,0,0,0,
2026-09-30T12:08:08,86.0,100.0,81.0,0.0,0.0,0.0,0.0,0.0,0.0,0,0,0,
2026-09-30T12:08:10,86.0,100.0,81.0,0.0,0.0,0.0,0.0,0.0,0.0,0,0,0,
2026-09-30T12:08:12,86.0,100.0,81.0,0.0,0.0,0.0,0.0,0.0,0.0,0,0,0,
2026-09-30T12:08:14,86.0,100.0,81.0,0.0,0.0,0.0,0.0,0.0,0.0,0,0,0,
2026-09-30T12:08:16,86.0,99.0,81.0,0.0,0.0,0.0,0.0,0.0,0.0,0,0,0,
2026-09-30T12:08:18,86.0,99.0,80.0,0.0,0.0,0.0,0.0,0.0,0.0,0,0,0,
2026-09-30T12:08:20,86.0,99.0,80.0,0.0,0.0,0.0,0.0,0.0,0.0,0,0,0,
2026-09-30T12:08:22,86.0,99.0,80.0,0.0,0.0,0.0,0.0,0.0,0.0,0,0,0,
2026-09-30T12:08:24,86.0,99.0,80.0,0.0,0.0,0.0,0.0,0.0,0.0,0,0,0,
2026-09-30T12:08:26,86.0,99.0,80.0,0.0,0.0,0.0,0.0,0.0,0.0,0,0,0,
2026-09-30T12:08:28,86.0,95.0,77.0,0.0,0.0,0.0,0.0,0.0,0.0,0,0,0,
2026-09-30T12:08:30,84.0,90.0,71.0,0.0,0.0,0.0,0.0,0.0,0.0,0,0,0,
2026-09-30T12:08:32,83.0,86.0,66.0,0.0,0.0,0.0,0.0,0.0,0.0,0,0,0,
2026-09-30T12:08:34,82.0,82.0,62.0,0.0,0.0,0.0,0.0,0.0,0.0,0,0,0,
2026-09-30T12:08:36,80.0,80.0,59.0,0.0,0.0,0.0,0.0,0.0,0.0,0,0,0,
2026-09-30T12:08:38,79.0,77.0,56.0,0.0,0.0,0.0,0.0,0.0,0.0,0,0,0,
2026-09-30T12:08:40,78.0,74.0,54.0,0.0,0.0,0.0,0.0,0.0,0.0,0,0,0,
2026-09-30T12:08:42,78.0,72.0,53.0,0.0,0.0,0.0,0.0,0.0,0.0,0,0,0,
2026-09-30T12:08:44,77.0,70.0,51.0,0.0,0.0,0.0,0.0,0.0,0.0,0,0,0,
2026-09-30T12:08:46,76.0,67.0,50.0,0.0,0.0,0.0,0.0,0.0,0.0,0,0,0,
2026-09-30T12:08:48,75.0,66.0,49.0,0.0,0.0,0.0,0.0,0.0,0.0,0,0,0,
2026-09-30T12:08:50,74.0,64.0,48.0,0.0,0.0,0.0,0.0,1.9,0.0,0,0,0,
2026-09-30T12:08:52,74.0,62.0,47.0,0.0,0.0,0.0,0.0,4.1,0.0,0,0,0,
2026-09-30T12:08:54,73.0,61.0,46.0,0.0,0.0,0.0,0.0,6.5,0.0,0,0,0,
2026-09-30T12:08:56,73.0,59.0,46.0,0.0,0.0,0.0,0.0,8.8,0.0,0,0,0,
2026-09-30T12:08:58,72.0,58.0,45.0,0.0,0.0,0.0,0.0,10.9,0.0,0,0,0,
2026-09-30T12:09:00,71.0,57.0,44.0,0.0,0.0,0.0,0.0,12.7,0.0,0,0,0,
2026-09-30T12:09:02,71.0,56.0,44.0,0.0,0.0,0.0,0.0,14.4,0.0,0,0,0,
2026-09-30T12:09:04,70.0,55.0,43.0,0.0,0.0,0.0,0.0,16.0,0.0,0,0,0,
2026-09-30T12:09:06,70.0,54.0,43.0,0.0,0.0,0.0,0.0,17.4,0.0,0,0,0,
2026-09-30T12:09:08,69.0,53.0,42.0,0.0,0.0,0.0,0.0,19.0,0.0,0,0,0,
2026-09-30T12:09:10,69.0,52.0,42.0,0.0,0.0,0.0,0.0,9.5,0.0,0,0,0,
2026-09-30T12:09:12,68.0,51.0,41.0,0.0,0.0,0.0,0.0,14.5,0.0,0,0,0,
2026-09-30T12:09:14,68.0,50.0,41.0,0.0,0.0,0.0,0.0,6.0,0.0,0,0,0,
2026-09-30T12:09:16,67.0,49.0,41.0,0.0,0.0,0.0,0.0,2.3,0.0,0,0,0,
2026-09-30T12:09:18,67.0,49.0,40.0,0.0,0.0,0.0,0.0,0.1,0.0,0,0,0,
2026-09-30T12:09:20,66.0,48.0,40.0,0.0,0.0,0.0,0.0,0.0,0.0,0,0,0,
2026-09-30T12:09:22,66.0,48.0,39.0,0.0,0.0,0.0,0.0,0.0,0.0,0,0,0,
2026-09-30T12:09:24,66.0,47.0,39.0,0.0,0.0,0.0,0.0,0.0,0.0,0,0,0,
2026-09-30T12:09:26,65.0,47.0,39.0,0.0,0.0,0.0,0.0,0.0,0.0,0,0,0,
2026-09-30T12:09:28,65.0,46.0,39.0,0.0,0.0,0.0,0.0,0.0,0.0,0,0,0,
2026-09-30T12:09:30,65.0,46.0,38.0,0.0,0.0,0.0,0.0,0.0,0.0,0,0,0,
2026-09-30T12:09:32,64.0,45.0,38.0,0.0,0.0,0.0,0.0,0.0,0.0,0,0,0,
2026-09-30T12:09:34,64.0,45.0,38.0,0.0,0.0,0.0,0.0,0.0,0.0,0,0,0,
2026-09-30T12:09:36,63.0,44.0,37.0,0.0,0.0,0.0,0.0,0.0,0.0,0,0,0,
2026-09-30T12:09:38,63.0,44.0,37.0,0.0,0.0,0.0,0.0,0.0,0.0,0,0,0,
2026-09-30T12:09:40,63.0,43.0,37.0,0.0,0.0,0.0,0.0,0.0,0.0,0,0,0,
2026-09-30T12:09:42,62.0,43.0,37.0,0.0,0.0,0.0,0.0,0.0,0.0,0,0,0,
2026-09-30T12:09:44,62.0,43.0,37.0,0.0,0.0,0.0,0.0,0.0,0.0,0,0,0,
2026-09-30T12:09:46,62.0,42.0,36.0,0.0,0.0,0.0,0.0,0.0,0.0,0,0,0,
2026-09-30T12:09:48,61.0,42.0,36.0,0.0,0.0,0.0,0.0,0.0,0.0,0,0,0,
2026-09-30T12:09:50,61.0,42.0,36.0,0.0,0.0,0.0,0.0,0.0,0.0,0,0,0,
2026-09-30T12:09:52,61.0,41.0,36.0,0.0,0.0,0.0,0.0,0.0,0.0,0,0,0,
2026-09-30T12:09:54,61.0,41.0,36.0,0.0,0.0,0.0,0.0,0.0,0.0,0,0,0,
2026-09-30T12:09:56,60.0,41.0,35.0,0.0,0.0,0.0,0.0,0.0,0.0,0,0,0,
2026-09-30T12:09:58,60.0,41.0,35.0,0.0,0.0,0.0,0.0,0.0,0.0,0,0,0,
2026-09-30T12:10:00,60.0,40.0,35.0,0.0,0.0,0.0,0.0,0.0,0.0,0,0,0,
2026-09-30T12:10:02,59.0,40.0,35.0,0.0,0.0,0.0,0.0,0.0,0.0,0,0,0,
2026-09-30T12:10:04,59.0,40.0,35.0,0.0,0.0,0.0,0.0,0.0,0.0,0,0,0,
2026-09-30T12:10:06,59.0,40.0,35.0,0.0,0.0,0.0,0.0,0.0,0.0,0,0,0,
2026-09-30T12:10:09,59.0,39.0,35.0,0.0,0.0,0.0,0.0,0.0,0.0,0,0,0,
2026-09-30T12:10:11,58.0,39.0,34.0,0.0,0.0,0.0,0.0,0.0,0.0,0,0,0,
2026-09-30T12:10:13,58.0,39.0,34.0,0.0,0.0,0.0,0.0,0.0,0.0,0,0,0,
2026-09-30T12:10:15,58.0,39.0,34.0,0.0,0.0,0.0,0.0,0.0,0.0,0,0,0,
2026-09-30T12:10:17,58.0,39.0,34.0,0.0,0.0,0.0,0.0,0.0,0.0,0,0,0,
2026-09-30T12:10:19,57.0,38.0,34.0,0.0,0.0,0.0,0.0,0.0,0.0,0,0,0,
2026-09-30T12:10:21,57.0,38.0,34.0,0.0,0.0,0.0,0.0,0.0,0.0,0,0,0,
2026-09-30T12:10:23,57.0,38.0,34.0,0.0,0.0,0.0,0.0,0.0,0.0,0,0,0,
2026-09-30T12:10:25,56.0,38.0,34.0,0.0,0.0,0.0,0.0,0.0,0.0,0,0,0,
2026-09-30T12:10:27,56.0,38.0,33.0,0.0,0.0,0.0,0.0,0.0,0.0,0,0,0,
2026-09-30T12:10:29,56.0,38.0,33.0,0.0,0.0,0.0,0.0,0.0,0.0,0,0,0,
2026-09-30T12:10:31,56.0,37.0,33.0,0.0,0.0,0.0,0.0,0.0,0.0,0,0,0,
2026-09-30T12:10:33,55.0,37.0,33.0,0.0,0.0,0.0,0.0,0.0,0.0,0,0,0,
2026-09-30T12:10:35,55.0,37.0,33.0,0.0,0.0,0.0,0.0,0.0,0.0,0,0,0,
2026-09-30T12:10:37,55.0,37.0,33.0,0.0,0.0,0.0,0.0,0.0,0.0,0,0,0,
2026-09-30T12:10:39,55.0,37.0,33.0,0.0,0.0,0.0,0.0,0.0,0.0,0,0,0,
2026-09-30T12:10:41,55.0,37.0,33.0,0.0,0.0,0.0,0.0,0.0,0.0,0,0,0,
2026-09-30T12:10:43,54.0,37.0,32.0,0.0,0.0,0.0,0.0,0.0,0.0,0,0,0,
2026-09-30T12:10:45,54.0,36.0,32.0,0.0,0.0,0.0,0.0,0.0,0.0,0,0,0,
2026-09-30T12:10:47,54.0,36.0,32.0,0.0,0.0,0.0,0.0,0.0,0.0,0,0,0,
2026-09-30T12:10:49,54.0,36.0,32.0,0.0,0.0,0.0,0.0,0.0,0.0,0,0,0,
2026-09-30T12:10:51,54.0,36.0,32.0,0.0,0.0,0.0,0.0,0.0,0.0,0,0,0,
2026-09-30T12:10:53,53.0,36.0,32.0,0.0,0.0,0.0,0.0,0.0,0.0,0,0,0,
2026-09-30T12:10:55,53.0,36.0,32.0,0.0,0.0,0.0,0.0,0.0,0.0,0,0,0,
2026-09-30T12:10:57,53.0,36.0,32.0,0.0,0.0,0.0,0.0,0.0,0.0,0,0,0,
2026-09-30T12:10:59,53.0,36.0,32.0,0.0,0.0,0.0,0.0,0.0,0.0,0,0,0,
2026-09-30T12:11:01,52.0,35.0,32.0,0.0,0.0,0.0,0.0,0.0,0.0,0,0,0,
2026-09-30T12:11:03,52.0,35.0,32.0,0.0,0.0,0.0,0.0,0.0,0.0,0,0,0,
2026-09-30T12:11:05,52.0,35.0,32.0,0.0,0.0,0.0,0.0,0.0,0.0,0,0,0,
2026-09-30T12:11:07,52.0,35.0,32.0,0.0,0.0,0.0,0.0,0.0,0.0,0,0,0,
2026-09-30T12:11:09,52.0,35.0,31.0,0.0,0.0,0.0,0.0,0.0,0.0,0,0,0,
2026-09-30T12:11:11,52.0,35.0,31.0,0.0,0.0,0.0,0.0,0.0,0.0,0,0,0,
2026-09-30T12:11:13,51.0,35.0,31.0,0.0,0.0,0.0,0.0,0.0,0.0,0,0,0,
2026-09-30T12:11:15,51.0,35.0,31.0,0.0,0.0,0.0,0.0,0.0,0.0,0,0,0,
2026-09-30T12:11:17,51.0,35.0,31.0,0.0,0.0,0.0,0.0,0.0,0.0,0,0,0,
2026-09-30T12:11:19,51.0,34.0,31.0,0.0,0.0,0.0,0.0,0.0,0.0,0,0,0,
2026-09-30T12:11:21,51.0,34.0,31.0,0.0,0.0,0.0,0.0,0.0,0.0,0,0,0,
2026-09-30T12:11:23,50.0,34.0,31.0,0.0,0.0,0.0,0.0,0.0,0.0,0,0,0,
2026-09-30T12:11:25,50.0,34.0,31.0,0.0,0.0,0.0,0.0,0.0,0.0,0,0,0,
2026-09-30T12:11:27,50.0,34.0,31.0,0.0,0.0,0.0,0.0,0.0,0.0,0,0,0,
2026-09-30T12:11:29,50.0,34.0,31.0,0.0,0.0,0.0,0.0,0.0,0.0,0,0,0,
2026-09-30T12:11:31,50.0,34.0,31.0,0.0,0.0,0.0,0.0,0.0,0.0,0,0,0,
2026-09-30T12:11:33,50.0,34.0,31.0,0.0,0.0,0.0,0.0,0.0,0.0,0,0,0,
2026-09-30T12:11:35,49.0,34.0,31.0,0.0,0.0,0.0,0.0,0.0,0.0,0,0,0,
2026-09-30T12:11:37,49.0,34.0,31.0,0.0,0.0,0.0,0.0,0.0,0.0,0,0,0,
2026-09-30T12:11:39,49.0,33.0,31.0,0.0,0.0,0.0,0.0,0.0,0.0,0,0,0,
2026-09-30T12:11:41,49.0,33.0,30.0,0.0,0.0,0.0,0.0,0.0,0.0,0,0,0,
2026-09-30T12:11:43,49.0,33.0,30.0,0.0,0.0,0.0,0.0,0.0,0.0,0,0,0,
2026-09-30T12:11:45,49.0,33.0,30.0,0.0,0.0,0.0,0.0,0.0,0.0,0,0,0,
2026-09-30T12:11:47,49.0,33.0,30.0,0.0,0.0,0.0,0.0,0.0,0.0,0,0,0,
2026-09-30T12:11:49,48.0,33.0,30.0,0.0,0.0,0.0,0.0,0.0,0.0,0,0,0,
2026-09-30T12:11:51,48.0,33.0,30.0,0.0,0.0,0.0,0.0,0.0,0.0,0,0,0,
2026-09-30T12:11:53,48.0,33.0,30.0,0.0,0.0,0.0,0.0,0.0,0.0,0,0,0,
2026-09-30T12:11:55,48.0,33.0,30.0,0.0,0.0,0.0,0.0,0.0,0.0,0,0,0,
2026-09-30T12:11:57,48.0,33.0,30.0,0.0,0.0,0.0,0.0,0.0,0.0,0,0,0,
2026-09-30T12:11:59,48.0,33.0,30.0,0.0,0.0,0.0,0.0,0.0,0.0,0,0,0,
2026-09-30T12:12:01,48.0,33.0,30.0,0.0,0.0,0.0,0.0,0.0,0.0,0,0,0,
2026-09-30T12:12:03,47.0,32.0,30.0,0.0,0.0,0.0,0.0,0.0,0.0,0,0,0,
2026-09-30T12:12:05,47.0,32.0,30.0,0.0,0.0,0.0,0.0,0.0,0.0,0,0,0,
2026-09-30T12:12:07,47.0,32.0,30.0,0.0,0.0,0.0,0.0,0.0,0.0,0,0,0,
2026-09-30T12:12:09,47.0,32.0,30.0,0.0,0.0,0.0,0.0,0.0,0.0,0,0,0,
2026-09-30T12:12:11,47.0,32.0,30.0,0.0,0.0,0.0,0.0,0.0,0.0,0,0,0,
2026-09-30T12:12:13,47.0,32.0,30.0,0.0,0.0,0.0,0.0,0.0,0.0,0,0,0,
2026-09-30T12:12:15,47.0,32.0,30.0,0.0,0.0,0.0,0.0,0.0,0.0,0,0,0,
2026-09-30T12:12:17,46.0,32.0,30.0,0.0,0.0,0.0,0.0,0.0,0.0,0,0,0,
2026-09-30T12:12:19,46.0,32.0,30.0,0.0,0.0,0.0,0.0,0.0,0.0,0,0,0,
2026-09-30T12:12:21,46.0,32.0,30.0,0.0,0.0,0.0,0.0,0.0,0.0,0,0,0,
2026-09-30T12:12:23,46.0,32.0,29.0,0.0,0.0,0.0,0.0,0.0,0.0,0,0,0,
2026-09-30T12:12:25,46.0,32.0,29.0,0.0,0.0,0.0,0.0,0.0,0.0,0,0,0,
2026-09-30T12:12:27,46.0,32.0,29.0,0.0,0.0,0.0,0.0,0.0,0.0,0,0,0,
2026-09-30T12:12:29,46.0,31.0,29.0,0.0,0.0,0.0,0.0,0.0,0.0,0,0,0,
2026-09-30T12:12:31,46.0,31.0,29.0,0.0,0.0,0.0,0.0,0.0,0.0,0,0,0,
2026-09-30T12:12:33,45.0,31.0,29.0,0.0,0.0,0.0,0.0,0.0,0.0,0,0,0,
2026-09-30T12:12:35,45.0,31.0,29.0,0.0,0.0,0.0,0.0,0.0,0.0,0,0,0,
2026-09-30T12:12:37,45.0,31.0,29.0,0.0,0.0,0.0,0.0,0.0,0.0,0,0,0,
2026-09-30T12:12:39,45.0,31.0,29.0,0.0,0.0,0.0,0.0,0.0,0.0,0,0,0,
2026-09-30T12:12:42,45.0,31.0,29.0,0.0,0.0,0.0,0.0,0.0,0.0,0,0,0,
2026-09-30T12:12:44,45.0,31.0,29.0,0.0,0.0,0.0,0.0,0.0,0.0,0,0,0,
2026-09-30T12:12:46,45.0,31.0,29.0,0.0,0.0,0.0,0.0,0.0,0.0,0,0,0,
2026-09-30T12:12:48,44.0,31.0,29.0,0.0,0.0,0.0,0.0,0.0,0.0,0,0,0,
2026-09-30T12:12:50,44.0,31.0,29.0,0.0,0.0,0.0,0.0,0.0,0.0,0,0,0,
2026-09-30T12:12:52,44.0,31.0,29.0,0.0,0.0,0.0,0.0,0.0,0.0,0,0,0,
2026-09-30T12:12:54,44.0,31.0,29.0,0.0,0.0,0.0,0.0,0.0,0.0,0,0,0,
2026-09-30T12:12:56,44.0,31.0,29.0,0.0,0.0,0.0,0.0,0.0,0.0,0,0,0,
2026-09-30T12:12:58,44.0,31.0,29.0,0.0,0.0,0.0,0.0,0.0,0.0,0,0,0,
2026-09-30T12:13:00,44.0,31.0,29.0,0.0,0.0,0.0,0.0,0.0,0.0,0,0,0,
2026-09-30T12:13:02,44.0,31.0,29.0,0.0,0.0,0.0,0.0,0.0,0.0,0,0,0,
2026-09-30T12:13:04,44.0,30.0,29.0,0.0,0.0,0.0,0.0,0.0,0.0,0,0,0,
2026-09-30T12:13:06,43.0,30.0,29.0,0.0,0.0,0.0,0.0,0.0,0.0,0,0,0,
2026-09-30T12:13:08,43.0,30.0,29.0,0.0,0.0,0.0,0.0,0.0,0.0,0,0,0,
2026-09-30T12:13:10,43.0,30.0,29.0,0.0,0.0,0.0,0.0,0.0,0.0,0,0,0,
2026-09-30T12:13:12,43.0,30.0,29.0,0.0,0.0,0.0,0.0,0.0,0.0,0,0,0,
2026-09-30T12:13:14,43.0,30.0,29.0,0.0,0.0,0.0,0.0,0.0,0.0,0,0,0,
2026-09-30T12:13:16,43.0,30.0,29.0,0.0,0.0,0.0,0.0,0.0,0.0,0,0,0,
2026-09-30T12:13:18,43.0,30.0,29.0,0.0,0.0,0.0,0.0,0.0,0.0,0,0,0,
2026-09-30T12:13:20,43.0,30.0,29.0,0.0,0.0,0.0,0.0,0.0,0.0,0,0,0,
2026-09-30T12:13:22,43.0,30.0,29.0,0.0,0.0,0.0,0.0,0.0,0.0,0,0,0,
2026-09-30T12:13:24,42.0,30.0,29.0,0.0,0.0,0.0,0.0,0.0,0.0,0,0,0,
2026-09-30T12:13:26,42.0,30.0,28.0,0.0,0.0,0.0,0.0,0.0,0.0,0,0,0,
2026-09-30T12:13:28,42.0,30.0,29.0,0.0,0.0,0.0,0.0,0.0,0.0,0,0,0,
2026-09-30T12:13:30,42.0,30.0,29.0,0.0,0.0,0.0,0.0,0.0,0.0,0,0,0,
2026-09-30T12:13:32,42.0,30.0,28.0,0.0,0.0,0.0,0.0,0.0,0.0,0,0,0,
2026-09-30T12:13:34,42.0,30.0,28.0,0.0,0.0,0.0,0.0,0.0,0.0,0,0,0,
2026-09-30T12:13:36,42.0,30.0,28.0,0.0,0.0,0.0,0.0,0.0,0.0,0,0,0,
2026-09-30T12:13:38,42.0,30.0,28.0,0.0,0.0,0.0,0.0,0.0,0.0,0,0,0,
2026-09-30T12:13:40,42.0,30.0,28.0,0.0,0.0,0.0,0.0,0.0,0.0,0,0,0,
2026-09-30T12:13:42,42.0,30.0,28.0,0.0,0.0,0.0,0.0,0.0,0.0,0,0,0,
2026-09-30T12:13:44,41.0,29.0,28.0,0.0,0.0,0.0,0.0,0.0,0.0,0,0,0,
2026-09-30T12:13:46,41.0,29.0,28.0,0.0,0.0,0.0,0.0,0.0,0.0,0,0,0,
2026-09-30T12:13:48,41.0,29.0,28.0,0.0,0.0,0.0,0.0,0.0,0.0,0,0,0,
2026-09-30T12:13:50,41.0,29.0,28.0,0.0,0.0,0.0,0.0,0.0,0.0,0,0,0,
2026-09-30T12:13:52,41.0,29.0,28.0,0.0,0.0,0.0,0.0,0.0,0.0,0,0,0,
2026-09-30T12:13:54,41.0,29.0,28.0,0.0,0.0,0.0,0.0,0.0,0.0,0,0,0,
2026-09-30T12:13:56,41.0,29.0,28.0,0.0,0.0,0.0,0.0,0.0,0.0,0,0,0,
2026-09-30T12:13:58,41.0,29.0,28.0,0.0,0.0,0.0,0.0,0.0,0.0,0,0,0,
2026-09-30T12:14:00,41.0,29.0,28.0,0.0,0.0,0.0,0.0,0.0,0.0,0,0,0,
2026-09-30T12:14:02,41.0,29.0,28.0,0.0,0.0,0.0,0.0,0.0,0.0,0,0,0,
2026-09-30T12:14:04,41.0,29.0,28.0,0.0,0.0,0.0,0.0,0.0,0.0,0,0,0,
2026-09-30T12:14:06,41.0,29.0,28.0,0.0,0.0,0.0,0.0,0.0,0.0,0,0,0,
2026-09-30T12:14:08,40.0,29.0,28.0,0.0,0.0,0.0,0.0,0.0,0.0,0,0,0,
2026-09-30T12:14:10,40.0,29.0,28.0,0.0,0.0,0.0,0.0,0.0,0.0,0,0,0,
2026-09-30T12:14:12,40.0,29.0,28.0,0.0,0.0,0.0,0.0,0.0,0.0,0,0,0,
2026-09-30T12:14:14,40.0,29.0,28.0,0.0,0.0,0.0,0.0,0.0,0.0,0,0,0,
2026-09-30T12:14:16,40.0,29.0,28.0,0.0,0.0,0.0,0.0,0.0,0.0,0,0,0,
2026-09-30T12:14:18,40.0,29.0,28.0,0.0,0.0,0.0,0.0,0.0,0.0,0,0,0,
2026-09-30T12:14:20,40.0,29.0,28.0,0.0,0.0,0.0,0.0,0.0,0.0,0,0,0,
2026-09-30T12:14:22,40.0,29.0,28.0,0.0,0.0,0.0,0.0,0.0,0.0,0,0,0,
2026-09-30T12:14:24,40.0,29.0,28.0,0.0,0.0,0.0,0.0,0.0,0.0,0,0,0,
2026-09-30T12:14:26,40.0,29.0,28.0,0.0,0.0,0.0,0.0,0.0,0.0,0,0,0,
2026-09-30T12:14:28,40.0,29.0,28.0,0.0,0.0,0.0,0.0,0.0,0.0,0,0,0,
2026-09-30T12:14:30,39.0,29.0,28.0,0.0,0.0,0.0,0.0,0.0,0.0,0,0,0,
2026-09-30T12:14:32,39.0,29.0,28.0,0.0,0.0,0.0,0.0,0.0,0.0,0,0,0,
2026-09-30T12:14:34,39.0,29.0,28.0,0.0,0.0,0.0,0.0,0.0,0.0,0,0,0,
2026-09-30T12:14:36,39.0,28.0,28.0,0.0,0.0,0.0,0.0,0.0,0.0,0,0,0,
2026-09-30T12:14:38,39.0,28.0,28.0,0.0,0.0,0.0,0.0,0.0,0.0,0,0,0,
2026-09-30T12:14:40,39.0,28.0,28.0,0.0,0.0,0.0,0.0,0.0,0.0,0,0,0,
2026-09-30T12:14:43,39.0,28.0,28.0,0.0,0.0,0.0,0.0,0.0,0.0,0,0,0,
2026-09-30T12:14:48,39.0,28.0,28.0,0.0,0.0,0.0,0.0,0.0,0.0,0,0,0,
2026-09-30T12:56:19,101.0,103.0,101.0,0.0,0.0,0.0,0.0,0.0,0.0,0,0,0,
2026-09-30T12:56:21,101.0,103.0,101.0,0.0,0.0,0.0,0.0,0.0,0.0,0,0,0,
2026-09-30T12:56:23,101.0,103.0,101.0,0.0,0.0,0.0,0.0,0.0,0.0,0,0,0,
2026-09-30T12:56:25,101.0,103.0,101.0,0.0,0.0,0.0,0.0,0.0,0.0,0,0,0,
2026-09-30T12:56:28,101.0,103.0,101.0,0.0,0.0,0.0,0.0,0.0,0.0,0,0,0,
2026-09-30T12:56:30,101.0,103.0,101.0,0.0,0.0,0.0,0.0,0.0,0.0,0,0,0,
2026-09-30T12:56:32,101.0,103.0,101.0,0.0,0.0,0.0,0.0,0.0,0.0,0,0,0,
2026-09-30T12:56:34,101.0,103.0,101.0,0.0,0.0,0.0,0.0,0.0,0.0,0,0,0,
2026-09-30T12:56:36,101.0,103.0,101.0,0.0,0.0,0.0,0.0,0.0,0.0,0,0,0,
2026-09-30T12:56:38,101.0,103.0,101.0,0.0,0.0,0.0,0.0,0.0,0.0,0,0,0,
2026-09-30T12:56:40,101.0,103.0,101.0,0.0,0.0,0.0,0.0,0.0,0.0,0,0,0,
2026-09-30T12:56:42,101.0,103.0,101.0,0.0,0.0,0.0,0.0,0.0,0.0,0,0,0,
2026-09-30T12:56:44,101.0,103.0,101.0,0.0,0.0,0.0,0.0,0.0,0.0,0,0,0,
2026-09-30T12:56:46,101.0,103.0,101.0,0.0,0.0,0.0,0.0,0.0,0.0,0,0,0,
2026-09-30T12:56:48,101.0,103.0,101.0,0.0,0.0,0.0,0.0,0.0,0.0,0,0,0,
2026-09-30T12:56:50,101.0,103.0,101.0,0.0,0.0,0.0,0.0,0.0,0.0,0,0,0,
2026-09-30T12:56:52,101.0,103.0,101.0,0.0,0.0,0.0,0.0,0.0,0.0,0,0,0,
2026-09-30T12:56:54,101.0,103.0,101.0,0.0,0.0,0.0,0.0,0.0,0.0,0,0,0,
2026-09-30T12:56:56,101.0,103.0,101.0,0.0,0.0,0.0,0.0,0.0,0.0,0,0,0,
2026-09-30T12:56:58,101.0,103.0,101.0,0.0,0.0,0.0,0.0,0.0,0.0,0,0,0,
2026-09-30T12:57:00,101.0,103.0,101.0,0.0,0.0,0.0,0.0,0.0,0.0,0,0,0,
2026-09-30T12:57:02,101.0,103.0,101.0,0.0,0.0,0.0,0.0,0.0,0.0,0,0,0,
2026-09-30T12:57:04,101.0,103.0,101.0,0.0,0.0,0.0,0.0,0.0,0.0,0,0,0,
2026-09-30T12:57:06,101.0,103.0,100.0,0.0,0.0,0.0,0.0,0.0,0.0,0,0,0,
2026-09-30T12:57:08,100.0,103.0,101.0,0.0,0.0,0.0,0.0,0.0,0.0,0,0,0,
2026-09-30T12:57:10,100.0,104.0,101.0,0.0,0.0,0.0,0.0,0.0,0.0,0,0,0,
2026-09-30T12:57:12,100.0,104.0,100.0,0.0,0.0,0.0,0.0,0.0,0.0,0,0,0,
2026-09-30T12:57:14,100.0,104.0,100.0,0.0,0.0,0.0,0.0,0.0,0.0,0,0,0,
2026-09-30T12:57:16,100.0,104.0,100.0,0.0,0.0,0.0,0.0,0.0,0.0,0,0,0,
2026-09-30T12:57:18,100.0,104.0,100.0,0.0,0.0,0.0,0.0,0.0,0.0,0,0,0,
2026-09-30T12:57:20,100.0,104.0,100.0,0.0,0.0,0.0,0.0,0.0,0.0,0,0,0,
2026-09-30T12:57:22,100.0,104.0,100.0,0.0,0.0,0.0,0.0,0.0,0.0,0,0,0,
2026-09-30T12:57:24,100.0,104.0,100.0,0.0,0.0,0.0,0.0,0.0,0.0,0,0,0,
2026-09-30T12:57:26,100.0,104.0,100.0,0.0,0.0,0.0,0.0,0.0,0.0,0,0,0,
2026-09-30T12:57:28,100.0,104.0,100.0,0.0,0.0,0.0,0.0,0.0,0.0,0,0,0,
2026-09-30T12:57:30,100.0,104.0,100.0,0.0,0.0,0.0,0.0,0.0,0.0,0,0,0,
2026-09-30T12:57:32,100.0,104.0,100.0,0.0,0.0,0.0,0.0,0.0,0.0,0,0,0,
2026-09-30T12:57:34,100.0,104.0,100.0,0.0,0.0,0.0,0.0,0.0,0.0,0,0,0,
2026-09-30T12:57:36,100.0,103.0,100.0,0.0,0.0,0.0,0.0,0.0,0.0,0,0,0,
2026-09-30T12:57:38,100.0,103.0,100.0,0.0,0.0,0.0,0.0,0.0,0.0,0,0,0,
2026-09-30T12:57:40,100.0,103.0,100.0,0.0,0.0,0.0,0.0,0.0,0.0,0,0,0,
2026-09-30T12:57:42,100.0,104.0,100.0,0.0,0.0,0.0,0.0,0.0,0.0,0,0,0,
2026-09-30T12:57:44,100.0,104.0,100.0,0.0,0.0,0.0,0.0,0.0,0.0,0,0,0,
2026-09-30T12:57:46,100.0,104.0,100.0,0.0,0.0,0.0,0.0,0.0,0.0,0,0,0,
2026-09-30T12:57:48,100.0,104.0,100.0,0.0,0.0,0.0,0.0,0.0,0.0,0,0,0,
2026-09-30T12:57:50,100.0,103.0,99.0,0.0,0.0,0.0,0.0,0.0,0.0,0,0,0,
2026-09-30T12:57:52,99.0,103.0,99.0,0.0,0.0,0.0,0.0,0.0,0.0,0,0,0,
2026-09-30T12:57:54,99.0,103.0,99.0,0.0,0.0,0.0,0.0,0.0,0.0,0,0,0,
2026-09-30T12:57:56,99.0,104.0,99.0,0.0,0.0,0.0,0.0,0.0,0.0,0,0,0,
2026-09-30T12:57:58,99.0,104.0,99.0,0.0,0.0,0.0,0.0,0.0,0.0,0,0,0,
2026-09-30T12:58:00,99.0,104.0,99.0,0.0,0.0,0.0,0.0,0.0,0.0,0,0,0,
2026-09-30T12:58:02,99.0,104.0,99.0,0.0,0.0,0.0,0.0,0.0,0.0,0,0,0,
2026-09-30T12:58:04,99.0,103.0,99.0,0.0,0.0,0.0,0.0,0.0,0.0,0,0,0,
2026-09-30T12:58:06,99.0,103.0,99.0,0.0,0.0,0.0,0.0,0.0,0.0,0,0,0,
2026-09-30T12:58:08,99.0,103.0,99.0,0.0,0.0,0.0,0.0,0.0,0.0,0,0,0,
2026-09-30T12:58:10,99.0,103.0,99.0,0.0,0.0,0.0,0.0,0.0,0.0,0,0,0,
2026-09-30T12:58:12,99.0,104.0,99.0,0.0,0.0,0.0,0.0,0.0,0.0,0,0,0,
2026-09-30T12:58:14,99.0,103.0,99.0,0.0,0.0,0.0,0.0,0.0,0.0,0,0,0,
2026-09-30T12:58:16,99.0,103.0,98.0,0.0,0.0,0.0,0.0,0.0,0.0,0,0,0,
2026-09-30T12:58:18,99.0,103.0,98.0,0.0,0.0,0.0,0.0,0.0,0.0,0,0,0,
2026-09-30T12:58:20,99.0,103.0,98.0,0.0,0.0,0.0,0.0,0.0,0.0,0,0,0,
2026-09-30T12:58:22,99.0,103.0,98.0,0.0,0.0,0.0,0.0,0.0,0.0,0,0,0,
2026-09-30T12:58:24,99.0,103.0,98.0,0.0,0.0,0.0,0.0,0.0,0.0,0,0,0,
2026-09-30T12:58:26,99.0,103.0,98.0,0.0,0.0,0.0,0.0,0.0,0.0,0,0,0,
2026-09-30T12:58:28,99.0,104.0,98.0,0.0,0.0,0.0,0.0,0.0,0.0,0,0,0,
2026-09-30T12:58:30,98.0,103.0,98.0,0.0,0.0,0.0,0.0,0.0,0.0,0,0,0,
2026-09-30T12:58:32,98.0,103.0,98.0,0.0,0.0,0.0,0.0,0.0,0.0,0,0,0,
2026-09-30T12:58:34,98.0,103.0,98.0,0.0,0.0,0.0,0.0,0.0,0.0,0,0,0,
2026-09-30T12:58:36,98.0,103.0,98.0,0.0,0.0,0.0,0.0,0.0,0.0,0,0,0,
2026-09-30T12:58:38,98.0,103.0,98.0,0.0,0.0,0.0,0.0,0.0,0.0,0,0,0,
2026-09-30T12:58:40,98.0,103.0,98.0,0.0,0.0,0.0,0.0,0.0,0.0,0,0,0,
2026-09-30T12:58:43,98.0,103.0,98.0,0.0,0.0,0.0,0.0,0.0,0.0,0,0,0,
2026-09-30T12:58:44,98.0,104.0,98.0,0.0,0.0,0.0,0.0,0.0,0.0,0,0,0,
2026-09-30T12:58:46,98.0,103.0,97.0,0.0,0.0,0.0,0.0,0.0,0.0,0,0,0,
2026-09-30T12:58:48,98.0,103.0,97.0,0.0,0.0,0.0,0.0,0.0,0.0,0,0,0,
2026-09-30T12:58:50,98.0,103.0,97.0,0.0,0.0,0.0,0.0,0.0,0.0,0,0,0,
2026-09-30T12:58:52,98.0,103.0,97.0,0.0,0.0,0.0,0.0,0.0,0.0,0,0,0,
2026-09-30T12:58:54,98.0,103.0,97.0,0.0,0.0,0.0,0.0,0.0,0.0,0,0,0,
2026-09-30T12:58:56,98.0,103.0,97.0,0.0,0.0,0.0,0.0,0.0,0.0,0,0,0,
2026-09-30T12:58:59,98.0,103.0,97.0,0.0,0.0,0.0,0.0,0.0,0.0,0,0,0,
2026-09-30T12:59:01,98.0,103.0,97.0,0.0,0.0,0.0,0.0,0.0,0.0,0,0,0,
2026-09-30T12:59:03,98.0,103.0,97.0,0.0,0.0,0.0,0.0,0.0,0.0,0,0,0,
2026-09-30T12:59:05,98.0,103.0,97.0,0.0,0.0,0.0,0.0,0.0,0.0,0,0,0,
2026-09-30T12:59:07,98.0,103.0,97.0,0.0,0.0,0.0,0.0,0.0,0.0,0,0,0,
2026-09-30T12:59:09,98.0,103.0,97.0,0.0,0.0,0.0,0.0,0.0,0.0,0,0,0,
2026-09-30T12:59:11,97.0,103.0,97.0,0.0,0.0,0.0,0.0,0.0,0.0,0,0,0,
2026-09-30T12:59:13,98.0,103.0,96.0,0.0,0.0,0.0,0.0,0.0,0.0,0,0,0,
2026-09-30T12:59:15,97.0,103.0,96.0,0.0,0.0,0.0,0.0,0.0,0.0,0,0,0,
2026-09-30T12:59:17,97.0,103.0,96.0,0.0,0.0,0.0,0.0,0.0,0.0,0,0,0,
2026-09-30T12:59:19,97.0,103.0,96.0,0.0,0.0,0.0,0.0,0.0,0.0,0,0,0,
2026-09-30T12:59:21,97.0,103.0,96.0,0.0,0.0,0.0,0.0,0.0,0.0,0,0,0,
2026-09-30T12:59:23,97.0,103.0,96.0,0.0,0.0,0.0,0.0,0.0,0.0,0,0,0,
2026-09-30T12:59:25,97.0,103.0,96.0,0.0,0.0,0.0,0.0,0.0,0.0,0,0,0,
2026-09-30T12:59:27,97.0,103.0,96.0,0.0,0.0,0.0,0.0,0.0,0.0,0,0,0,
2026-09-30T12:59:29,97.0,103.0,96.0,0.0,0.0,0.0,0.0,0.0,0.0,0,0,0,
2026-09-30T12:59:31,97.0,103.0,96.0,0.0,0.0,0.0,0.0,0.0,0.0,0,0,0,
2026-09-30T12:59:33,97.0,103.0,96.0,0.0,0.0,0.0,0.0,0.0,0.0,0,0,0,
2026-09-30T12:59:35,97.0,103.0,96.0,0.0,0.0,0.0,0.0,0.0,0.0,0,0,0,
2026-09-30T12:59:37,97.0,103.0,96.0,0.0,0.0,0.0,0.0,0.0,0.0,0,0,0,
2026-09-30T12:59:39,97.0,103.0,95.0,0.0,0.0,0.0,0.0,0.0,0.0,0,0,0,
2026-09-30T12:59:41,97.0,103.0,95.0,0.0,0.0,0.0,0.0,0.0,0.0,0,0,0,
2026-09-30T12:59:43,97.0,103.0,95.0,0.0,0.0,0.0,0.0,0.0,0.0,0,0,0,
2026-09-30T12:59:45,97.0,103.0,95.0,0.0,0.0,0.0,0.0,0.0,0.0,0,0,0,
2026-09-30T12:59:47,97.0,103.0,95.0,0.0,0.0,0.0,0.0,0.0,0.0,0,0,0,
2026-09-30T12:59:49,97.0,103.0,95.0,0.0,0.0,0.0,0.0,0.0,0.0,0,0,0,
2026-09-30T12:59:51,97.0,103.0,95.0,0.0,0.0,0.0,0.0,0.0,0.0,0,0,0,
2026-09-30T12:59:53,97.0,103.0,95.0,0.0,0.0,0.0,0.0,0.0,0.0,0,0,0,
2026-09-30T12:59:55,97.0,103.0,95.0,0.0,0.0,0.0,0.0,0.0,0.0,0,0,0,
2026-09-30T12:59:57,96.0,103.0,95.0,0.0,0.0,0.0,0.0,0.0,0.0,0,0,0,
2026-09-30T12:59:59,96.0,103.0,95.0,0.0,0.0,0.0,0.0,0.0,0.0,0,0,0,
2026-09-30T13:00:01,96.0,103.0,95.0,0.0,0.0,0.0,0.0,0.0,0.0,0,0,0,
2026-09-30T13:00:03,96.0,103.0,95.0,0.0,0.0,0.0,0.0,0.0,0.0,0,0,0,
2026-09-30T13:00:05,96.0,103.0,95.0,0.0,0.0,0.0,0.0,0.0,0.0,0,0,0,
2026-09-30T13:00:07,96.0,103.0,95.0,0.0,0.0,0.0,0.0,0.0,0.0,0,0,0,
2026-09-30T13:00:09,96.0,103.0,95.0,0.0,0.0,0.0,0.0,0.0,0.0,0,0,0,
2026-09-30T13:00:11,96.0,103.0,94.0,0.0,0.0,0.0,0.0,0.0,0.0,0,0,0,
2026-09-30T13:00:13,96.0,103.0,94.0,0.0,0.0,0.0,0.0,0.0,0.0,0,0,0,
2026-09-30T13:00:15,96.0,103.0,94.0,0.0,0.0,0.0,0.0,0.0,0.0,0,0,0,
2026-09-30T13:00:17,96.0,103.0,94.0,0.0,0.0,0.0,0.0,0.0,0.0,0,0,0,
2026-09-30T13:00:19,96.0,103.0,94.0,0.0,0.0,0.0,0.0,0.0,0.0,0,0,0,
2026-09-30T13:00:21,96.0,103.0,94.0,0.0,0.0,0.0,0.0,0.0,0.0,0,0,0,
2026-09-30T13:00:23,96.0,103.0,94.0,0.0,0.0,0.0,0.0,0.0,0.0,0,0,0,
2026-09-30T13:00:25,96.0,103.0,94.0,0.0,0.0,0.0,0.0,0.0,0.0,0,0,0,
2026-09-30T13:00:27,96.0,103.0,94.0,0.0,0.0,0.0,0.0,0.0,0.0,0,0,0,
2026-09-30T13:00:29,96.0,103.0,94.0,0.0,0.0,0.0,0.0,0.0,0.0,0,0,0,
2026-09-30T13:00:31,96.0,103.0,94.0,0.0,0.0,0.0,0.0,0.0,0.0,0,0,0,
2026-09-30T13:00:33,96.0,103.0,94.0,0.0,0.0,0.0,0.0,0.0,0.0,0,0,0,
2026-09-30T13:00:35,96.0,103.0,94.0,0.0,0.0,0.0,0.0,0.0,0.0,0,0,0,
2026-09-30T13:00:37,96.0,103.0,94.0,0.0,0.0,0.0,0.0,0.0,0.0,0,0,0,
2026-09-30T13:00:39,96.0,103.0,93.0,0.0,0.0,0.0,0.0,0.0,0.0,0,0,0,
2026-09-30T13:00:41,96.0,103.0,93.0,0.0,0.0,0.0,0.0,0.0,0.0,0,0,0,
2026-09-30T13:00:43,96.0,103.0,93.0,0.0,0.0,0.0,0.0,0.0,0.0,0,0,0,
2026-09-30T13:00:45,95.0,103.0,93.0,0.0,0.0,0.0,0.0,0.0,0.0,0,0,0,
2026-09-30T13:00:47,95.0,103.0,93.0,0.0,0.0,0.0,0.0,0.0,0.0,0,0,0,
2026-09-30T13:00:49,95.0,103.0,93.0,0.0,0.0,0.0,0.0,0.0,0.0,0,0,0,
2026-09-30T13:00:51,95.0,103.0,93.0,0.0,0.0,0.0,0.0,0.0,0.0,0,0,0,
2026-09-30T13:00:53,95.0,103.0,93.0,0.0,0.0,0.0,0.0,0.0,0.0,0,0,0,
2026-09-30T13:00:55,95.0,103.0,93.0,0.0,0.0,0.0,0.0,0.0,0.0,0,0,0,
2026-09-30T13:00:57,95.0,103.0,93.0,0.0,0.0,0.0,0.0,0.0,0.0,0,0,0,
2026-09-30T13:00:59,95.0,103.0,93.0,0.0,0.0,0.0,0.0,0.0,0.0,0,0,0,
2026-09-30T13:01:01,95.0,103.0,93.0,0.0,0.0,0.0,0.0,0.0,0.0,0,0,0,
2026-09-30T13:01:03,95.0,103.0,93.0,0.0,0.0,0.0,0.0,0.0,0.0,0,0,0,
2026-09-30T13:01:05,95.0,103.0,92.0,0.0,0.0,0.0,0.0,0.0,0.0,0,0,0,
2026-09-30T13:01:07,95.0,103.0,92.0,0.0,0.0,0.0,0.0,0.0,0.0,0,0,0,
2026-09-30T13:01:09,95.0,103.0,92.0,0.0,0.0,0.0,0.0,0.0,0.0,0,0,0,
2026-09-30T13:01:11,95.0,103.0,92.0,0.0,0.0,0.0,0.0,0.0,0.0,0,0,0,
2026-09-30T13:01:14,95.0,103.0,92.0,0.0,0.0,0.0,0.0,0.0,0.0,0,0,0,
2026-09-30T13:01:16,95.0,103.0,92.0,0.0,0.0,0.0,0.0,0.0,0.0,0,0,0,
2026-09-30T13:01:18,95.0,103.0,92.0,0.0,0.0,0.0,0.0,0.0,0.0,0,0,0,
2026-09-30T13:01:20,95.0,103.0,92.0,0.0,0.0,0.0,0.0,0.0,0.0,0,0,0,
2026-09-30T13:01:22,95.0,103.0,92.0,0.0,0.0,0.0,0.0,0.0,0.0,0,0,0,
2026-09-30T13:01:24,95.0,103.0,92.0,0.0,0.0,0.0,0.0,0.0,0.0,0,0,0,
2026-09-30T13:01:26,95.0,103.0,92.0,0.0,0.0,0.0,0.0,0.0,0.0,0,0,0,
2026-09-30T13:01:28,95.0,103.0,92.0,0.0,0.0,0.0,0.0,0.0,0.0,0,0,0,
2026-09-30T13:01:30,95.0,103.0,92.0,0.0,0.0,0.0,0.0,0.0,0.0,0,0,0,
2026-09-30T13:01:32,95.0,103.0,92.0,0.0,0.0,0.0,0.0,0.0,0.0,0,0,0,
2026-09-30T13:01:34,95.0,103.0,91.0,0.0,0.0,0.0,0.0,0.0,0.0,0,0,0,
2026-09-30T13:01:36,95.0,103.0,91.0,0.0,0.0,0.0,0.0,0.0,0.0,0,0,0,
2026-09-30T13:01:38,94.0,103.0,91.0,0.0,0.0,0.0,0.0,0.0,0.0,0,0,0,
2026-09-30T13:01:40,94.0,103.0,91.0,0.0,0.0,0.0,0.0,0.0,0.0,0,0,0,
2026-09-30T13:01:42,94.0,103.0,91.0,0.0,0.0,0.0,0.0,0.0,0.0,0,0,0,
2026-09-30T13:01:44,94.0,102.0,91.0,0.0,0.0,0.0,0.0,0.0,0.0,0,0,0,
2026-09-30T13:01:46,94.0,102.0,91.0,0.0,0.0,0.0,0.0,0.0,0.0,0,0,0,
2026-09-30T13:01:48,94.0,102.0,91.0,0.0,0.0,0.0,0.0,0.0,0.0,0,0,0,
2026-09-30T13:01:50,94.0,103.0,91.0,0.0,0.0,0.0,0.0,0.0,0.0,0,0,0,
2026-09-30T13:01:52,94.0,103.0,91.0,0.0,0.0,0.0,0.0,0.0,0.0,0,0,0,
2026-09-30T13:01:54,94.0,103.0,91.0,0.0,0.0,0.0,0.0,0.0,0.0,0,0,0,
2026-09-30T13:01:56,94.0,103.0,91.0,0.0,0.0,0.0,0.0,0.0,0.0,0,0,0,
2026-09-30T13:01:58,94.0,102.0,91.0,0.0,0.0,0.0,0.0,0.0,0.0,0,0,0,
2026-09-30T13:02:00,94.0,102.0,91.0,0.0,0.0,0.0,0.0,0.0,0.0,0,0,0,
2026-09-30T13:02:02,94.0,102.0,91.0,0.0,0.0,0.0,0.0,0.0,0.0,0,0,0,
2026-09-30T13:02:04,94.0,102.0,91.0,0.0,0.0,0.0,0.0,0.0,0.0,0,0,0,
2026-09-30T13:02:06,94.0,102.0,90.0,0.0,0.0,0.0,0.0,0.0,0.0,0,0,0,
2026-09-30T13:02:08,94.0,102.0,90.0,0.0,0.0,0.0,0.0,0.0,0.0,0,0,0,
2026-09-30T13:02:10,94.0,102.0,90.0,0.0,0.0,0.0,0.0,0.0,0.0,0,0,0,
2026-09-30T13:02:12,94.0,102.0,90.0,0.0,0.0,0.0,0.0,0.0,0.0,0,0,0,
2026-09-30T13:02:14,94.0,102.0,90.0,0.0,0.0,0.0,0.0,0.0,0.0,0,0,0,
2026-09-30T13:02:16,94.0,102.0,90.0,0.0,0.0,0.0,0.0,0.0,0.0,0,0,0,
2026-09-30T13:02:18,94.0,102.0,90.0,0.0,0.0,0.0,0.0,0.0,0.0,0,0,0,
2026-09-30T13:02:20,94.0,102.0,90.0,0.0,0.0,0.0,0.0,0.0,0.0,0,0,0,
2026-09-30T13:02:22,94.0,102.0,90.0,0.0,0.0,0.0,0.0,0.0,0.0,0,0,0,
2026-09-30T13:02:24,94.0,102.0,90.0,0.0,0.0,0.0,0.0,0.0,0.0,0,0,0,
2026-09-30T13:02:26,94.0,102.0,90.0,0.0,0.0,0.0,0.0,0.0,0.0,0,0,0,
2026-09-30T13:02:28,94.0,102.0,90.0,0.0,0.0,0.0,0.0,0.0,0.0,0,0,0,
2026-09-30T13:02:30,94.0,102.0,90.0,0.0,0.0,0.0,0.0,0.0,0.0,0,0,0,
2026-09-30T13:02:32,94.0,102.0,90.0,0.0,0.0,0.0,0.0,0.0,0.0,0,0,0,
2026-09-30T13:02:34,94.0,102.0,90.0,0.0,0.0,0.0,0.0,0.0,0.0,0,0,0,
2026-09-30T13:02:36,93.0,102.0,90.0,0.0,0.0,0.0,0.0,0.0,0.0,0,0,0,
2026-09-30T13:02:38,93.0,102.0,89.0,0.0,0.0,0.0,0.0,0.0,0.0,0,0,0,
2026-09-30T13:02:40,93.0,102.0,89.0,0.0,0.0,0.0,0.0,0.0,0.0,0,0,0,
2026-09-30T13:02:42,93.0,102.0,89.0,0.0,0.0,0.0,0.0,0.0,0.0,0,0,0,
2026-09-30T13:02:44,93.0,102.0,89.0,0.0,0.0,0.0,0.0,0.0,0.0,0,0,0,
2026-09-30T13:02:46,93.0,102.0,89.0,0.0,0.0,0.0,0.0,0.0,0.0,0,0,0,
2026-09-30T13:02:48,93.0,102.0,89.0,0.0,0.0,0.0,0.0,0.0,0.0,0,0,0,
2026-09-30T13:02:50,93.0,102.0,89.0,0.0,0.0,0.0,0.0,0.0,0.0,0,0,0,
2026-09-30T13:02:52,93.0,102.0,89.0,0.0,0.0,0.0,0.0,0.0,0.0,0,0,0,
2026-09-30T13:02:54,93.0,102.0,89.0,0.0,0.0,0.0,0.0,0.0,0.0,0,0,0,
2026-09-30T13:02:56,93.0,102.0,89.0,0.0,0.0,0.0,0.0,0.0,0.0,0,0,0,
2026-09-30T13:02:58,93.0,102.0,89.0,0.0,0.0,0.0,0.0,0.0,0.0,0,0,0,
2026-09-30T13:03:00,93.0,102.0,89.0,0.0,0.0,0.0,0.0,0.0,0.0,0,0,0,
2026-09-30T13:03:02,93.0,102.0,89.0,0.0,0.0,0.0,0.0,0.0,0.0,0,0,0,
2026-09-30T13:03:04,93.0,102.0,89.0,0.0,0.0,0.0,0.0,0.0,0.0,0,0,0,
2026-09-30T13:03:06,93.0,102.0,89.0,0.0,0.0,0.0,0.0,0.0,0.0,0,0,0,
2026-09-30T13:03:08,93.0,102.0,89.0,0.0,0.0,0.0,0.0,0.0,0.0,0,0,0,
2026-09-30T13:03:10,93.0,102.0,88.0,0.0,0.0,0.0,0.0,0.0,0.0,0,0,0,
2026-09-30T13:03:12,93.0,102.0,88.0,0.0,0.0,0.0,0.0,0.0,0.0,0,0,0,
2026-09-30T13:03:14,93.0,102.0,88.0,0.0,0.0,0.0,0.0,0.0,0.0,0,0,0,
2026-09-30T13:03:16,93.0,102.0,88.0,0.0,0.0,0.0,0.0,0.0,0.0,0,0,0,
2026-09-30T13:03:18,93.0,102.0,88.0,0.0,0.0,0.0,0.0,0.0,0.0,0,0,0,
2026-09-30T13:03:20,93.0,102.0,88.0,0.0,0.0,0.0,0.0,0.0,0.0,0,0,0,
2026-09-30T13:03:22,93.0,102.0,88.0,0.0,0.0,0.0,0.0,0.0,0.0,0,0,0,
2026-09-30T13:03:24,93.0,102.0,88.0,0.0,0.0,0.0,0.0,0.0,0.0,0,0,0,
2026-09-30T13:03:26,93.0,102.0,88.0,0.0,0.0,0.0,0.0,0.0,0.0,0,0,0,
2026-09-30T13:03:28,93.0,102.0,88.0,0.0,0.0,0.0,0.0,0.0,0.0,0,0,0,
2026-09-30T13:03:30,93.0,102.0,88.0,0.0,0.0,0.0,0.0,0.0,0.0,0,0,0,
2026-09-30T13:03:32,93.0,102.0,88.0,0.0,0.0,0.0,0.0,0.0,0.0,0,0,0,
2026-09-30T13:03:34,93.0,102.0,88.0,0.0,0.0,0.0,0.0,0.0,0.0,0,0,0,
2026-09-30T13:03:36,93.0,102.0,88.0,0.0,0.0,0.0,0.0,0.0,0.0,0,0,0,
2026-09-30T13:03:38,93.0,101.0,88.0,0.0,0.0,0.0,0.0,0.0,0.0,0,0,0,
2026-09-30T13:03:40,92.0,101.0,88.0,0.0,0.0,0.0,0.0,0.0,0.0,0,0,0,
2026-09-30T13:03:43,92.0,102.0,88.0,0.0,0.0,0.0,0.0,0.0,0.0,0,0,0,
2026-09-30T13:03:44,92.0,102.0,88.0,0.0,0.0,0.0,0.0,0.0,0.0,0,0,0,
2026-09-30T13:03:46,92.0,102.0,88.0,0.0,0.0,0.0,0.0,0.0,0.0,0,0,0,
2026-09-30T13:03:49,92.0,102.0,88.0,0.0,0.0,0.0,0.0,0.0,0.0,0,0,0,
2026-09-30T13:03:50,92.0,102.0,87.0,0.0,0.0,0.0,0.0,0.0,0.0,0,0,0,
2026-09-30T13:03:52,92.0,101.0,87.0,0.0,0.0,0.0,0.0,0.0,0.0,0,0,0,
2026-09-30T13:03:55,92.0,102.0,87.0,0.0,0.0,0.0,0.0,0.0,0.0,0,0,0,
2026-09-30T13:03:57,92.0,102.0,87.0,0.0,0.0,0.0,0.0,0.0,0.0,0,0,0,
2026-09-30T13:03:59,92.0,102.0,87.0,0.0,0.0,0.0,0.0,0.0,0.0,0,0,0,
2026-09-30T13:04:01,92.0,102.0,87.0,0.0,0.0,0.0,0.0,0.0,0.0,0,0,0,
2026-09-30T13:04:03,92.0,102.0,87.0,0.0,0.0,0.0,0.0,0.0,0.0,0,0,0,
2026-09-30T13:04:05,92.0,101.0,87.0,0.0,0.0,0.0,0.0,0.0,0.0,0,0,0,
2026-09-30T13:04:07,92.0,101.0,87.0,0.0,0.0,0.0,0.0,0.0,0.0,0,0,0,
2026-09-30T13:04:09,92.0,101.0,87.0,0.0,0.0,0.0,0.0,0.0,0.0,0,0,0,
2026-09-30T13:04:11,92.0,101.0,87.0,0.0,0.0,0.0,0.0,0.0,0.0,0,0,0,
2026-09-30T13:04:13,92.0,101.0,87.0,0.0,0.0,0.0,0.0,0.0,0.0,0,0,0,
2026-09-30T13:04:15,92.0,101.0,87.0,0.0,0.0,0.0,0.0,0.0,0.0,0,0,0,
2026-09-30T13:04:17,92.0,101.0,87.0,0.0,0.0,0.0,0.0,0.0,0.0,0,0,0,
2026-09-30T13:04:19,92.0,101.0,87.0,0.0,0.0,0.0,0.0,0.0,0.0,0,0,0,
2026-09-30T13:04:21,92.0,101.0,87.0,0.0,0.0,0.0,0.0,0.0,0.0,0,0,0,
2026-09-30T13:04:23,92.0,101.0,87.0,0.0,0.0,0.0,0.0,0.0,0.0,0,0,0,
2026-09-30T13:04:25,92.0,101.0,87.0,0.0,0.0,0.0,0.0,0.0,0.0,0,0,0,
2026-09-30T13:04:27,92.0,101.0,86.0,0.0,0.0,0.0,0.0,0.0,0.0,0,0,0,
2026-09-30T13:04:29,92.0,101.0,86.0,0.0,0.0,0.0,0.0,0.0,0.0,0,0,0,
2026-09-30T13:04:31,92.0,101.0,86.0,0.0,0.0,0.0,0.0,0.0,0.0,0,0,0,
2026-09-30T13:04:33,92.0,101.0,86.0,0.0,0.0,0.0,0.0,0.0,0.0,0,0,0,
2026-09-30T13:04:35,92.0,101.0,86.0,0.0,0.0,0.0,0.0,0.0,0.0,0,0,0,
2026-09-30T13:04:37,92.0,101.0,86.0,0.0,0.0,0.0,0.0,0.0,0.0,0,0,0,
2026-09-30T13:04:39,92.0,101.0,86.0,0.0,0.0,0.0,0.0,0.0,0.0,0,0,0,
2026-09-30T13:04:41,92.0,101.0,86.0,0.0,0.0,0.0,0.0,0.0,0.0,0,0,0,
2026-09-30T13:04:43,92.0,101.0,86.0,0.0,0.0,0.0,0.0,0.0,0.0,0,0,0,
2026-09-30T13:04:45,92.0,101.0,86.0,0.0,0.0,0.0,0.0,0.0,0.0,0,0,0,
2026-09-30T13:04:47,92.0,101.0,86.0,0.0,0.0,0.0,0.0,0.0,0.0,0,0,0,
2026-09-30T13:04:49,91.0,101.0,86.0,0.0,0.0,0.0,0.0,0.0,0.0,0,0,0,
2026-09-30T13:04:51,91.0,101.0,86.0,0.0,0.0,0.0,0.0,0.0,0.0,0,0,0,
2026-09-30T13:04:53,91.0,101.0,86.0,0.0,0.0,0.0,0.0,0.0,0.0,0,0,0,
2026-09-30T13:04:55,91.0,101.0,86.0,0.0,0.0,0.0,0.0,0.0,0.0,0,0,0,
2026-09-30T13:04:57,91.0,101.0,86.0,0.0,0.0,0.0,0.0,0.0,0.0,0,0,0,
2026-09-30T13:04:59,91.0,101.0,86.0,0.0,0.0,0.0,0.0,0.0,0.0,0,0,0,
2026-09-30T13:05:01,91.0,101.0,86.0,0.0,0.0,0.0,0.0,0.0,0.0,0,0,0,
2026-09-30T13:05:03,91.0,101.0,86.0,0.0,0.0,0.0,0.0,0.0,0.0,0,0,0,
2026-09-30T13:05:05,91.0,101.0,86.0,0.0,0.0,0.0,0.0,0.0,0.0,0,0,0,
2026-09-30T13:05:07,91.0,101.0,86.0,0.0,0.0,0.0,0.0,0.0,0.0,0,0,0,
2026-09-30T13:05:09,91.0,101.0,86.0,0.0,0.0,0.0,0.0,0.0,0.0,0,0,0,
2026-09-30T13:05:11,91.0,101.0,86.0,0.0,0.0,0.0,0.0,0.0,0.0,0,0,0,
2026-09-30T13:05:13,91.0,101.0,85.0,0.0,0.0,0.0,0.0,0.0,0.0,0,0,0,
2026-09-30T13:05:15,91.0,101.0,85.0,0.0,0.0,0.0,0.0,0.0,0.0,0,0,0,
2026-09-30T13:05:17,91.0,101.0,85.0,0.0,0.0,0.0,0.0,0.0,0.0,0,0,0,
2026-09-30T13:05:19,91.0,101.0,85.0,0.0,0.0,0.0,0.0,0.0,0.0,0,0,0,
2026-09-30T13:05:21,91.0,101.0,85.0,0.0,0.0,0.0,0.0,0.0,0.0,0,0,0,
2026-09-30T13:05:23,91.0,101.0,85.0,0.0,0.0,0.0,0.0,0.0,0.0,0,0,0,
2026-09-30T13:05:25,91.0,101.0,85.0,0.0,0.0,0.0,0.0,0.0,0.0,0,0,0,
2026-09-30T13:05:27,91.0,101.0,85.0,0.0,0.0,0.0,0.0,0.0,0.0,0,0,0,
2026-09-30T13:05:29,91.0,101.0,85.0,0.0,0.0,0.0,0.0,0.0,0.0,0,0,0,
2026-09-30T13:05:31,91.0,101.0,85.0,0.0,0.0,0.0,0.0,0.0,0.0,0,0,0,
2026-09-30T13:05:33,91.0,101.0,85.0,0.0,0.0,0.0,0.0,0.0,0.0,0,0,0,
2026-09-30T13:05:35,91.0,101.0,85.0,0.0,0.0,0.0,0.0,0.0,0.0,0,0,0,
2026-09-30T13:05:37,91.0,101.0,85.0,0.0,0.0,0.0,0.0,0.0,0.0,0,0,0,
2026-09-30T13:05:39,91.0,101.0,85.0,0.0,0.0,0.0,0.0,0.0,0.0,0,0,0,
2026-09-30T13:05:41,91.0,101.0,85.0,0.0,0.0,0.0,0.0,0.0,0.0,0,0,0,
2026-09-30T13:05:43,91.0,101.0,85.0,0.0,0.0,0.0,0.0,0.0,0.0,0,0,0,
2026-09-30T13:05:45,91.0,101.0,85.0,0.0,0.0,0.0,0.0,0.0,0.0,0,0,0,
2026-09-30T13:05:47,91.0,101.0,85.0,0.0,0.0,0.0,0.0,0.0,0.0,0,0,0,
2026-09-30T13:05:49,91.0,101.0,85.0,0.0,0.0,0.0,0.0,0.0,0.0,0,0,0,
2026-09-30T13:05:51,91.0,101.0,85.0,0.0,0.0,0.0,0.0,0.0,0.0,0,0,0,
2026-09-30T13:05:53,91.0,101.0,85.0,0.0,0.0,0.0,0.0,0.0,0.0,0,0,0,
2026-09-30T13:05:55,91.0,101.0,84.0,0.0,0.0,0.0,0.0,0.0,0.0,0,0,0,
2026-09-30T13:05:57,91.0,101.0,84.0,0.0,0.0,0.0,0.0,0.0,0.0,0,0,0,
2026-09-30T13:05:59,91.0,101.0,84.0,0.0,0.0,0.0,0.0,0.0,0.0,0,0,0,
2026-09-30T13:06:01,91.0,101.0,84.0,0.0,0.0,0.0,0.0,0.0,0.0,0,0,0,
2026-09-30T13:06:03,91.0,101.0,84.0,0.0,0.0,0.0,0.0,0.0,0.0,0,0,0,
2026-09-30T13:06:05,91.0,101.0,84.0,0.0,0.0,0.0,0.0,0.0,0.0,0,0,0,
2026-09-30T13:06:07,90.0,101.0,84.0,0.0,0.0,0.0,0.0,0.0,0.0,0,0,0,
2026-09-30T13:06:09,90.0,101.0,84.0,0.0,0.0,0.0,0.0,0.0,0.0,0,0,0,
2026-09-30T13:06:11,90.0,101.0,84.0,0.0,0.0,0.0,0.0,0.0,0.0,0,0,0,
2026-09-30T13:06:13,90.0,101.0,84.0,0.0,0.0,0.0,0.0,0.0,0.0,0,0,0,
2026-09-30T13:06:15,90.0,101.0,84.0,0.0,0.0,0.0,0.0,0.0,0.0,0,0,0,
2026-09-30T13:06:18,90.0,101.0,84.0,0.0,0.0,0.0,0.0,0.0,0.0,0,0,0,
2026-09-30T13:06:19,90.0,101.0,84.0,0.0,0.0,0.0,0.0,0.0,0.0,0,0,0,
2026-09-30T13:06:22,90.0,101.0,84.0,0.0,0.0,0.0,0.0,0.0,0.0,0,0,0,
2026-09-30T13:06:23,90.0,101.0,84.0,0.0,0.0,0.0,0.0,0.0,0.0,0,0,0,
2026-09-30T13:06:25,90.0,101.0,84.0,0.0,0.0,0.0,0.0,0.0,0.0,0,0,0,
2026-09-30T13:06:27,90.0,101.0,84.0,0.0,0.0,0.0,0.0,0.0,0.0,0,0,0,
2026-09-30T13:06:29,90.0,101.0,84.0,0.0,0.0,0.0,0.0,0.0,0.0,0,0,0,
2026-09-30T13:06:32,90.0,101.0,84.0,0.0,0.0,0.0,0.0,0.0,0.0,0,0,0,
2026-09-30T13:06:34,90.0,101.0,84.0,0.0,0.0,0.0,0.0,0.0,0.0,0,0,0,
2026-09-30T13:06:35,90.0,101.0,84.0,0.0,0.0,0.0,0.0,0.0,0.0,0,0,0,
2026-09-30T13:06:37,90.0,101.0,84.0,0.0,0.0,0.0,0.0,0.0,0.0,0,0,0,
2026-09-30T13:06:40,90.0,101.0,84.0,0.0,0.0,0.0,0.0,0.0,0.0,0,0,0,
2026-09-30T13:06:42,90.0,101.0,84.0,0.0,0.0,0.0,0.0,0.0,0.0,0,0,0,
2026-09-30T13:06:44,90.0,101.0,83.0,0.0,0.0,0.0,0.0,0.0,0.0,0,0,0,
2026-09-30T13:06:46,90.0,101.0,83.0,0.0,0.0,0.0,0.0,0.0,0.0,0,0,0,
2026-09-30T13:06:48,90.0,100.0,83.0,0.0,0.0,0.0,0.0,0.0,0.0,0,0,0,
2026-09-30T13:06:50,90.0,100.0,83.0,0.0,0.0,0.0,0.0,0.0,0.0,0,0,0,
2026-09-30T13:06:52,90.0,101.0,83.0,0.0,0.0,0.0,0.0,0.0,0.0,0,0,0,
2026-09-30T13:06:54,90.0,101.0,83.0,0.0,0.0,0.0,0.0,0.0,0.0,0,0,0,
2026-09-30T13:06:56,90.0,101.0,83.0,0.0,0.0,0.0,0.0,0.0,0.0,0,0,0,
2026-09-30T13:06:58,90.0,101.0,83.0,0.0,0.0,0.0,0.0,0.0,0.0,0,0,0,
2026-09-30T13:07:00,90.0,101.0,83.0,0.0,0.0,0.0,0.0,0.0,0.0,0,0,0,
2026-09-30T13:07:02,90.0,100.0,83.0,0.0,0.0,0.0,0.0,0.0,0.0,0,0,0,
2026-09-30T13:07:04,90.0,100.0,83.0,0.0,0.0,0.0,0.0,0.0,0.0,0,0,0,
2026-09-30T13:07:06,90.0,100.0,83.0,0.0,0.0,0.0,0.0,0.0,0.0,0,0,0,
2026-09-30T13:07:08,90.0,100.0,83.0,0.0,0.0,0.0,0.0,0.0,0.0,0,0,0,
2026-09-30T13:07:10,90.0,100.0,83.0,0.0,0.0,0.0,0.0,0.0,0.0,0,0,0,
2026-09-30T13:07:12,90.0,100.0,83.0,0.0,0.0,0.0,0.0,0.0,0.0,0,0,0,
2026-09-30T13:07:14,90.0,100.0,83.0,0.0,0.0,0.0,0.0,0.0,0.0,0,0,0,
2026-09-30T13:07:16,90.0,100.0,83.0,0.0,0.0,0.0,0.0,0.0,0.0,0,0,0,
2026-09-30T13:07:18,90.0,100.0,83.0,0.0,0.0,0.0,0.0,0.0,0.0,0,0,0,
2026-09-30T13:07:20,90.0,100.0,83.0,0.0,0.0,0.0,0.0,0.0,0.0,0,0,0,
2026-09-30T13:07:22,90.0,100.0,83.0,0.0,0.0,0.0,0.0,0.0,0.0,0,0,0,
2026-09-30T13:07:24,90.0,100.0,83.0,0.0,0.0,0.0,0.0,0.0,0.0,0,0,0,
2026-09-30T13:07:26,90.0,100.0,83.0,0.0,0.0,0.0,0.0,0.0,0.0,0,0,0,
2026-09-30T13:07:28,90.0,100.0,82.0,0.0,0.0,0.0,0.0,0.0,0.0,0,0,0,
2026-09-30T13:07:30,90.0,100.0,82.0,0.0,0.0,0.0,0.0,0.0,0.0,0,0,0,
2026-09-30T13:07:32,90.0,100.0,82.0,0.0,0.0,0.0,0.0,0.0,0.0,0,0,0,
2026-09-30T13:07:34,90.0,100.0,82.0,0.0,0.0,0.0,0.0,0.0,0.0,0,0,0,
2026-09-30T13:07:36,89.0,100.0,82.0,0.0,0.0,0.0,0.0,0.0,0.0,0,0,0,
2026-09-30T13:07:38,89.0,100.0,82.0,0.0,0.0,0.0,0.0,0.0,0.0,0,0,0,
2026-09-30T13:07:40,89.0,100.0,82.0,0.0,0.0,0.0,0.0,0.0,0.0,0,0,0,
2026-09-30T13:07:42,89.0,100.0,82.0,0.0,0.0,0.0,0.0,0.0,0.0,0,0,0,
2026-09-30T13:07:44,89.0,100.0,82.0,0.0,0.0,0.0,0.0,0.0,0.0,0,0,0,
2026-09-30T13:07:46,89.0,100.0,82.0,0.0,0.0,0.0,0.0,0.0,0.0,0,0,0,
2026-09-30T13:07:48,89.0,100.0,82.0,0.0,0.0,0.0,0.0,0.0,0.0,0,0,0,
2026-09-30T13:07:50,89.0,100.0,82.0,0.0,0.0,0.0,0.0,0.0,0.0,0,0,0,
2026-09-30T13:07:52,89.0,100.0,82.0,0.0,0.0,0.0,0.0,0.0,0.0,0,0,0,
2026-09-30T13:07:54,89.0,100.0,82.0,0.0,0.0,0.0,0.0,0.0,0.0,0,0,0,
2026-09-30T13:07:56,89.0,100.0,82.0,0.0,0.0,0.0,0.0,0.0,0.0,0,0,0,
2026-09-30T13:07:58,89.0,100.0,82.0,0.0,0.0,0.0,0.0,0.0,0.0,0,0,0,
2026-09-30T13:08:00,89.0,100.0,82.0,0.0,0.0,0.0,0.0,0.0,0.0,0,0,0,
2026-09-30T13:08:02,89.0,100.0,82.0,0.0,0.0,0.0,0.0,0.0,0.0,0,0,0,
2026-09-30T13:08:04,89.0,100.0,82.0,0.0,0.0,0.0,0.0,0.0,0.0,0,0,0,
2026-09-30T13:08:06,89.0,100.0,82.0,0.0,0.0,0.0,0.0,0.0,0.0,0,0,0,
2026-09-30T13:08:08,89.0,100.0,82.0,0.0,0.0,0.0,0.0,0.0,0.0,0,0,0,
2026-09-30T13:08:10,89.0,100.0,82.0,0.0,0.0,0.0,0.0,0.0,0.0,0,0,0,
2026-09-30T13:08:12,89.0,100.0,82.0,0.0,0.0,0.0,0.0,0.0,0.0,0,0,0,
2026-09-30T13:08:14,89.0,100.0,82.0,0.0,0.0,0.0,0.0,0.0,0.0,0,0,0,
2026-09-30T13:08:16,89.0,100.0,82.0,0.0,0.0,0.0,0.0,0.0,0.0,0,0,0,
2026-09-30T13:08:18,89.0,99.0,81.0,0.0,0.0,0.0,0.0,0.0,0.0,0,0,0,
2026-09-30T13:08:20,89.0,94.0,76.0,0.0,0.0,0.0,0.0,0.0,0.0,0,0,0,
2026-09-30T13:08:22,88.0,89.0,70.0,0.0,0.0,0.0,0.0,0.0,0.0,0,0,0,
2026-09-30T13:08:24,87.0,85.0,65.0,0.0,0.0,0.0,0.0,0.0,0.0,0,0,0,
2026-09-30T13:08:26,86.0,82.0,60.0,0.0,0.0,0.0,0.0,0.0,0.0,0,0,0,
2026-09-30T13:08:28,85.0,78.0,57.0,0.0,0.0,0.0,0.0,0.0,0.0,0,0,0,
2026-09-30T13:08:30,84.0,75.0,55.0,0.0,0.0,0.0,0.0,0.0,0.0,0,0,0,
2026-09-30T13:08:32,83.0,73.0,53.0,0.0,0.0,0.0,0.0,0.0,0.0,0,0,0,
2026-09-30T13:08:34,82.0,70.0,51.0,0.0,0.0,0.0,0.0,0.0,0.0,0,0,0,
2026-09-30T13:08:36,82.0,68.0,50.0,0.0,0.0,0.0,0.0,0.0,0.0,0,0,0,
2026-09-30T13:08:38,81.0,66.0,49.0,0.0,0.0,0.0,0.0,0.0,0.0,0,0,0,
2026-09-30T13:08:40,81.0,64.0,48.0,0.0,0.0,0.0,0.0,1.6,0.0,0,0,0,
2026-09-30T13:08:42,80.0,62.0,47.0,0.0,0.0,0.0,0.0,4.2,0.0,0,0,0,
2026-09-30T13:08:44,79.0,61.0,46.0,0.0,0.0,0.0,0.0,6.5,0.0,0,0,0,
2026-09-30T13:08:46,79.0,59.0,45.0,0.0,0.0,0.0,0.0,9.2,0.0,0,0,0,
2026-09-30T13:08:48,78.0,58.0,45.0,0.0,0.0,0.0,0.0,11.3,0.0,0,0,0,
2026-09-30T13:08:50,77.0,56.0,44.0,0.0,0.0,0.0,0.0,13.4,0.0,0,0,0,
2026-09-30T13:08:52,77.0,55.0,43.0,0.0,0.0,0.0,0.0,15.3,0.0,0,0,0,
2026-09-30T13:08:54,76.0,54.0,43.0,0.0,0.0,0.0,0.0,17.0,0.0,0,0,0,
2026-09-30T13:08:57,76.0,53.0,42.0,0.0,0.0,0.0,0.0,19.0,0.0,0,0,0,
2026-09-30T13:08:58,75.0,52.0,42.0,0.0,0.0,0.0,0.0,20.5,0.0,0,0,0,
2026-09-30T13:09:00,75.0,51.0,41.0,0.0,0.0,0.0,0.0,21.7,0.0,0,0,0,
2026-09-30T13:09:03,75.0,50.0,41.0,0.0,0.0,0.0,0.0,21.5,0.0,0,0,0,
2026-09-30T13:09:05,74.0,49.0,40.0,0.0,0.0,0.0,0.0,20.9,0.0,0,0,0,
2026-09-30T13:09:07,74.0,48.0,40.0,0.0,0.0,0.0,0.0,8.2,0.0,0,0,0,
2026-09-30T13:09:08,73.0,48.0,40.0,0.0,0.0,0.0,0.0,8.5,0.0,0,0,0,
2026-09-30T13:09:10,73.0,47.0,39.0,0.0,0.0,0.0,0.0,3.9,0.0,0,0,0,
2026-09-30T13:09:13,72.0,46.0,39.0,0.0,0.0,0.0,0.0,2.2,0.0,0,0,0,
2026-09-30T13:09:15,72.0,46.0,39.0,0.0,0.0,0.0,0.0,0.0,0.0,0,0,0,
2026-09-30T13:09:17,72.0,45.0,38.0,0.0,0.0,0.0,0.0,0.0,0.0,0,0,0,
2026-09-30T13:09:19,71.0,45.0,38.0,0.0,0.0,0.0,0.0,0.0,0.0,0,0,0,
2026-09-30T13:09:21,71.0,44.0,38.0,0.0,0.0,0.0,0.0,0.0,0.0,0,0,0,
2026-09-30T13:09:23,70.0,44.0,37.0,0.0,0.0,0.0,0.0,0.0,0.0,0,0,0,
2026-09-30T13:09:25,70.0,43.0,37.0,0.0,0.0,0.0,0.0,0.0,0.0,0,0,0,
2026-09-30T13:09:27,70.0,43.0,37.0,0.0,0.0,0.0,0.0,0.0,0.0,0,0,0,
2026-09-30T13:09:29,69.0,42.0,37.0,0.0,0.0,0.0,0.0,0.0,0.0,0,0,0,
2026-09-30T13:09:31,69.0,42.0,36.0,0.0,0.0,0.0,0.0,0.0,0.0,0,0,0,
2026-09-30T13:09:33,68.0,41.0,36.0,0.0,0.0,0.0,0.0,0.0,0.0,0,0,0,
2026-09-30T13:09:35,68.0,41.0,36.0,0.0,0.0,0.0,0.0,0.0,0.0,0,0,0,
2026-09-30T13:09:37,68.0,41.0,36.0,0.0,0.0,0.0,0.0,0.0,0.0,0,0,0,
2026-09-30T13:09:39,67.0,40.0,36.0,0.0,0.0,0.0,0.0,0.0,0.0,0,0,0,
2026-09-30T13:09:41,67.0,40.0,35.0,0.0,0.0,0.0,0.0,0.0,0.0,0,0,0,
2026-09-30T13:09:43,67.0,40.0,35.0,0.0,0.0,0.0,0.0,0.0,0.0,0,0,0,
2026-09-30T13:09:45,66.0,40.0,35.0,0.0,0.0,0.0,0.0,0.0,0.0,0,0,0,
2026-09-30T13:09:47,66.0,39.0,35.0,0.0,0.0,0.0,0.0,0.0,0.0,0,0,0,
2026-09-30T13:09:49,66.0,39.0,35.0,0.0,0.0,0.0,0.0,0.0,0.0,0,0,0,
2026-09-30T13:09:51,65.0,39.0,34.0,0.0,0.0,0.0,0.0,0.0,0.0,0,0,0,
2026-09-30T13:09:53,65.0,38.0,34.0,0.0,0.0,0.0,0.0,0.0,0.0,0,0,0,
2026-09-30T13:09:55,65.0,38.0,34.0,0.0,0.0,0.0,0.0,0.0,0.0,0,0,0,
2026-09-30T13:09:57,64.0,38.0,34.0,0.0,0.0,0.0,0.0,0.0,0.0,0,0,0,
2026-09-30T13:09:59,64.0,38.0,34.0,0.0,0.0,0.0,0.0,0.0,0.0,0,0,0,
2026-09-30T13:10:01,64.0,37.0,34.0,0.0,0.0,0.0,0.0,0.0,0.0,0,0,0,
2026-09-30T13:10:03,63.0,37.0,34.0,0.0,0.0,0.0,0.0,0.0,0.0,0,0,0,
2026-09-30T13:10:05,63.0,37.0,33.0,0.0,0.0,0.0,0.0,0.0,0.0,0,0,0,
2026-09-30T13:10:07,63.0,37.0,33.0,0.0,0.0,0.0,0.0,0.0,0.0,0,0,0,
2026-09-30T13:10:09,63.0,37.0,33.0,0.0,0.0,0.0,0.0,0.0,0.0,0,0,0,
2026-09-30T13:10:11,62.0,37.0,33.0,0.0,0.0,0.0,0.0,0.0,0.0,0,0,0,
2026-09-30T13:10:13,62.0,36.0,33.0,0.0,0.0,0.0,0.0,0.0,0.0,0,0,0,
2026-09-30T13:10:15,62.0,36.0,33.0,0.0,0.0,0.0,0.0,0.0,0.0,0,0,0,
2026-09-30T13:10:17,61.0,36.0,33.0,0.0,0.0,0.0,0.0,0.0,0.0,0,0,0,
2026-09-30T13:10:19,61.0,36.0,33.0,0.0,0.0,0.0,0.0,0.0,0.0,0,0,0,
2026-09-30T13:10:21,61.0,36.0,32.0,0.0,0.0,0.0,0.0,0.0,0.0,0,0,0,
2026-09-30T13:10:23,61.0,36.0,32.0,0.0,0.0,0.0,0.0,0.0,0.0,0,0,0,
2026-09-30T13:10:25,60.0,35.0,32.0,0.0,0.0,0.0,0.0,0.0,0.0,0,0,0,
2026-09-30T13:10:27,60.0,35.0,32.0,0.0,0.0,0.0,0.0,0.0,0.0,0,0,0,
2026-09-30T13:10:29,60.0,35.0,32.0,0.0,0.0,0.0,0.0,0.0,0.0,0,0,0,
2026-09-30T13:10:31,60.0,35.0,32.0,0.0,0.0,0.0,0.0,0.0,0.0,0,0,0,
2026-09-30T13:10:33,59.0,35.0,32.0,0.0,0.0,0.0,0.0,0.0,0.0,0,0,0,
2026-09-30T13:10:35,59.0,35.0,32.0,0.0,0.0,0.0,0.0,0.0,0.0,0,0,0,
2026-09-30T13:10:37,59.0,35.0,32.0,0.0,0.0,0.0,0.0,0.0,0.0,0,0,0,
2026-09-30T13:10:39,59.0,35.0,31.0,0.0,0.0,0.0,0.0,0.0,0.0,0,0,0,
2026-09-30T13:10:41,58.0,34.0,31.0,0.0,0.0,0.0,0.0,0.0,0.0,0,0,0,
2026-09-30T13:10:43,58.0,34.0,31.0,0.0,0.0,0.0,0.0,0.0,0.0,0,0,0,
2026-09-30T13:10:45,58.0,34.0,31.0,0.0,0.0,0.0,0.0,0.0,0.0,0,0,0,
2026-09-30T13:10:47,58.0,34.0,31.0,0.0,0.0,0.0,0.0,0.0,0.0,0,0,0,
2026-09-30T13:10:49,58.0,34.0,31.0,0.0,0.0,0.0,0.0,0.0,0.0,0,0,0,
2026-09-30T13:10:51,57.0,34.0,31.0,0.0,0.0,0.0,0.0,0.0,0.0,0,0,0,
2026-09-30T13:10:53,57.0,34.0,31.0,0.0,0.0,0.0,0.0,0.0,0.0,0,0,0,
2026-09-30T13:10:55,57.0,34.0,31.0,0.0,0.0,0.0,0.0,0.0,0.0,0,0,0,
2026-09-30T13:10:57,57.0,34.0,31.0,0.0,0.0,0.0,0.0,0.0,0.0,0,0,0,
2026-09-30T13:10:59,56.0,33.0,31.0,0.0,0.0,0.0,0.0,0.0,0.0,0,0,0,
2026-09-30T13:11:01,56.0,33.0,31.0,0.0,0.0,0.0,0.0,0.0,0.0,0,0,0,
2026-09-30T13:11:03,56.0,33.0,31.0,0.0,0.0,0.0,0.0,0.0,0.0,0,0,0,
2026-09-30T13:11:05,56.0,33.0,30.0,0.0,0.0,0.0,0.0,0.0,0.0,0,0,0,
2026-09-30T13:11:07,55.0,33.0,30.0,0.0,0.0,0.0,0.0,0.0,0.0,0,0,0,
2026-09-30T13:11:09,55.0,33.0,30.0,0.0,0.0,0.0,0.0,0.0,0.0,0,0,0,
2026-09-30T13:11:11,55.0,33.0,30.0,0.0,0.0,0.0,0.0,0.0,0.0,0,0,0,
2026-09-30T13:11:13,55.0,33.0,30.0,0.0,0.0,0.0,0.0,0.0,0.0,0,0,0,
2026-09-30T13:11:15,55.0,33.0,30.0,0.0,0.0,0.0,0.0,0.0,0.0,0,0,0,
2026-09-30T13:11:17,54.0,33.0,30.0,0.0,0.0,0.0,0.0,0.0,0.0,0,0,0,
2026-09-30T13:11:19,54.0,32.0,30.0,0.0,0.0,0.0,0.0,0.0,0.0,0,0,0,
2026-09-30T13:11:21,54.0,32.0,30.0,0.0,0.0,0.0,0.0,0.0,0.0,0,0,0,
2026-09-30T13:11:24,54.0,32.0,30.0,0.0,0.0,0.0,0.0,0.0,0.0,0,0,0,
2026-09-30T13:11:26,54.0,32.0,30.0,0.0,0.0,0.0,0.0,0.0,0.0,0,0,0,
2026-09-30T13:11:28,53.0,32.0,30.0,0.0,0.0,0.0,0.0,0.0,0.0,0,0,0,
2026-09-30T13:11:29,53.0,32.0,30.0,0.0,0.0,0.0,0.0,0.0,0.0,0,0,0,
2026-09-30T13:11:31,53.0,32.0,30.0,0.0,0.0,0.0,0.0,0.0,0.0,0,0,0,
2026-09-30T13:11:33,53.0,32.0,30.0,0.0,0.0,0.0,0.0,0.0,0.0,0,0,0,
2026-09-30T13:11:35,53.0,32.0,30.0,0.0,0.0,0.0,0.0,0.0,0.0,0,0,0,
2026-09-30T13:11:38,53.0,32.0,29.0,0.0,0.0,0.0,0.0,0.0,0.0,0,0,0,
2026-09-30T13:11:40,52.0,32.0,29.0,0.0,0.0,0.0,0.0,0.0,0.0,0,0,0,
2026-09-30T13:11:42,52.0,31.0,29.0,0.0,0.0,0.0,0.0,0.0,0.0,0,0,0,
2026-09-30T13:11:44,52.0,31.0,29.0,0.0,0.0,0.0,0.0,0.0,0.0,0,0,0,
2026-09-30T13:11:46,52.0,31.0,29.0,0.0,0.0,0.0,0.0,0.0,0.0,0,0,0,
2026-09-30T13:11:48,52.0,31.0,29.0,0.0,0.0,0.0,0.0,0.0,0.0,0,0,0,
2026-09-30T13:11:50,51.0,31.0,29.0,0.0,0.0,0.0,0.0,0.0,0.0,0,0,0,
2026-09-30T13:11:52,51.0,31.0,29.0,0.0,0.0,0.0,0.0,0.0,0.0,0,0,0,
2026-09-30T13:11:54,51.0,31.0,29.0,0.0,0.0,0.0,0.0,0.0,0.0,0,0,0,
2026-09-30T13:11:56,51.0,31.0,29.0,0.0,0.0,0.0,0.0,0.0,0.0,0,0,0,
2026-09-30T13:11:58,51.0,31.0,29.0,0.0,0.0,0.0,0.0,0.0,0.0,0,0,0,
2026-09-30T13:12:00,51.0,31.0,29.0,0.0,0.0,0.0,0.0,0.0,0.0,0,0,0,
2026-09-30T13:12:02,50.0,31.0,29.0,0.0,0.0,0.0,0.0,0.0,0.0,0,0,0,
2026-09-30T13:12:04,50.0,31.0,29.0,0.0,0.0,0.0,0.0,0.0,0.0,0,0,0,
2026-09-30T13:12:06,50.0,31.0,29.0,0.0,0.0,0.0,0.0,0.0,0.0,0,0,0,
2026-09-30T13:12:08,50.0,31.0,29.0,0.0,0.0,0.0,0.0,0.0,0.0,0,0,0,
2026-09-30T13:12:10,50.0,31.0,29.0,0.0,0.0,0.0,0.0,0.0,0.0,0,0,0,
2026-09-30T13:12:12,50.0,30.0,29.0,0.0,0.0,0.0,0.0,0.0,0.0,0,0,0,
2026-09-30T13:12:14,50.0,30.0,29.0,0.0,0.0,0.0,0.0,0.0,0.0,0,0,0,
2026-09-30T13:12:16,49.0,30.0,29.0,0.0,0.0,0.0,0.0,0.0,0.0,0,0,0,
2026-09-30T13:12:18,49.0,30.0,29.0,0.0,0.0,0.0,0.0,0.0,0.0,0,0,0,
2026-09-30T13:12:20,49.0,30.0,29.0,0.0,0.0,0.0,0.0,0.0,0.0,0,0,0,
2026-09-30T13:12:22,49.0,30.0,29.0,0.0,0.0,0.0,0.0,0.0,0.0,0,0,0,
2026-09-30T13:12:24,49.0,30.0,28.0,0.0,0.0,0.0,0.0,0.0,0.0,0,0,0,
2026-09-30T13:12:26,49.0,30.0,28.0,0.0,0.0,0.0,0.0,0.0,0.0,0,0,0,
2026-09-30T13:12:28,49.0,30.0,28.0,0.0,0.0,0.0,0.0,0.0,0.0,0,0,0,
2026-09-30T13:12:30,48.0,30.0,28.0,0.0,0.0,0.0,0.0,0.0,0.0,0,0,0,
2026-09-30T13:12:32,48.0,30.0,28.0,0.0,0.0,0.0,0.0,0.0,0.0,0,0,0,
2026-09-30T13:12:34,48.0,30.0,28.0,0.0,0.0,0.0,0.0,0.0,0.0,0,0,0,
2026-09-30T13:12:36,48.0,30.0,28.0,0.0,0.0,0.0,0.0,0.0,0.0,0,0,0,
2026-09-30T13:12:38,48.0,30.0,28.0,0.0,0.0,0.0,0.0,0.0,0.0,0,0,0,
2026-09-30T13:12:40,48.0,30.0,28.0,0.0,0.0,0.0,0.0,0.0,0.0,0,0,0,
2026-09-30T13:12:42,48.0,30.0,28.0,0.0,0.0,0.0,0.0,0.0,0.0,0,0,0,
2026-09-30T13:12:44,47.0,29.0,28.0,0.0,0.0,0.0,0.0,0.0,0.0,0,0,0,
2026-09-30T13:12:46,47.0,29.0,28.0,0.0,0.0,0.0,0.0,0.0,0.0,0,0,0,
2026-09-30T13:12:48,47.0,29.0,28.0,0.0,0.0,0.0,0.0,0.0,0.0,0,0,0,
2026-09-30T13:12:50,47.0,29.0,28.0,0.0,0.0,0.0,0.0,0.0,0.0,0,0,0,
2026-09-30T13:12:52,47.0,29.0,28.0,0.0,0.0,0.0,0.0,0.0,0.0,0,0,0,
2026-09-30T13:12:54,47.0,29.0,28.0,0.0,0.0,0.0,0.0,0.0,0.0,0,0,0,
2026-09-30T13:12:56,47.0,29.0,28.0,0.0,0.0,0.0,0.0,0.0,0.0,0,0,0,
2026-09-30T13:12:58,47.0,29.0,28.0,0.0,0.0,0.0,0.0,0.0,0.0,0,0,0,
2026-09-30T13:13:00,46.0,29.0,28.0,0.0,0.0,0.0,0.0,0.0,0.0,0,0,0,
2026-09-30T13:13:02,46.0,29.0,28.0,0.0,0.0,0.0,0.0,0.0,0.0,0,0,0,
2026-09-30T13:13:04,46.0,29.0,28.0,0.0,0.0,0.0,0.0,0.0,0.0,0,0,0,
2026-09-30T13:13:06,46.0,29.0,28.0,0.0,0.0,0.0,0.0,0.0,0.0,0,0,0,
2026-09-30T13:13:08,46.0,29.0,28.0,0.0,0.0,0.0,0.0,0.0,0.0,0,0,0,
2026-09-30T13:13:10,46.0,29.0,28.0,0.0,0.0,0.0,0.0,0.0,0.0,0,0,0,
2026-09-30T13:13:12,46.0,29.0,28.0,0.0,0.0,0.0,0.0,0.0,0.0,0,0,0,
2026-09-30T13:13:14,45.0,29.0,28.0,0.0,0.0,0.0,0.0,0.0,0.0,0,0,0,
2026-09-30T13:13:16,45.0,29.0,28.0,0.0,0.0,0.0,0.0,0.0,0.0,0,0,0,
2026-09-30T13:13:18,45.0,29.0,28.0,0.0,0.0,0.0,0.0,0.0,0.0,0,0,0,
2026-09-30T13:13:20,45.0,29.0,28.0,0.0,0.0,0.0,0.0,0.0,0.0,0,0,0,
2026-09-30T13:13:22,45.0,29.0,28.0,0.0,0.0,0.0,0.0,0.0,0.0,0,0,0,
2026-09-30T13:13:24,45.0,28.0,28.0,0.0,0.0,0.0,0.0,0.0,0.0,0,0,0,
2026-09-30T13:13:26,45.0,28.0,28.0,0.0,0.0,0.0,0.0,0.0,0.0,0,0,0,
2026-09-30T13:13:28,45.0,28.0,28.0,0.0,0.0,0.0,0.0,0.0,0.0,0,0,0,
2026-09-30T13:13:30,45.0,28.0,28.0,0.0,0.0,0.0,0.0,0.0,0.0,0,0,0,
2026-09-30T13:13:32,44.0,28.0,28.0,0.0,0.0,0.0,0.0,0.0,0.0,0,0,0,
2026-09-30T13:13:34,44.0,28.0,28.0,0.0,0.0,0.0,0.0,0.0,0.0,0,0,0,
2026-09-30T13:13:36,44.0,28.0,27.0,0.0,0.0,0.0,0.0,0.0,0.0,0,0,0,
2026-09-30T13:13:38,44.0,28.0,27.0,0.0,0.0,0.0,0.0,0.0,0.0,0,0,0,
2026-09-30T13:13:40,44.0,28.0,27.0,0.0,0.0,0.0,0.0,0.0,0.0,0,0,0,
2026-09-30T13:13:42,44.0,28.0,27.0,0.0,0.0,0.0,0.0,0.0,0.0,0,0,0,
2026-09-30T13:13:44,44.0,28.0,27.0,0.0,0.0,0.0,0.0,0.0,0.0,0,0,0,
2026-09-30T13:13:46,44.0,28.0,27.0,0.0,0.0,0.0,0.0,0.0,0.0,0,0,0,
2026-09-30T13:13:48,44.0,28.0,27.0,0.0,0.0,0.0,0.0,0.0,0.0,0,0,0,
2026-09-30T13:13:50,43.0,28.0,27.0,0.0,0.0,0.0,0.0,0.0,0.0,0,0,0,
2026-09-30T13:13:52,43.0,28.0,27.0,0.0,0.0,0.0,0.0,0.0,0.0,0,0,0,
2026-09-30T13:13:54,43.0,28.0,27.0,0.0,0.0,0.0,0.0,0.0,0.0,0,0,0,
2026-09-30T13:13:56,43.0,28.0,27.0,0.0,0.0,0.0,0.0,0.0,0.0,0,0,0,
2026-09-30T13:13:59,43.0,28.0,27.0,0.0,0.0,0.0,0.0,0.0,0.0,0,0,0,
2026-09-30T13:14:00,43.0,28.0,27.0,0.0,0.0,0.0,0.0,0.0,0.0,0,0,0,
2026-09-30T13:14:02,43.0,28.0,27.0,0.0,0.0,0.0,0.0,0.0,0.0,0,0,0,
2026-09-30T13:14:04,43.0,28.0,27.0,0.0,0.0,0.0,0.0,0.0,0.0,0,0,0,
2026-09-30T13:14:07,43.0,28.0,27.0,0.0,0.0,0.0,0.0,0.0,0.0,0,0,0,
2026-09-30T13:14:09,43.0,28.0,27.0,0.0,0.0,0.0,0.0,0.0,0.0,0,0,0,
2026-09-30T13:14:11,42.0,28.0,27.0,0.0,0.0,0.0,0.0,0.0,0.0,0,0,0,
2026-09-30T13:14:13,42.0,28.0,27.0,0.0,0.0,0.0,0.0,0.0,0.0,0,0,0,
2026-09-30T13:14:15,42.0,28.0,27.0,0.0,0.0,0.0,0.0,0.0,0.0,0,0,0,
2026-09-30T13:14:17,42.0,28.0,27.0,0.0,0.0,0.0,0.0,0.0,0.0,0,0,0,
2026-09-30T13:14:19,42.0,27.0,27.0,0.0,0.0,0.0,0.0,0.0,0.0,0,0,0,
2026-09-30T13:14:21,42.0,27.0,27.0,0.0,0.0,0.0,0.0,0.0,0.0,0,0,0,
2026-09-30T13:14:23,42.0,27.0,27.0,0.0,0.0,0.0,0.0,0.0,0.0,0,0,0,
2026-09-30T13:14:25,42.0,27.0,27.0,0.0,0.0,0.0,0.0,0.0,0.0,0,0,0,
2026-09-30T13:14:27,42.0,27.0,27.0,0.0,0.0,0.0,0.0,0.0,0.0,0,0,0,
2026-09-30T13:14:29,42.0,27.0,27.0,0.0,0.0,0.0,0.0,0.0,0.0,0,0,0,
2026-09-30T13:14:31,42.0,27.0,27.0,0.0,0.0,0.0,0.0,0.0,0.0,0,0,0,
2026-09-30T13:14:33,41.0,27.0,27.0,0.0,0.0,0.0,0.0,0.0,0.0,0,0,0,
2026-09-30T13:14:35,41.0,27.0,27.0,0.0,0.0,0.0,0.0,0.0,0.0,0,0,0,
2026-09-30T13:14:37,41.0,27.0,27.0,0.0,0.0,0.0,0.0,0.0,0.0,0,0,0,
2026-09-30T13:14:39,41.0,27.0,27.0,0.0,0.0,0.0,0.0,0.0,0.0,0,0,0,
2026-09-30T13:14:41,41.0,27.0,27.0,0.0,0.0,0.0,0.0,0.0,0.0,0,0,0,
2026-09-30T13:14:43,41.0,27.0,27.0,0.0,0.0,0.0,0.0,0.0,0.0,0,0,0,
2026-09-30T13:14:45,41.0,27.0,27.0,0.0,0.0,0.0,0.0,0.0,0.0,0,0,0,
2026-09-30T13:14:47,41.0,27.0,27.0,0.0,0.0,0.0,0.0,0.0,0.0,0,0,0,
2026-09-30T13:14:49,41.0,27.0,27.0,0.0,0.0,0.0,0.0,0.0,0.0,0,0,0,
2026-09-30T13:14:51,41.0,27.0,27.0,0.0,0.0,0.0,0.0,0.0,0.0,0,0,0,
2026-09-30T13:14:53,41.0,27.0,27.0,0.0,0.0,0.0,0.0,0.0,0.0,0,0,0,
2026-09-30T13:14:55,40.0,27.0,27.0,0.0,0.0,0.0,0.0,0.0,0.0,0,0,0,
2026-09-30T13:14:57,40.0,27.0,27.0,0.0,0.0,0.0,0.0,0.0,0.0,0,0,0,
2026-09-30T13:14:59,40.0,27.0,27.0,0.0,0.0,0.0,0.0,0.0,0.0,0,0,0,
2026-09-30T13:15:01,40.0,27.0,27.0,0.0,0.0,0.0,0.0,0.0,0.0,0,0,0,
2026-09-30T13:15:03,40.0,27.0,27.0,0.0,0.0,0.0,0.0,0.0,0.0,0,0,0,
2026-09-30T13:15:05,40.0,27.0,27.0,0.0,0.0,0.0,0.0,0.0,0.0,0,0,0,
2026-09-30T13:15:07,40.0,27.0,27.0,0.0,0.0,0.0,0.0,0.0,0.0,0,0,0,
2026-09-30T13:15:09,40.0,27.0,27.0,0.0,0.0,0.0,0.0,0.0,0.0,0,0,0,
2026-09-30T13:15:11,40.0,27.0,27.0,0.0,0.0,0.0,0.0,0.0,0.0,0,0,0,
2026-09-30T13:15:13,40.0,27.0,27.0,0.0,0.0,0.0,0.0,0.0,0.0,0,0,0,
2026-09-30T13:15:15,40.0,27.0,27.0,0.0,0.0,0.0,0.0,0.0,0.0,0,0,0,
2026-09-30T13:15:17,40.0,27.0,27.0,0.0,0.0,0.0,0.0,0.0,0.0,0,0,0,
2026-09-30T13:15:19,39.0,27.0,27.0,0.0,0.0,0.0,0.0,0.0,0.0,0,0,0,
2026-09-30T13:15:21,39.0,27.0,27.0,0.0,0.0,0.0,0.0,0.0,0.0,0,0,0,
2026-09-30T13:15:23,39.0,27.0,27.0,0.0,0.0,0.0,0.0,0.0,0.0,0,0,0,
2026-09-30T13:15:25,39.0,27.0,27.0,0.0,0.0,0.0,0.0,0.0,0.0,0,0,0,
2026-09-30T13:15:27,39.0,27.0,27.0,0.0,0.0,0.0,0.0,0.0,0.0,0,0,0,
2026-09-30T13:15:29,39.0,27.0,27.0,0.0,0.0,0.0,0.0,0.0,0.0,0,0,0,
2026-09-30T13:15:31,39.0,27.0,27.0,0.0,0.0,0.0,0.0,0.0,0.0,0,0,0,
2026-09-30T13:15:33,39.0,27.0,26.0,0.0,0.0,0.0,0.0,0.0,0.0,0,0,0,
2026-09-30T13:15:35,39.0,27.0,27.0,0.0,0.0,0.0,0.0,0.0,0.0,0,0,0,
2026-09-30T13:15:37,39.0,26.0,27.0,0.0,0.0,0.0,0.0,0.0,0.0,0,0,0,
2026-09-30T13:15:39,39.0,26.0,26.0,0.0,0.0,0.0,0.0,0.0,0.0,0,0,0,
2026-09-30T13:15:41,39.0,26.0,27.0,0.0,0.0,0.0,0.0,0.0,0.0,0,0,0,
2026-09-30T13:15:43,39.0,26.0,26.0,0.0,0.0,0.0,0.0,0.0,0.0,0,0,0,
2026-09-30T13:15:45,38.0,26.0,26.0,0.0,0.0,0.0,0.0,0.0,0.0,0,0,0,
2026-09-30T13:15:47,38.0,26.0,26.0,0.0,0.0,0.0,0.0,0.0,0.0,0,0,0,
2026-09-30T13:15:49,38.0,26.0,26.0,0.0,0.0,0.0,0.0,0.0,0.0,0,0,0,
2026-09-30T13:15:51,38.0,26.0,26.0,0.0,0.0,0.0,0.0,0.0,0.0,0,0,0,
2026-09-30T13:15:53,38.0,26.0,26.0,0.0,0.0,0.0,0.0,0.0,0.0,0,0,0,
2026-09-30T13:15:55,38.0,26.0,26.0,0.0,0.0,0.0,0.0,0.0,0.0,0,0,0,
2026-09-30T13:15:57,38.0,26.0,26.0,0.0,0.0,0.0,0.0,0.0,0.0,0,0,0,
2026-09-30T13:15:59,38.0,26.0,26.0,0.0,0.0,0.0,0.0,0.0,0.0,0,0,0,
2026-09-30T13:16:01,38.0,26.0,26.0,0.0,0.0,0.0,0.0,0.0,0.0,0,0,0,
2026-09-30T13:16:03,38.0,26.0,26.0,0.0,0.0,0.0,0.0,0.0,0.0,0,0,0,
2026-09-30T13:16:05,38.0,26.0,26.0,0.0,0.0,0.0,0.0,0.0,0.0,0,0,0,
2026-09-30T13:16:07,38.0,26.0,26.0,0.0,0.0,0.0,0.0,0.0,0.0,0,0,0,
2026-09-30T13:16:09,38.0,26.0,26.0,0.0,0.0,0.0,0.0,0.0,0.0,0,0,0,
2026-09-30T13:16:11,38.0,26.0,26.0,0.0,0.0,0.0,0.0,0.0,0.0,0,0,0,
2026-09-30T13:16:13,38.0,26.0,26.0,0.0,0.0,0.0,0.0,0.0,0.0,0,0,0,
2026-09-30T13:16:15,37.0,26.0,26.0,0.0,0.0,0.0,0.0,0.0,0.0,0,0,0,
2026-09-30T13:16:17,37.0,26.0,26.0,0.0,0.0,0.0,0.0,0.0,0.0,0,0,0,
2026-09-30T13:16:19,37.0,26.0,26.0,0.0,0.0,0.0,0.0,0.0,0.0,0,0,0,
2026-09-30T13:16:21,37.0,26.0,26.0,0.0,0.0,0.0,0.0,0.0,0.0,0,0,0,
2026-09-30T13:16:23,37.0,26.0,26.0,0.0,0.0,0.0,0.0,0.0,0.0,0,0,0,
2026-09-30T13:16:25,37.0,26.0,26.0,0.0,0.0,0.0,0.0,0.0,0.0,0,0,0,
2026-09-30T13:16:27,37.0,26.0,26.0,0.0,0.0,0.0,0.0,0.0,0.0,0,0,0,
2026-09-30T13:16:29,37.0,26.0,26.0,0.0,0.0,0.0,0.0,0.0,0.0,0,0,0,
2026-09-30T13:16:31,37.0,26.0,26.0,0.0,0.0,0.0,0.0,0.0,0.0,0,0,0,
2026-09-30T13:16:33,37.0,26.0,26.0,0.0,0.0,0.0,0.0,0.0,0.0,0,0,0,
2026-09-30T13:16:36,37.0,26.0,26.0,0.0,0.0,0.0,0.0,0.0,0.0,0,0,0,
2026-09-30T13:16:38,37.0,26.0,26.0,0.0,0.0,0.0,0.0,0.0,0.0,0,0,0,
2026-09-30T13:16:40,37.0,26.0,26.0,0.0,0.0,0.0,0.0,0.0,0.0,0,0,0,
2026-09-30T13:16:41,37.0,26.0,26.0,0.0,0.0,0.0,0.0,0.0,0.0,0,0,0,
2026-09-30T13:16:44,37.0,26.0,26.0,0.0,0.0,0.0,0.0,0.0,0.0,0,0,0,
2026-09-30T13:16:45,37.0,26.0,26.0,0.0,0.0,0.0,0.0,0.0,0.0,0,0,0,
2026-09-30T13:16:47,36.0,26.0,26.0,0.0,0.0,0.0,0.0,0.0,0.0,0,0,0,
2026-09-30T13:16:50,36.0,26.0,26.0,0.0,0.0,0.0,0.0,0.0,0.0,0,0,0,
2026-09-30T13:16:52,36.0,26.0,26.0,0.0,0.0,0.0,0.0,0.0,0.0,0,0,0,
2026-09-30T13:16:54,36.0,26.0,26.0,0.0,0.0,0.0,0.0,0.0,0.0,0,0,0,
2026-09-30T13:16:56,36.0,26.0,26.0,0.0,0.0,0.0,0.0,0.0,0.0,0,0,0,
2026-09-30T13:16:58,36.0,26.0,26.0,0.0,0.0,0.0,0.0,0.0,0.0,0,0,0,
2026-09-30T13:17:00,36.0,26.0,26.0,0.0,0.0,0.0,0.0,0.0,0.0,0,0,0,
2026-09-30T13:17:02,36.0,26.0,26.0,0.0,0.0,0.0,0.0,0.0,0.0,0,0,0,
2026-09-30T13:17:04,36.0,26.0,26.0,0.0,0.0,0.0,0.0,0.0,0.0,0,0,0,
2026-09-30T13:17:06,36.0,26.0,26.0,0.0,0.0,0.0,0.0,0.0,0.0,0,0,0,
2026-09-30T13:17:08,36.0,26.0,26.0,0.0,0.0,0.0,0.0,0.0,0.0,0,0,0,
2026-09-30T13:17:10,36.0,26.0,26.0,0.0,0.0,0.0,0.0,0.0,0.0,0,0,0,
2026-09-30T13:17:12,36.0,26.0,26.0,0.0,0.0,0.0,0.0,0.0,0.0,0,0,0,
2026-09-30T13:17:14,36.0,26.0,26.0,0.0,0.0,0.0,0.0,0.0,0.0,0,0,0,
2026-09-30T13:17:16,36.0,26.0,26.0,0.0,0.0,0.0,0.0,0.0,0.0,0,0,0,
2026-09-30T13:17:18,36.0,26.0,26.0,0.0,0.0,0.0,0.0,0.0,0.0,0,0,0,
2026-09-30T13:17:20,36.0,26.0,26.0,0.0,0.0,0.0,0.0,0.0,0.0,0,0,0,
2026-09-30T13:17:22,36.0,26.0,26.0,0.0,0.0,0.0,0.0,0.0,0.0,0,0,0,
2026-09-30T13:17:24,36.0,26.0,26.0,0.0,0.0,0.0,0.0,0.0,0.0,0,0,0,
2026-09-30T13:17:26,35.0,26.0,26.0,0.0,0.0,0.0,0.0,0.0,0.0,0,0,0,
2026-09-30T13:17:28,35.0,26.0,26.0,0.0,0.0,0.0,0.0,0.0,0.0,0,0,0,
2026-09-30T13:17:30,35.0,26.0,26.0,0.0,0.0,0.0,0.0,0.0,0.0,0,0,0,
2026-09-30T13:17:32,35.0,26.0,26.0,0.0,0.0,0.0,0.0,0.0,0.0,0,0,0,
2026-09-30T13:17:34,35.0,26.0,26.0,0.0,0.0,0.0,0.0,0.0,0.0,0,0,0,
2026-09-30T13:17:36,35.0,26.0,26.0,0.0,0.0,0.0,0.0,0.0,0.0,0,0,0,
2026-09-30T13:17:38,35.0,26.0,26.0,0.0,0.0,0.0,0.0,0.0,0.0,0,0,0,
2026-09-30T13:17:40,35.0,26.0,26.0,0.0,0.0,0.0,0.0,0.0,0.0,0,0,0,
2026-09-30T13:17:42,35.0,26.0,26.0,0.0,0.0,0.0,0.0,0.0,0.0,0,0,0,
2026-09-30T13:17:44,35.0,26.0,26.0,0.0,0.0,0.0,0.0,0.0,0.0,0,0,0,
2026-09-30T13:17:46,35.0,26.0,26.0,0.0,0.0,0.0,0.0,0.0,0.0,0,0,0,
2026-09-30T13:17:48,35.0,26.0,26.0,0.0,0.0,0.0,0.0,0.0,0.0,0,0,0,
2026-09-30T13:17:50,35.0,26.0,26.0,0.0,0.0,0.0,0.0,0.0,0.0,0,0,0,
2026-09-30T13:17:52,35.0,26.0,26.0,0.0,0.0,0.0,0.0,0.0,0.0,0,0,0,
2026-09-30T13:17:54,35.0,25.0,26.0,0.0,0.0,0.0,0.0,0.0,0.0,0,0,0,
2026-09-30T13:17:56,35.0,25.0,26.0,0.0,0.0,0.0,0.0,0.0,0.0,0,0,0,
2026-09-30T13:17:58,35.0,26.0,26.0,0.0,0.0,0.0,0.0,0.0,0.0,0,0,0,
2026-09-30T13:18:00,35.0,25.0,26.0,0.0,0.0,0.0,0.0,0.0,0.0,0,0,0,
2026-09-30T13:18:02,35.0,25.0,26.0,0.0,0.0,0.0,0.0,0.0,0.0,0,0,0,
2026-09-30T13:18:04,34.0,25.0,26.0,0.0,0.0,0.0,0.0,0.0,0.0,0,0,0,
2026-09-30T13:18:06,34.0,25.0,26.0,0.0,0.0,0.0,0.0,0.0,0.0,0,0,0,
2026-09-30T13:18:08,34.0,25.0,26.0,0.0,0.0,0.0,0.0,0.0,0.0,0,0,0,
2026-09-30T13:18:10,34.0,25.0,26.0,0.0,0.0,0.0,0.0,0.0,0.0,0,0,0,
2026-09-30T13:18:12,34.0,25.0,26.0,0.0,0.0,0.0,0.0,0.0,0.0,0,0,0,
2026-09-30T13:18:14,34.0,25.0,26.0,0.0,0.0,0.0,0.0,0.0,0.0,0,0,0,
2026-09-30T13:18:16,34.0,25.0,26.0,0.0,0.0,0.0,0.0,0.0,0.0,0,0,0,
2026-09-30T13:18:18,34.0,25.0,26.0,0.0,0.0,0.0,0.0,0.0,0.0,0,0,0,
2026-09-30T13:18:20,34.0,25.0,26.0,0.0,0.0,0.0,0.0,0.0,0.0,0,0,0,
2026-09-30T13:18:22,34.0,25.0,26.0,0.0,0.0,0.0,0.0,0.0,0.0,0,0,0,
2026-09-30T13:18:24,34.0,25.0,26.0,0.0,0.0,0.0,0.0,0.0,0.0,0,0,0,
2026-09-30T13:18:26,34.0,25.0,26.0,0.0,0.0,0.0,0.0,0.0,0.0,0,0,0,
2026-09-30T13:18:28,34.0,25.0,26.0,0.0,0.0,0.0,0.0,0.0,0.0,0,0,0,
2026-09-30T13:18:30,34.0,25.0,26.0,0.0,0.0,0.0,0.0,0.0,0.0,0,0,0,
2026-09-30T13:18:32,34.0,25.0,26.0,0.0,0.0,0.0,0.0,0.0,0.0,0,0,0,
2026-09-30T13:18:34,34.0,25.0,26.0,0.0,0.0,0.0,0.0,0.0,0.0,0,0,0,
2026-09-30T13:18:36,34.0,25.0,26.0,0.0,0.0,0.0,0.0,0.0,0.0,0,0,0,
2026-09-30T13:18:38,34.0,25.0,26.0,0.0,0.0,0.0,0.0,0.0,0.0,0,0,0,
2026-09-30T13:18:40,34.0,25.0,26.0,0.0,0.0,0.0,0.0,0.0,0.0,0,0,0,
2026-09-30T13:18:42,34.0,25.0,26.0,0.0,0.0,0.0,0.0,0.0,0.0,0,0,0,
2026-09-30T13:18:44,34.0,25.0,26.0,0.0,0.0,0.0,0.0,0.0,0.0,0,0,0,
2026-09-30T13:18:46,34.0,25.0,26.0,0.0,0.0,0.0,0.0,0.0,0.0,0,0,0,
2026-09-30T13:18:48,34.0,25.0,26.0,0.0,0.0,0.0,0.0,0.0,0.0,0,0,0,
2026-09-30T13:18:50,33.0,25.0,26.0,0.0,0.0,0.0,0.0,0.0,0.0,0,0,0,
2026-09-30T13:18:52,33.0,25.0,26.0,0.0,0.0,0.0,0.0,0.0,0.0,0,0,0,
2026-09-30T13:18:54,33.0,25.0,26.0,0.0,0.0,0.0,0.0,0.0,0.0,0,0,0,
2026-09-30T13:18:56,33.0,25.0,26.0,0.0,0.0,0.0,0.0,0.0,0.0,0,0,0,
2026-09-30T13:18:58,33.0,25.0,26.0,0.0,0.0,0.0,0.0,0.0,0.0,0,0,0,
2026-09-30T13:19:00,33.0,25.0,26.0,0.0,0.0,0.0,0.0,0.0,0.0,0,0,0,
2026-09-30T13:19:02,33.0,25.0,26.0,0.0,0.0,0.0,0.0,0.0,0.0,0,0,0,
2026-09-30T13:19:04,33.0,25.0,26.0,0.0,0.0,0.0,0.0,0.0,0.0,0,0,0,
2026-09-30T13:19:06,33.0,25.0,26.0,0.0,0.0,0.0,0.0,0.0,0.0,0,0,0,
2026-09-30T13:19:08,33.0,25.0,26.0,0.0,0.0,0.0,0.0,0.0,0.0,0,0,0,
2026-09-30T13:19:10,33.0,25.0,26.0,0.0,0.0,0.0,0.0,0.0,0.0,0,0,0,
2026-09-30T13:19:13,33.0,25.0,26.0,0.0,0.0,0.0,0.0,0.0,0.0,0,0,0,
2026-09-30T13:19:14,33.0,25.0,26.0,0.0,0.0,0.0,0.0,0.0,0.0,0,0,0,
2026-09-30T13:19:17,33.0,25.0,26.0,0.0,0.0,0.0,0.0,0.0,0.0,0,0,0,
2026-09-30T13:19:18,33.0,25.0,26.0,0.0,0.0,0.0,0.0,0.0,0.0,0,0,0,
2026-09-30T13:19:20,33.0,25.0,26.0,0.0,0.0,0.0,0.0,0.0,0.0,0,0,0,
2026-09-30T13:19:22,33.0,25.0,26.0,0.0,0.0,0.0,0.0,0.0,0.0,0,0,0,
2026-09-30T13:19:24,33.0,25.0,26.0,0.0,0.0,0.0,0.0,0.0,0.0,0,0,0,
2026-09-30T13:19:26,33.0,25.0,26.0,0.0,0.0,0.0,0.0,0.0,0.0,0,0,0,
2026-09-30T13:19:29,33.0,25.0,26.0,0.0,0.0,0.0,0.0,0.0,0.0,0,0,0,
2026-09-30T13:19:31,33.0,25.0,26.0,0.0,0.0,0.0,0.0,0.0,0.0,0,0,0,
2026-09-30T13:19:33,33.0,25.0,26.0,0.0,0.0,0.0,0.0,0.0,0.0,0,0,0,
2026-09-30T13:19:35,33.0,25.0,26.0,0.0,0.0,0.0,0.0,0.0,0.0,0,0,0,
2026-09-30T13:19:37,33.0,25.0,26.0,0.0,0.0,0.0,0.0,0.0,0.0,0,0,0,
2026-09-30T13:19:39,33.0,25.0,26.0,0.0,0.0,0.0,0.0,0.0,0.0,0,0,0,
2026-09-30T13:19:41,33.0,25.0,26.0,0.0,0.0,0.0,0.0,0.0,0.0,0,0,0,
2026-09-30T13:19:43,33.0,25.0,26.0,0.0,0.0,0.0,0.0,0.0,0.0,0,0,0,
2026-09-30T13:19:45,32.0,25.0,26.0,0.0,0.0,0.0,0.0,0.0,0.0,0,0,0,
2026-09-30T13:19:47,32.0,25.0,26.0,0.0,0.0,0.0,0.0,0.0,0.0,0,0,0,
2026-09-30T13:19:49,32.0,25.0,26.0,0.0,0.0,0.0,0.0,0.0,0.0,0,0,0,
2026-09-30T13:19:51,32.0,25.0,26.0,0.0,0.0,0.0,0.0,0.0,0.0,0,0,0,
2026-09-30T13:19:53,32.0,25.0,26.0,0.0,0.0,0.0,0.0,0.0,0.0,0,0,0,
2026-09-30T13:19:55,32.0,25.0,26.0,0.0,0.0,0.0,0.0,0.0,0.0,0,0,0,
2026-09-30T13:19:57,32.0,25.0,26.0,0.0,0.0,0.0,0.0,0.0,0.0,0,0,0,
2026-09-30T13:19:59,32.0,25.0,26.0,0.0,0.0,0.0,0.0,0.0,0.0,0,0,0,
2026-09-30T13:20:01,32.0,25.0,26.0,0.0,0.0,0.0,0.0,0.0,0.0,0,0,0,
2026-09-30T13:20:03,32.0,25.0,26.0,0.0,0.0,0.0,0.0,0.0,0.0,0,0,0,
2026-09-30T13:20:05,32.0,25.0,26.0,0.0,0.0,0.0,0.0,0.0,0.0,0,0,0,
2026-09-30T13:20:07,32.0,25.0,26.0,0.0,0.0,0.0,0.0,0.0,0.0,0,0,0,
2026-09-30T13:20:09,32.0,25.0,26.0,0.0,0.0,0.0,0.0,0.0,0.0,0,0,0,
2026-09-30T13:20:11,32.0,25.0,26.0,0.0,0.0,0.0,0.0,0.0,0.0,0,0,0,
2026-09-30T13:20:13,32.0,25.0,26.0,0.0,0.0,0.0,0.0,0.0,0.0,0,0,0,
2026-09-30T13:20:15,32.0,25.0,26.0,0.0,0.0,0.0,0.0,0.0,0.0,0,0,0,
2026-09-30T13:20:17,32.0,25.0,26.0,0.0,0.0,0.0,0.0,0.0,0.0,0,0,0,
2026-09-30T13:20:19,32.0,25.0,26.0,0.0,0.0,0.0,0.0,0.0,0.0,0,0,0,
2026-09-30T13:20:21,32.0,25.0,26.0,0.0,0.0,0.0,0.0,0.0,0.0,0,0,0,
2026-09-30T13:20:23,32.0,25.0,26.0,0.0,0.0,0.0,0.0,0.0,0.0,0,0,0,
2026-09-30T13:20:25,32.0,25.0,26.0,0.0,0.0,0.0,0.0,0.0,0.0,0,0,0,
2026-09-30T13:20:27,32.0,25.0,26.0,0.0,0.0,0.0,0.0,0.0,0.0,0,0,0,
2026-09-30T13:20:29,32.0,25.0,26.0,0.0,0.0,0.0,0.0,0.0,0.0,0,0,0,
2026-09-30T13:20:31,32.0,25.0,26.0,0.0,0.0,0.0,0.0,0.0,0.0,0,0,0,
2026-09-30T13:20:33,32.0,25.0,26.0,0.0,0.0,0.0,0.0,0.0,0.0,0,0,0,
2026-09-30T13:20:35,32.0,25.0,26.0,0.0,0.0,0.0,0.0,0.0,0.0,0,0,0,
2026-09-30T13:20:37,32.0,25.0,26.0,0.0,0.0,0.0,0.0,0.0,0.0,0,0,0,
2026-09-30T13:20:39,32.0,25.0,26.0,0.0,0.0,0.0,0.0,0.0,0.0,0,0,0,
2026-09-30T13:20:41,32.0,25.0,26.0,0.0,0.0,0.0,0.0,0.0,0.0,0,0,0,
2026-09-30T13:20:43,32.0,25.0,26.0,0.0,0.0,0.0,0.0,0.0,0.0,0,0,0,
2026-09-30T13:20:45,32.0,25.0,26.0,0.0,0.0,0.0,0.0,0.0,0.0,0,0,0,
2026-09-30T13:20:47,32.0,25.0,26.0,0.0,0.0,0.0,0.0,0.0,0.0,0,0,0,
2026-09-30T13:20:49,32.0,25.0,26.0,0.0,0.0,0.0,0.0,0.0,0.0,0,0,0,
2026-09-30T13:20:51,32.0,25.0,26.0,0.0,0.0,0.0,0.0,0.0,0.0,0,0,0,
2026-09-30T13:20:53,31.0,25.0,26.0,0.0,0.0,0.0,0.0,0.0,0.0,0,0,0,
2026-09-30T13:20:55,31.0,25.0,26.0,0.0,0.0,0.0,0.0,0.0,0.0,0,0,0,
2026-09-30T13:20:57,31.0,25.0,26.0,0.0,0.0,0.0,0.0,0.0,0.0,0,0,0,
2026-09-30T13:20:59,31.0,25.0,26.0,0.0,0.0,0.0,0.0,0.0,0.0,0,0,0,
2026-09-30T13:21:01,31.0,25.0,26.0,0.0,0.0,0.0,0.0,0.0,0.0,0,0,0,
2026-09-30T13:21:03,31.0,25.0,26.0,0.0,0.0,0.0,0.0,0.0,0.0,0,0,0,
2026-09-30T13:21:05,31.0,25.0,26.0,0.0,0.0,0.0,0.0,0.0,0.0,0,0,0,
2026-09-30T13:21:07,31.0,25.0,26.0,0.0,0.0,0.0,0.0,0.0,0.0,0,0,0,
2026-09-30T13:21:09,31.0,25.0,26.0,0.0,0.0,0.0,0.0,0.0,0.0,0,0,0,
2026-09-30T13:21:11,31.0,25.0,26.0,0.0,0.0,0.0,0.0,0.0,0.0,0,0,0,
2026-09-30T13:21:13,31.0,25.0,26.0,0.0,0.0,0.0,0.0,0.0,0.0,0,0,0,
2026-09-30T13:21:15,31.0,25.0,26.0,0.0,0.0,0.0,0.0,0.0,0.0,0,0,0,
2026-09-30T13:21:17,31.0,25.0,26.0,0.0,0.0,0.0,0.0,0.0,0.0,0,0,0,
2026-09-30T13:21:19,31.0,25.0,26.0,0.0,0.0,0.0,0.0,0.0,0.0,0,0,0,
2026-09-30T13:21:21,31.0,25.0,26.0,0.0,0.0,0.0,0.0,0.0,0.0,0,0,0,
2026-09-30T13:21:23,31.0,25.0,26.0,0.0,0.0,0.0,0.0,0.0,0.0,0,0,0,
2026-09-30T13:21:25,31.0,25.0,26.0,0.0,0.0,0.0,0.0,0.0,0.0,0,0,0,
2026-09-30T13:21:27,31.0,25.0,26.0,0.0,0.0,0.0,0.0,0.0,0.0,0,0,0,
2026-09-30T13:21:29,31.0,25.0,26.0,0.0,0.0,0.0,0.0,0.0,0.0,0,0,0,
2026-09-30T13:21:32,31.0,25.0,26.0,0.0,0.0,0.0,0.0,0.0,0.0,0,0,0,
2026-09-30T13:21:34,31.0,25.0,26.0,0.0,0.0,0.0,0.0,0.0,0.0,0,0,0,
2026-09-30T13:21:36,31.0,25.0,26.0,0.0,0.0,0.0,0.0,0.0,0.0,0,0,0,
2026-09-30T13:21:38,31.0,25.0,26.0,0.0,0.0,0.0,0.0,0.0,0.0,0,0,0,
2026-09-30T13:21:40,31.0,25.0,26.0,0.0,0.0,0.0,0.0,0.0,0.0,0,0,0,
2026-09-30T13:21:42,31.0,25.0,26.0,0.0,0.0,0.0,0.0,0.0,0.0,0,0,0,
2026-09-30T13:21:44,31.0,25.0,26.0,0.0,0.0,0.0,0.0,0.0,0.0,0,0,0,
2026-09-30T13:21:46,31.0,25.0,26.0,0.0,0.0,0.0,0.0,0.0,0.0,0,0,0,
2026-09-30T13:21:48,31.0,25.0,26.0,0.0,0.0,0.0,0.0,0.0,0.0,0,0,0,
2026-09-30T13:21:50,31.0,25.0,26.0,0.0,0.0,0.0,0.0,0.0,0.0,0,0,0,
2026-09-30T13:21:52,31.0,25.0,26.0,0.0,0.0,0.0,0.0,0.0,0.0,0,0,0,
2026-09-30T13:21:54,31.0,25.0,26.0,0.0,0.0,0.0,0.0,0.0,0.0,0,0,0,
2026-09-30T13:21:56,31.0,25.0,26.0,0.0,0.0,0.0,0.0,0.0,0.0,0,0,0,
2026-09-30T13:21:58,31.0,25.0,26.0,0.0,0.0,0.0,0.0,0.0,0.0,0,0,0,
2026-09-30T13:22:00,31.0,25.0,26.0,0.0,0.0,0.0,0.0,0.0,0.0,0,0,0,
2026-09-30T13:22:02,31.0,25.0,26.0,0.0,0.0,0.0,0.0,0.0,0.0,0,0,0,
2026-09-30T13:22:04,30.0,25.0,26.0,0.0,0.0,0.0,0.0,0.0,0.0,0,0,0,
2026-09-30T13:22:06,30.0,25.0,26.0,0.0,0.0,0.0,0.0,0.0,0.0,0,0,0,
2026-09-30T13:22:08,30.0,25.0,26.0,0.0,0.0,0.0,0.0,0.0,0.0,0,0,0,
2026-09-30T13:22:10,30.0,25.0,26.0,0.0,0.0,0.0,0.0,0.0,0.0,0,0,0,
2026-09-30T13:22:12,30.0,25.0,26.0,0.0,0.0,0.0,0.0,0.0,0.0,0,0,0,
2026-09-30T13:22:14,30.0,25.0,26.0,0.0,0.0,0.0,0.0,0.0,0.0,0,0,0,
2026-09-30T13:22:16,30.0,25.0,26.0,0.0,0.0,0.0,0.0,0.0,0.0,0,0,0,
2026-09-30T13:22:18,30.0,25.0,26.0,0.0,0.0,0.0,0.0,0.0,0.0,0,0,0,
2026-09-30T13:22:20,30.0,25.0,26.0,0.0,0.0,0.0,0.0,0.0,0.0,0,0,0,
2026-09-30T13:22:22,30.0,25.0,26.0,0.0,0.0,0.0,0.0,0.0,0.0,0,0,0,
2026-09-30T13:22:24,30.0,25.0,26.0,0.0,0.0,0.0,0.0,0.0,0.0,0,0,0,
2026-09-30T13:22:26,30.0,25.0,26.0,0.0,0.0,0.0,0.0,0.0,0.0,0,0,0,
2026-09-30T13:22:28,30.0,25.0,26.0,0.0,0.0,0.0,0.0,0.0,0.0,0,0,0,
2026-09-30T13:22:30,30.0,25.0,26.0,0.0,0.0,0.0,0.0,0.0,0.0,0,0,0,
2026-09-30T13:22:32,30.0,25.0,26.0,0.0,0.0,0.0,0.0,0.0,0.0,0,0,0,
2026-09-30T13:22:34,30.0,25.0,26.0,0.0,0.0,0.0,0.0,0.0,0.0,0,0,0,
2026-09-30T13:22:36,30.0,25.0,26.0,0.0,0.0,0.0,0.0,0.0,0.0,0,0,0,
2026-09-30T13:22:38,30.0,25.0,25.0,0.0,0.0,0.0,0.0,0.0,0.0,0,0,0,
2026-09-30T13:22:40,30.0,25.0,26.0,0.0,0.0,0.0,0.0,0.0,0.0,0,0,0,
2026-09-30T13:22:42,30.0,25.0,26.0,0.0,0.0,0.0,0.0,0.0,0.0,0,0,0,
2026-09-30T13:22:44,30.0,25.0,26.0,0.0,0.0,0.0,0.0,0.0,0.0,0,0,0,
2026-09-30T13:22:46,30.0,25.0,25.0,0.0,0.0,0.0,0.0,0.0,0.0,0,0,0,
2026-09-30T13:22:48,30.0,25.0,26.0,0.0,0.0,0.0,0.0,0.0,0.0,0,0,0,
2026-09-30T13:22:50,30.0,25.0,26.0,0.0,0.0,0.0,0.0,0.0,0.0,0,0,0,
2026-09-30T13:22:52,30.0,25.0,26.0,0.0,0.0,0.0,0.0,0.0,0.0,0,0,0,
2026-09-30T13:22:54,30.0,25.0,26.0,0.0,0.0,0.0,0.0,0.0,0.0,0,0,0,
2026-09-30T13:22:56,30.0,25.0,26.0,0.0,0.0,0.0,0.0,0.0,0.0,0,0,0,
2026-09-30T13:22:58,30.0,25.0,26.0,0.0,0.0,0.0,0.0,0.0,0.0,0,0,0,
2026-09-30T13:23:00,30.0,25.0,25.0,0.0,0.0,0.0,0.0,0.0,0.0,0,0,0,
2026-09-30T13:23:02,30.0,25.0,26.0,0.0,0.0,0.0,0.0,0.0,0.0,0,0,0,
2026-09-30T13:23:04,30.0,25.0,26.0,0.0,0.0,0.0,0.0,0.0,0.0,0,0,0,
2026-09-30T13:23:06,30.0,25.0,26.0,0.0,0.0,0.0,0.0,0.0,0.0,0,0,0,
2026-09-30T13:23:08,30.0,25.0,26.0,0.0,0.0,0.0,0.0,0.0,0.0,0,0,0,
2026-09-30T13:23:10,30.0,25.0,26.0,0.0,0.0,0.0,0.0,0.0,0.0,0,0,0,
2026-09-30T13:23:12,30.0,25.0,25.0,0.0,0.0,0.0,0.0,0.0,0.0,0,0,0,
2026-09-30T13:23:14,30.0,25.0,25.0,0.0,0.0,0.0,0.0,0.0,0.0,0,0,0,
2026-09-30T13:23:16,30.0,25.0,26.0,0.0,0.0,0.0,0.0,0.0,0.0,0,0,0,
2026-09-30T13:23:18,30.0,25.0,26.0,0.0,0.0,0.0,0.0,0.0,0.0,0,0,0,
2026-09-30T13:23:20,30.0,25.0,26.0,0.0,0.0,0.0,0.0,0.0,0.0,0,0,0,
2026-09-30T13:23:22,30.0,25.0,26.0,0.0,0.0,0.0,0.0,0.0,0.0,0,0,0,
2026-09-30T13:23:24,30.0,25.0,25.0,0.0,0.0,0.0,0.0,0.0,0.0,0,0,0,
2026-09-30T13:23:26,30.0,25.0,26.0,0.0,0.0,0.0,0.0,0.0,0.0,0,0,0,
2026-09-30T13:23:28,30.0,24.0,25.0,0.0,0.0,0.0,0.0,0.0,0.0,0,0,0,
2026-09-30T13:23:30,30.0,25.0,26.0,0.0,0.0,0.0,0.0,0.0,0.0,0,0,0,
2026-09-30T13:23:32,30.0,25.0,25.0,0.0,0.0,0.0,0.0,0.0,0.0,0,0,0,
2026-09-30T13:23:34,30.0,25.0,25.0,0.0,0.0,0.0,0.0,0.0,0.0,0,0,0,
2026-09-30T13:23:36,30.0,24.0,25.0,0.0,0.0,0.0,0.0,0.0,0.0,0,0,0,
2026-09-30T13:23:38,30.0,25.0,26.0,0.0,0.0,0.0,0.0,0.0,0.0,0,0,0,
2026-09-30T13:23:40,30.0,24.0,25.0,0.0,0.0,0.0,0.0,0.0,0.0,0,0,0,
2026-09-30T13:23:42,29.0,25.0,25.0,0.0,0.0,0.0,0.0,0.0,0.0,0,0,0,
2026-09-30T13:23:44,29.0,25.0,25.0,0.0,0.0,0.0,0.0,0.0,0.0,0,0,0,
2026-09-30T13:23:46,29.0,25.0,25.0,0.0,0.0,0.0,0.0,0.0,0.0,0,0,0,
2026-09-30T13:23:48,29.0,24.0,25.0,0.0,0.0,0.0,0.0,0.0,0.0,0,0,0,
2026-09-30T13:23:50,29.0,24.0,25.0,0.0,0.0,0.0,0.0,0.0,0.0,0,0,0,
2026-09-30T13:23:52,29.0,24.0,26.0,0.0,0.0,0.0,0.0,0.0,0.0,0,0,0,
2026-09-30T13:23:55,29.0,25.0,25.0,0.0,0.0,0.0,0.0,0.0,0.0,0,0,0,
2026-09-30T13:23:57,29.0,24.0,25.0,0.0,0.0,0.0,0.0,0.0,0.0,0,0,0,
2026-09-30T13:23:59,29.0,24.0,26.0,0.0,0.0,0.0,0.0,0.0,0.0,0,0,0,
2026-09-30T13:24:01,29.0,24.0,25.0,0.0,0.0,0.0,0.0,0.0,0.0,0,0,0,
2026-09-30T13:24:03,29.0,24.0,25.0,0.0,0.0,0.0,0.0,0.0,0.0,0,0,0,
2026-09-30T13:24:05,29.0,25.0,25.0,0.0,0.0,0.0,0.0,0.0,0.0,0,0,0,
2026-09-30T13:24:07,29.0,24.0,25.0,0.0,0.0,0.0,0.0,0.0,0.0,0,0,0,
2026-09-30T13:24:09,29.0,24.0,25.0,0.0,0.0,0.0,0.0,0.0,0.0,0,0,0,
2026-09-30T13:24:11,29.0,24.0,25.0,0.0,0.0,0.0,0.0,0.0,0.0,0,0,0,
2026-09-30T13:24:13,29.0,24.0,25.0,0.0,0.0,0.0,0.0,0.0,0.0,0,0,0,
2026-09-30T13:24:15,29.0,24.0,25.0,0.0,0.0,0.0,0.0,0.0,0.0,0,0,0,
2026-09-30T13:24:17,29.0,24.0,25.0,0.0,0.0,0.0,0.0,0.0,0.0,0,0,0,
2026-09-30T13:24:19,29.0,24.0,25.0,0.0,0.0,0.0,0.0,0.0,0.0,0,0,0,
2026-09-30T13:24:21,29.0,24.0,26.0,0.0,0.0,0.0,0.0,0.0,0.0,0,0,0,
2026-09-30T13:24:23,29.0,24.0,25.0,0.0,0.0,0.0,0.0,0.0,0.0,0,0,0,
2026-09-30T13:24:25,29.0,24.0,26.0,0.0,0.0,0.0,0.0,0.0,0.0,0,0,0,
2026-09-30T13:24:27,29.0,24.0,25.0,0.0,0.0,0.0,0.0,0.0,0.0,0,0,0,
2026-09-30T13:24:29,29.0,24.0,25.0,0.0,0.0,0.0,0.0,0.0,0.0,0,0,0,
2026-09-30T13:24:31,29.0,24.0,26.0,0.0,0.0,0.0,0.0,0.0,0.0,0,0,0,
2026-09-30T13:24:33,29.0,24.0,25.0,0.0,0.0,0.0,0.0,0.0,0.0,0,0,0,
2026-09-30T13:24:35,29.0,24.0,25.0,0.0,0.0,0.0,0.0,0.0,0.0,0,0,0,
2026-09-30T13:24:37,29.0,24.0,25.0,0.0,0.0,0.0,0.0,0.0,0.0,0,0,0,
2026-09-30T13:24:39,29.0,24.0,25.0,0.0,0.0,0.0,0.0,0.0,0.0,0,0,0,
2026-09-30T13:24:41,29.0,24.0,26.0,0.0,0.0,0.0,0.0,0.0,0.0,0,0,0,
2026-09-30T13:24:43,29.0,24.0,26.0,0.0,0.0,0.0,0.0,0.0,0.0,0,0,0,
2026-09-30T13:24:45,29.0,24.0,25.0,0.0,0.0,0.0,0.0,0.0,0.0,0,0,0,
2026-09-30T13:24:47,29.0,24.0,26.0,0.0,0.0,0.0,0.0,0.0,0.0,0,0,0,
2026-09-30T13:24:49,29.0,24.0,25.0,0.0,0.0,0.0,0.0,0.0,0.0,0,0,0,
2026-09-30T13:24:51,29.0,24.0,25.0,0.0,0.0,0.0,0.0,0.0,0.0,0,0,0,
2026-09-30T13:24:53,29.0,24.0,25.0,0.0,0.0,0.0,0.0,0.0,0.0,0,0,0,
2026-09-30T13:24:55,29.0,24.0,25.0,0.0,0.0,0.0,0.0,0.0,0.0,0,0,0,
2026-09-30T13:24:57,29.0,24.0,25.0,0.0,0.0,0.0,0.0,0.0,0.0,0,0,0,
2026-09-30T13:24:59,29.0,24.0,25.0,0.0,0.0,0.0,0.0,0.0,0.0,0,0,0,
2026-09-30T13:25:01,29.0,24.0,25.0,0.0,0.0,0.0,0.0,0.0,0.0,0,0,0,
2026-09-30T13:25:03,29.0,24.0,25.0,0.0,0.0,0.0,0.0,0.0,0.0,0,0,0,
2026-09-30T13:25:05,29.0,24.0,25.0,0.0,0.0,0.0,0.0,0.0,0.0,0,0,0,
2026-09-30T13:25:07,29.0,24.0,25.0,0.0,0.0,0.0,0.0,0.0,0.0,0,0,0,
2026-09-30T13:25:09,29.0,24.0,25.0,0.0,0.0,0.0,0.0,0.0,0.0,0,0,0,
2026-09-30T13:25:11,29.0,24.0,25.0,0.0,0.0,0.0,0.0,0.0,0.0,0,0,0,
2026-09-30T13:25:13,29.0,24.0,25.0,0.0,0.0,0.0,0.0,0.0,0.0,0,0,0,
2026-09-30T13:25:15,29.0,24.0,25.0,0.0,0.0,0.0,0.0,0.0,0.0,0,0,0,
2026-09-30T13:25:17,29.0,24.0,25.0,0.0,0.0,0.0,0.0,0.0,0.0,0,0,0,
2026-09-30T13:25:19,29.0,24.0,25.0,0.0,0.0,0.0,0.0,0.0,0.0,0,0,0,
2026-09-30T13:25:21,29.0,24.0,25.0,0.0,0.0,0.0,0.0,0.0,0.0,0,0,0,
2026-09-30T13:25:23,29.0,24.0,25.0,0.0,0.0,0.0,0.0,0.0,0.0,0,0,0,
2026-09-30T13:25:25,29.0,24.0,25.0,0.0,0.0,0.0,0.0,0.0,0.0,0,0,0,
2026-09-30T13:25:27,29.0,24.0,25.0,0.0,0.0,0.0,0.0,0.0,0.0,0,0,0,
2026-09-30T13:25:29,29.0,24.0,25.0,0.0,0.0,0.0,0.0,0.0,0.0,0,0,0,
2026-09-30T13:25:31,29.0,24.0,26.0,0.0,0.0,0.0,0.0,0.0,0.0,0,0,0,
2026-09-30T13:25:33,29.0,24.0,25.0,0.0,0.0,0.0,0.0,0.0,0.0,0,0,0,
2026-09-30T13:25:35,29.0,24.0,25.0,0.0,0.0,0.0,0.0,0.0,0.0,0,0,0,
2026-09-30T13:25:37,29.0,24.0,25.0,0.0,0.0,0.0,0.0,0.0,0.0,0,0,0,
2026-09-30T13:25:39,29.0,24.0,25.0,0.0,0.0,0.0,0.0,0.0,0.0,0,0,0,
2026-09-30T13:25:41,29.0,24.0,25.0,0.0,0.0,0.0,0.0,0.0,0.0,0,0,0,
2026-09-30T13:25:43,29.0,24.0,25.0,0.0,0.0,0.0,0.0,0.0,0.0,0,0,0,
2026-09-30T13:25:45,28.0,24.0,25.0,0.0,0.0,0.0,0.0,0.0,0.0,0,0,0,
2026-09-30T13:25:47,28.0,24.0,25.0,0.0,0.0,0.0,0.0,0.0,0.0,0,0,0,
2026-09-30T13:25:49,28.0,24.0,26.0,0.0,0.0,0.0,0.0,0.0,0.0,0,0,0,
2026-09-30T13:25:51,28.0,24.0,25.0,0.0,0.0,0.0,0.0,0.0,0.0,0,0,0,
2026-09-30T13:25:53,29.0,24.0,25.0,0.0,0.0,0.0,0.0,0.0,0.0,0,0,0,
2026-09-30T13:25:55,28.0,24.0,25.0,0.0,0.0,0.0,0.0,0.0,0.0,0,0,0,
2026-09-30T13:25:57,28.0,24.0,25.0,0.0,0.0,0.0,0.0,0.0,0.0,0,0,0,
2026-09-30T13:25:59,28.0,24.0,26.0,0.0,0.0,0.0,0.0,0.0,0.0,0,0,0,
2026-09-30T13:26:01,28.0,24.0,25.0,0.0,0.0,0.0,0.0,0.0,0.0,0,0,0,
2026-09-30T13:26:03,28.0,24.0,25.0,0.0,0.0,0.0,0.0,0.0,0.0,0,0,0,
2026-09-30T13:26:05,28.0,24.0,25.0,0.0,0.0,0.0,0.0,0.0,0.0,0,0,0,
2026-09-30T13:26:07,28.0,24.0,26.0,0.0,0.0,0.0,0.0,0.0,0.0,0,0,0,
2026-09-30T13:26:09,28.0,24.0,25.0,0.0,0.0,0.0,0.0,0.0,0.0,0,0,0,
2026-09-30T13:26:11,28.0,24.0,25.0,0.0,0.0,0.0,0.0,0.0,0.0,0,0,0,
2026-09-30T13:26:13,28.0,24.0,25.0,0.0,0.0,0.0,0.0,0.0,0.0,0,0,0,
2026-09-30T13:26:15,28.0,24.0,25.0,0.0,0.0,0.0,0.0,0.0,0.0,0,0,0,
2026-09-30T13:26:17,28.0,24.0,25.0,0.0,0.0,0.0,0.0,0.0,0.0,0,0,0,
2026-09-30T13:26:19,28.0,24.0,25.0,0.0,0.0,0.0,0.0,0.0,0.0,0,0,0,
2026-09-30T13:26:21,28.0,24.0,25.0,0.0,0.0,0.0,0.0,0.0,0.0,0,0,0,
2026-09-30T13:26:23,28.0,24.0,25.0,0.0,0.0,0.0,0.0,0.0,0.0,0,0,0,
2026-09-30T13:26:25,28.0,24.0,25.0,0.0,0.0,0.0,0.0,0.0,0.0,0,0,0,
2026-09-30T13:26:27,28.0,24.0,25.0,0.0,0.0,0.0,0.0,0.0,0.0,0,0,0,
2026-09-30T13:26:29,28.0,24.0,25.0,0.0,0.0,0.0,0.0,0.0,0.0,0,0,0,
2026-09-30T13:26:31,28.0,24.0,25.0,0.0,0.0,0.0,0.0,0.0,0.0,0,0,0,
2026-09-30T13:26:33,28.0,24.0,25.0,0.0,0.0,0.0,0.0,0.0,0.0,0,0,0,
2026-09-30T13:26:35,28.0,24.0,25.0,0.0,0.0,0.0,0.0,0.0,0.0,0,0,0,
2026-09-30T13:26:37,28.0,24.0,25.0,0.0,0.0,0.0,0.0,0.0,0.0,0,0,0,
2026-09-30T13:26:39,28.0,24.0,25.0,0.0,0.0,0.0,0.0,0.0,0.0,0,0,0,
2026-09-30T13:26:41,28.0,24.0,25.0,0.0,0.0,0.0,0.0,0.0,0.0,0,0,0,
2026-09-30T13:26:43,28.0,24.0,25.0,0.0,0.0,0.0,0.0,0.0,0.0,0,0,0,
2026-09-30T13:26:46,28.0,24.0,25.0,0.0,0.0,0.0,0.0,0.0,0.0,0,0,0,
2026-09-30T13:26:48,28.0,24.0,25.0,0.0,0.0,0.0,0.0,0.0,0.0,0,0,0,
2026-09-30T13:26:50,28.0,24.0,25.0,0.0,0.0,0.0,0.0,0.0,0.0,0,0,0,
2026-09-30T13:26:52,28.0,24.0,25.0,0.0,0.0,0.0,0.0,0.0,0.0,0,0,0,
2026-09-30T13:26:53,28.0,24.0,25.0,0.0,0.0,0.0,0.0,0.0,0.0,0,0,0,
2026-09-30T13:26:56,28.0,24.0,25.0,0.0,0.0,0.0,0.0,0.0,0.0,0,0,0,
2026-09-30T13:26:58,28.0,24.0,25.0,0.0,0.0,0.0,0.0,0.0,0.0,0,0,0,
2026-09-30T13:26:59,28.0,24.0,25.0,0.0,0.0,0.0,0.0,0.0,0.0,0,0,0,
2026-09-30T13:27:02,28.0,24.0,26.0,0.0,0.0,0.0,0.0,0.0,0.0,0,0,0,
2026-09-30T13:27:04,28.0,24.0,25.0,0.0,0.0,0.0,0.0,0.0,0.0,0,0,0,
2026-09-30T13:27:06,28.0,24.0,25.0,0.0,0.0,0.0,0.0,0.0,0.0,0,0,0,
2026-09-30T13:27:08,28.0,24.0,25.0,0.0,0.0,0.0,0.0,0.0,0.0,0,0,0,
2026-09-30T13:27:10,28.0,24.0,25.0,0.0,0.0,0.0,0.0,0.0,0.0,0,0,0,
2026-09-30T13:27:12,28.0,24.0,25.0,0.0,0.0,0.0,0.0,0.0,0.0,0,0,0,
2026-09-30T13:27:14,28.0,24.0,25.0,0.0,0.0,0.0,0.0,0.0,0.0,0,0,0,
2026-09-30T13:27:16,28.0,24.0,25.0,0.0,0.0,0.0,0.0,0.0,0.0,0,0,0,
2026-09-30T13:27:18,28.0,24.0,25.0,0.0,0.0,0.0,0.0,0.0,0.0,0,0,0,
2026-09-30T13:27:20,28.0,24.0,25.0,0.0,0.0,0.0,0.0,0.0,0.0,0,0,0,
2026-09-30T13:27:22,28.0,24.0,25.0,0.0,0.0,0.0,0.0,0.0,0.0,0,0,0,
2026-09-30T13:27:24,28.0,24.0,25.0,0.0,0.0,0.0,0.0,0.0,0.0,0,0,0,
2026-09-30T13:27:26,28.0,24.0,25.0,0.0,0.0,0.0,0.0,0.0,0.0,0,0,0,
2026-09-30T13:27:28,28.0,24.0,25.0,0.0,0.0,0.0,0.0,0.0,0.0,0,0,0,
2026-09-30T13:27:30,28.0,24.0,25.0,0.0,0.0,0.0,0.0,0.0,0.0,0,0,0,
2026-09-30T13:27:32,28.0,24.0,25.0,0.0,0.0,0.0,0.0,0.0,0.0,0,0,0,
2026-09-30T13:27:34,28.0,24.0,25.0,0.0,0.0,0.0,0.0,0.0,0.0,0,0,0,
2026-09-30T13:27:36,28.0,24.0,25.0,0.0,0.0,0.0,0.0,0.0,0.0,0,0,0,
2026-09-30T13:27:38,28.0,24.0,25.0,0.0,0.0,0.0,0.0,0.0,0.0,0,0,0,
2026-09-30T13:27:40,28.0,24.0,25.0,0.0,0.0,0.0,0.0,0.0,0.0,0,0,0,
2026-09-30T13:27:42,28.0,24.0,25.0,0.0,0.0,0.0,0.0,0.0,0.0,0,0,0,
2026-09-30T13:27:44,28.0,24.0,25.0,0.0,0.0,0.0,0.0,0.0,0.0,0,0,0,
2026-09-30T13:27:46,28.0,24.0,25.0,0.0,0.0,0.0,0.0,0.0,0.0,0,0,0,
2026-09-30T13:27:48,28.0,24.0,25.0,0.0,0.0,0.0,0.0,0.0,0.0,0,0,0,
2026-09-30T13:27:50,28.0,24.0,25.0,0.0,0.0,0.0,0.0,0.0,0.0,0,0,0,
2026-09-30T13:27:52,28.0,24.0,25.0,0.0,0.0,0.0,0.0,0.0,0.0,0,0,0,
2026-09-30T13:27:54,28.0,24.0,25.0,0.0,0.0,0.0,0.0,0.0,0.0,0,0,0,
2026-09-30T13:27:56,28.0,24.0,25.0,0.0,0.0,0.0,0.0,0.0,0.0,0,0,0,
2026-09-30T13:27:58,28.0,24.0,25.0,0.0,0.0,0.0,0.0,0.0,0.0,0,0,0,
2026-09-30T13:28:00,28.0,24.0,25.0,0.0,0.0,0.0,0.0,0.0,0.0,0,0,0,
2026-09-30T13:28:02,28.0,24.0,25.0,0.0,0.0,0.0,0.0,0.0,0.0,0,0,0,
2026-09-30T13:28:04,28.0,24.0,25.0,0.0,0.0,0.0,0.0,0.0,0.0,0,0,0,
2026-09-30T13:28:06,28.0,24.0,25.0,0.0,0.0,0.0,0.0,0.0,0.0,0,0,0,
2026-09-30T13:28:08,28.0,24.0,25.0,0.0,0.0,0.0,0.0,0.0,0.0,0,0,0,
2026-09-30T13:28:10,28.0,24.0,25.0,0.0,0.0,0.0,0.0,0.0,0.0,0,0,0,
2026-09-30T13:28:12,28.0,24.0,25.0,0.0,0.0,0.0,0.0,0.0,0.0,0,0,0,
2026-09-30T13:28:14,28.0,24.0,25.0,0.0,0.0,0.0,0.0,0.0,0.0,0,0,0,
2026-09-30T13:28:16,28.0,24.0,25.0,0.0,0.0,0.0,0.0,0.0,0.0,0,0,0,
2026-09-30T13:28:18,28.0,24.0,25.0,0.0,0.0,0.0,0.0,0.0,0.0,0,0,0,
2026-09-30T13:28:20,28.0,24.0,25.0,0.0,0.0,0.0,0.0,0.0,0.0,0,0,0,
2026-09-30T13:28:22,28.0,24.0,25.0,0.0,0.0,0.0,0.0,0.0,0.0,0,0,0,
2026-09-30T13:28:24,28.0,24.0,25.0,0.0,0.0,0.0,0.0,0.0,0.0,0,0,0,
2026-09-30T13:28:26,28.0,24.0,25.0,0.0,0.0,0.0,0.0,0.0,0.0,0,0,0,
2026-09-30T13:28:32,28.0,24.0,25.0,0.0,0.0,0.0,0.0,0.0,0.0,0,0,0,
2026-09-30T18:46:30,23.0,0.0,26.0,0.0,0.0,0.0,0.0,0.0,0.0,0,0,0,Zone 2: input too low to measure
2026-09-30T18:46:32,23.0,-18.0,25.0,0.0,0.0,0.0,0.0,0.0,0.0,0,0,0,Zone 2: input too low to measure
2026-09-30T18:46:34,23.0,173.0,25.0,0.0,0.0,0.0,0.0,0.0,0.0,0,0,0,Zone 2: input too low to measure
2026-09-30T18:46:36,24.0,478.0,25.0,0.0,0.0,0.0,0.0,0.0,0.0,0,0,0,Zone 2: input too low to measure
2026-09-30T18:46:38,23.0,761.0,25.0,0.0,0.0,0.0,0.0,0.0,0.0,0,0,0,Zone 2: input too low to measure
2026-09-30T18:46:40,24.0,-18.0,25.0,0.0,0.0,0.0,0.0,0.0,0.0,0,0,0,Zone 2: input too low to measure
2026-09-30T18:46:42,24.0,-18.0,25.0,0.0,0.0,0.0,0.0,0.0,0.0,0,0,0,Zone 2: input too low to measure
2026-09-30T18:46:44,24.0,-18.0,25.0,0.0,0.0,0.0,0.0,0.0,0.0,0,0,0,Zone 2: input too low to measure
2026-09-30T18:46:46,24.0,-18.0,25.0,0.0,0.0,0.0,0.0,0.0,0.0,0,0,0,Zone 2: input too low to measure
2026-09-30T18:46:48,24.0,-18.0,25.0,0.0,0.0,0.0,0.0,0.0,0.0,0,0,0,Zone 2: input too low to measure
2026-09-30T18:46:50,24.0,-18.0,25.0,0.0,0.0,0.0,0.0,0.0,0.0,0,0,0,Zone 2: input too low to measure
2026-09-30T18:46:52,24.0,-18.0,25.0,0.0,0.0,0.0,0.0,0.0,0.0,0,0,0,Zone 2: input too low to measure
2026-09-30T18:46:54,24.0,-18.0,25.0,0.0,0.0,0.0,0.0,0.0,0.0,0,0,0,Zone 2: input too low to measure
2026-09-30T18:46:56,24.0,-18.0,25.0,0.0,0.0,0.0,0.0,0.0,0.0,0,0,0,Zone 2: input too low to measure
2026-09-30T18:46:58,24.0,-18.0,25.0,0.0,0.0,0.0,0.0,0.0,0.0,0,0,0,Zone 2: input too low to measure
2026-09-30T18:47:00,24.0,-18.0,25.0,0.0,0.0,0.0,0.0,0.0,0.0,0,0,0,Zone 2: input too low to measure
2026-09-30T18:47:02,24.0,24.0,25.0,0.0,0.0,0.0,0.0,0.0,0.0,0,0,0,Zone 2: input too low to measure
2026-09-30T18:47:04,24.0,24.0,25.0,0.0,0.0,0.0,0.0,0.0,0.0,0,0,0,Zone 2: input too low to measure
2026-09-30T18:47:06,24.0,24.0,25.0,0.0,0.0,0.0,0.0,0.0,0.0,0,0,0,Zone 2: input too low to measure
2026-09-30T18:47:08,24.0,24.0,25.0,0.0,0.0,0.0,0.0,0.0,0.0,0,0,0,Zone 2: input too low to measure
2026-09-30T18:47:10,24.0,24.0,25.0,0.0,0.0,0.0,0.0,0.0,0.0,0,0,0,Zone 2: input too low to measure
2026-09-30T18:47:12,24.0,24.0,25.0,0.0,0.0,0.0,0.0,0.0,0.0,0,0,0,Zone 2: input too low to measure
2026-09-30T18:47:14,24.0,24.0,25.0,0.0,0.0,0.0,0.0,0.0,0.0,0,0,0,
2026-09-30T18:47:16,24.0,23.0,25.0,0.0,0.0,0.0,0.0,0.0,0.0,0,0,0,
2026-09-30T18:47:18,24.0,23.0,25.0,0.0,0.0,0.0,0.0,0.0,0.0,0,0,0,
2026-09-30T18:47:20,24.0,23.0,25.0,0.0,0.0,0.0,0.0,0.0,0.0,0,0,0,
2026-09-30T18:47:22,24.0,23.0,25.0,0.0,0.0,0.0,0.0,0.0,0.0,0,0,0,
2026-09-30T18:47:24,24.0,23.0,25.0,0.0,0.0,0.0,0.0,0.0,0.0,0,0,0,
2026-09-30T18:47:26,24.0,23.0,25.0,0.0,0.0,0.0,0.0,0.0,0.0,0,0,0,
2026-09-30T18:47:28,24.0,23.0,25.0,0.0,0.0,0.0,0.0,0.0,0.0,0,0,0,
2026-09-30T18:47:30,24.0,23.0,25.0,0.0,0.0,0.0,0.0,0.0,0.0,0,0,0,
2026-09-30T18:47:32,24.0,23.0,25.0,0.0,0.0,0.0,0.0,0.0,0.0,0,0,0,
2026-09-30T18:47:34,24.0,23.0,25.0,0.0,0.0,0.0,0.0,0.0,0.0,0,0,0,
2026-09-30T18:47:36,24.0,23.0,25.0,0.0,0.0,0.0,0.0,0.0,0.0,0,0,0,
2026-09-30T18:47:38,24.0,23.0,25.0,0.0,0.0,0.0,0.0,0.0,0.0,0,0,0,
2026-09-30T18:47:40,24.0,23.0,25.0,0.0,0.0,0.0,0.0,0.0,0.0,0,0,0,
2026-09-30T18:47:42,24.0,23.0,25.0,0.0,0.0,0.0,0.0,0.0,0.0,0,0,0,
2026-09-30T18:47:44,24.0,23.0,25.0,0.0,0.0,0.0,0.0,0.0,0.0,0,0,0,
2026-09-30T18:47:46,24.0,23.0,25.0,0.0,0.0,0.0,0.0,0.0,0.0,0,0,0,
2026-09-30T18:47:48,24.0,23.0,25.0,0.0,0.0,0.0,0.0,0.0,0.0,0,0,0,
2026-09-30T18:47:51,24.0,23.0,25.0,0.0,0.0,0.0,0.0,0.0,0.0,0,0,0,
2026-09-30T18:47:53,24.0,23.0,25.0,0.0,0.0,0.0,0.0,0.0,0.0,0,0,0,
2026-09-30T18:47:55,24.0,23.0,25.0,0.0,0.0,0.0,0.0,0.0,0.0,0,0,0,
2026-09-30T18:47:57,24.0,23.0,25.0,0.0,0.0,0.0,0.0,0.0,0.0,0,0,0,
2026-09-30T18:47:59,24.0,24.0,25.0,0.0,0.0,0.0,0.0,0.0,0.0,0,0,0,
2026-09-30T18:48:01,24.0,24.0,25.0,0.0,0.0,0.0,0.0,0.0,0.0,0,0,0,
2026-09-30T18:48:03,24.0,24.0,25.0,0.0,0.0,0.0,0.0,0.0,0.0,0,0,0,
2026-09-30T18:48:05,24.0,24.0,25.0,0.0,0.0,0.0,0.0,0.0,0.0,0,0,0,
2026-09-30T18:48:07,24.0,24.0,25.0,0.0,0.0,0.0,0.0,0.0,0.0,0,0,0,
2026-09-30T18:48:09,24.0,24.0,25.0,0.0,0.0,0.0,0.0,0.0,0.0,0,0,0,
2026-09-30T18:48:11,24.0,24.0,25.0,0.0,0.0,0.0,0.0,0.0,0.0,0,0,0,
2026-09-30T18:48:13,24.0,24.0,25.0,0.0,0.0,0.0,0.0,0.0,0.0,0,0,0,
2026-09-30T18:48:15,24.0,24.0,25.0,0.0,0.0,0.0,0.0,0.0,0.0,0,0,0,
2026-09-30T18:48:17,24.0,24.0,25.0,0.0,0.0,0.0,0.0,0.0,0.0,0,0,0,
2026-09-30T18:48:19,24.0,24.0,25.0,0.0,0.0,0.0,0.0,0.0,0.0,0,0,0,
2026-09-30T18:48:21,24.0,24.0,25.0,0.0,0.0,0.0,0.0,0.0,0.0,0,0,0,
2026-09-30T18:48:23,24.0,24.0,25.0,0.0,0.0,0.0,0.0,0.0,0.0,0,0,0,
2026-09-30T18:48:25,24.0,24.0,25.0,0.0,0.0,0.0,0.0,0.0,0.0,0,0,0,
2026-09-30T18:48:27,24.0,24.0,25.0,0.0,0.0,0.0,0.0,0.0,0.0,0,0,0,
2026-09-30T18:48:29,24.0,24.0,25.0,0.0,0.0,0.0,0.0,0.0,0.0,0,0,0,
2026-09-30T18:48:31,24.0,24.0,25.0,0.0,0.0,0.0,0.0,0.0,0.0,0,0,0,
2026-09-30T18:48:33,24.0,24.0,25.0,0.0,0.0,0.0,0.0,0.0,0.0,0,0,0,
2026-09-30T18:48:35,24.0,24.0,25.0,0.0,0.0,0.0,0.0,0.0,0.0,0,0,0,
2026-09-30T18:48:37,24.0,24.0,25.0,0.0,0.0,0.0,0.0,0.0,0.0,0,0,0,
2026-09-30T18:48:39,24.0,24.0,25.0,0.0,0.0,0.0,0.0,0.0,0.0,0,0,0,
2026-09-30T18:48:41,24.0,24.0,25.0,0.0,0.0,0.0,0.0,0.0,0.0,0,0,0,
2026-09-30T18:48:43,24.0,24.0,25.0,0.0,0.0,0.0,0.0,0.0,0.0,0,0,0,
2026-09-30T18:48:45,24.0,24.0,25.0,0.0,0.0,0.0,0.0,0.0,0.0,0,0,0,
2026-09-30T18:48:47,24.0,24.0,25.0,0.0,0.0,0.0,0.0,0.0,0.0,0,0,0,
2026-09-30T18:48:49,24.0,24.0,25.0,0.0,0.0,0.0,0.0,0.0,0.0,0,0,0,
2026-09-30T18:48:51,24.0,24.0,25.0,0.0,0.0,0.0,0.0,0.0,0.0,0,0,0,
2026-09-30T18:48:53,24.0,24.0,25.0,0.0,0.0,0.0,0.0,0.0,0.0,0,0,0,
2026-09-30T18:48:55,24.0,24.0,25.0,0.0,0.0,0.0,0.0,0.0,0.0,0,0,0,
2026-09-30T18:48:57,24.0,24.0,25.0,0.0,0.0,0.0,0.0,0.0,0.0,0,0,0,
2026-09-30T18:48:59,24.0,24.0,25.0,0.0,0.0,0.0,0.0,0.0,0.0,0,0,0,
2026-09-30T18:49:01,24.0,24.0,25.0,0.0,0.0,0.0,0.0,0.0,0.0,0,0,0,
2026-09-30T18:49:03,24.0,24.0,25.0,0.0,0.0,0.0,0.0,0.0,0.0,0,0,0,
2026-09-30T18:49:05,24.0,24.0,25.0,0.0,0.0,0.0,0.0,0.0,0.0,0,0,0,
2026-09-30T18:49:07,24.0,24.0,26.0,0.0,0.0,0.0,0.0,0.0,0.0,0,0,0,
2026-09-30T18:49:09,24.0,24.0,26.0,0.0,0.0,0.0,0.0,0.0,0.0,0,0,0,
2026-09-30T18:49:11,24.0,24.0,26.0,0.0,0.0,0.0,0.0,0.0,0.0,0,0,0,
2026-09-30T18:49:13,24.0,24.0,25.0,0.0,0.0,0.0,0.0,0.0,0.0,0,0,0,
2026-09-30T18:49:15,24.0,24.0,26.0,0.0,0.0,0.0,0.0,0.0,0.0,0,0,0,
2026-09-30T18:49:17,24.0,24.0,26.0,0.0,0.0,0.0,0.0,0.0,0.0,0,0,0,
2026-09-30T18:49:19,24.0,24.0,26.0,0.0,0.0,0.0,0.0,0.0,0.0,0,0,0,
2026-09-30T18:49:21,24.0,24.0,25.0,0.0,0.0,0.0,0.0,0.0,0.0,0,0,0,
2026-09-30T18:49:23,24.0,24.0,26.0,0.0,0.0,0.0,0.0,0.0,0.0,0,0,0,
2026-09-30T18:49:25,24.0,24.0,26.0,0.0,0.0,0.0,0.0,0.0,0.0,0,0,0,
2026-09-30T18:49:27,24.0,24.0,26.0,0.0,0.0,0.0,0.0,0.0,0.0,0,0,0,
2026-09-30T18:49:29,24.0,24.0,26.0,0.0,0.0,0.0,0.0,0.0,0.0,0,0,0,
2026-09-30T18:49:31,24.0,24.0,26.0,0.0,0.0,0.0,0.0,0.0,0.0,0,0,0,
2026-09-30T18:49:33,24.0,24.0,26.0,0.0,0.0,0.0,0.0,0.0,0.0,0,0,0,
2026-09-30T18:49:35,24.0,24.0,26.0,0.0,0.0,0.0,0.0,0.0,0.0,0,0,0,
2026-09-30T18:49:37,24.0,24.0,26.0,0.0,0.0,0.0,0.0,0.0,0.0,0,0,0,
2026-09-30T18:49:39,24.0,24.0,26.0,0.0,0.0,0.0,0.0,0.0,0.0,0,0,0,
2026-09-30T18:49:41,24.0,24.0,26.0,0.0,0.0,0.0,0.0,0.0,0.0,0,0,0,
2026-09-30T18:49:43,24.0,24.0,25.0,0.0,0.0,0.0,0.0,0.0,0.0,0,0,0,
2026-09-30T18:49:45,24.0,24.0,26.0,0.0,0.0,0.0,0.0,0.0,0.0,0,0,0,
2026-09-30T18:49:47,24.0,24.0,25.0,0.0,0.0,0.0,0.0,0.0,0.0,0,0,0,
2026-09-30T18:49:49,24.0,24.0,26.0,0.0,0.0,0.0,0.0,0.0,0.0,0,0,0,
2026-09-30T18:49:51,24.0,24.0,26.0,0.0,0.0,0.0,0.0,0.0,0.0,0,0,0,
2026-09-30T18:49:53,24.0,24.0,26.0,0.0,0.0,0.0,0.0,0.0,0.0,0,0,0,
2026-09-30T18:49:55,24.0,24.0,25.0,0.0,0.0,0.0,0.0,0.0,0.0,0,0,0,
2026-09-30T18:49:57,24.0,24.0,26.0,0.0,0.0,0.0,0.0,0.0,0.0,0,0,0,
2026-09-30T18:49:59,24.0,24.0,26.0,0.0,0.0,0.0,0.0,0.0,0.0,0,0,0,
2026-09-30T18:50:01,24.0,24.0,26.0,0.0,0.0,0.0,0.0,0.0,0.0,0,0,0,
2026-09-30T18:50:03,24.0,24.0,26.0,0.0,0.0,0.0,0.0,0.0,0.0,0,0,0,
2026-09-30T18:50:05,24.0,24.0,26.0,0.0,0.0,0.0,0.0,0.0,0.0,0,0,0,
2026-09-30T18:50:07,24.0,24.0,26.0,0.0,0.0,0.0,0.0,0.0,0.0,0,0,0,
2026-09-30T18:50:09,24.0,24.0,26.0,0.0,0.0,0.0,0.0,0.0,0.0,0,0,0,
2026-09-30T18:50:11,24.0,24.0,26.0,0.0,0.0,0.0,0.0,0.0,0.0,0,0,0,
2026-09-30T18:50:13,24.0,24.0,26.0,0.0,0.0,0.0,0.0,0.0,0.0,0,0,0,
2026-09-30T18:50:15,24.0,24.0,26.0,0.0,0.0,0.0,0.0,0.0,0.0,0,0,0,
2026-09-30T18:50:17,24.0,24.0,26.0,0.0,0.0,0.0,0.0,0.0,0.0,0,0,0,
2026-09-30T18:50:19,24.0,24.0,26.0,0.0,0.0,0.0,0.0,0.0,0.0,0,0,0,
2026-09-30T18:50:21,24.0,24.0,26.0,0.0,0.0,0.0,0.0,0.0,0.0,0,0,0,
2026-09-30T18:50:23,24.0,24.0,26.0,0.0,0.0,0.0,0.0,0.0,0.0,0,0,0,
2026-09-30T18:50:25,24.0,24.0,26.0,0.0,0.0,0.0,0.0,0.0,0.0,0,0,0,
2026-09-30T18:50:27,24.0,24.0,26.0,0.0,0.0,0.0,0.0,0.0,0.0,0,0,0,
2026-09-30T18:50:29,24.0,24.0,26.0,0.0,0.0,0.0,0.0,0.0,0.0,0,0,0,
2026-09-30T18:50:31,24.0,24.0,26.0,0.0,0.0,0.0,0.0,0.0,0.0,0,0,0,
2026-09-30T18:50:33,24.0,24.0,26.0,0.0,0.0,0.0,0.0,0.0,0.0,0,0,0,
2026-09-30T18:50:35,24.0,24.0,26.0,0.0,0.0,0.0,0.0,0.0,0.0,0,0,0,
2026-09-30T18:50:48,24.0,24.0,26.0,0.0,0.0,0.0,0.0,0.0,0.0,0,0,0,
2026-09-30T18:50:50,24.0,24.0,26.0,0.0,0.0,0.0,0.0,0.0,0.0,0,0,0,
2026-09-30T18:50:52,24.0,24.0,26.0,0.0,0.0,0.0,0.0,0.0,0.0,0,0,0,
2026-09-30T18:50:54,24.0,24.0,26.0,0.0,0.0,0.0,0.0,0.0,0.0,0,0,0,
2026-09-30T18:50:56,24.0,24.0,26.0,0.0,0.0,0.0,0.0,0.0,0.0,0,0,0,
2026-09-30T18:50:58,24.0,24.0,26.0,0.0,0.0,0.0,0.0,0.0,0.0,0,0,0,
2026-09-30T18:51:00,24.0,24.0,26.0,0.0,0.0,0.0,0.0,0.0,0.0,0,0,0,
2026-09-30T18:51:02,24.0,24.0,26.0,0.0,0.0,0.0,0.0,0.0,0.0,0,0,0,
2026-09-30T19:23:37,198.0,210.0,198.0,0.0,0.0,0.0,0.0,0.0,0.0,0,0,0,
2026-09-30T19:23:39,198.0,210.0,198.0,0.0,0.0,0.0,0.0,0.0,0.0,0,0,0,
2026-09-30T19:23:41,198.0,210.0,198.0,0.0,0.0,0.0,0.0,0.0,0.0,0,0,0,
2026-09-30T19:23:43,198.0,210.0,198.0,0.0,0.0,0.0,0.0,0.0,0.0,0,0,0,
2026-09-30T19:23:45,198.0,210.0,198.0,0.0,0.0,0.0,0.0,0.0,0.0,0,0,0,
2026-09-30T19:23:47,198.0,210.0,198.0,0.0,0.0,0.0,0.0,0.0,0.0,0,0,0,
2026-09-30T19:23:49,198.0,210.0,198.0,0.0,0.0,0.0,0.0,0.0,0.0,0,0,0,
2026-09-30T19:23:51,198.0,210.0,198.0,0.0,0.0,0.0,0.0,0.0,0.0,0,0,0,
2026-09-30T19:23:53,198.0,210.0,198.0,0.0,0.0,0.0,0.0,0.0,0.0,0,0,0,
2026-09-30T19:23:55,198.0,210.0,198.0,0.0,0.0,0.0,0.0,0.0,0.0,0,0,0,
2026-09-30T19:23:57,198.0,210.0,198.0,0.0,0.0,0.0,0.0,0.0,0.0,0,0,0,
2026-09-30T19:23:59,198.0,210.0,198.0,0.0,0.0,0.0,0.0,0.0,0.0,0,0,0,
2026-09-30T19:24:01,198.0,210.0,198.0,0.0,0.0,0.0,0.0,0.0,0.0,0,0,0,
2026-09-30T19:24:03,198.0,210.0,198.0,0.0,0.0,0.0,0.0,0.0,0.0,0,0,0,
2026-09-30T19:24:05,198.0,210.0,198.0,0.0,0.0,0.0,0.0,0.0,0.0,0,0,0,
2026-09-30T19:24:07,197.0,209.0,198.0,0.0,0.0,0.0,0.0,0.0,0.0,0,0,0,
2026-09-30T19:24:09,197.0,210.0,198.0,0.0,0.0,0.0,0.0,0.0,0.0,0,0,0,
2026-09-30T19:24:11,197.0,210.0,197.0,0.0,0.0,0.0,0.0,0.0,0.0,0,0,0,
2026-09-30T19:24:13,197.0,210.0,197.0,0.0,0.0,0.0,0.0,0.0,0.0,0,0,0,
2026-09-30T19:24:15,197.0,209.0,197.0,0.0,0.0,0.0,0.0,0.0,0.0,0,0,0,
2026-09-30T19:24:17,197.0,209.0,197.0,0.0,0.0,0.0,0.0,0.0,0.0,0,0,0,
2026-09-30T19:24:19,197.0,209.0,197.0,0.0,0.0,0.0,0.0,0.0,0.0,0,0,0,
2026-09-30T19:24:21,196.0,209.0,197.0,0.0,0.0,0.0,0.0,0.0,0.0,0,0,0,
2026-09-30T19:24:23,196.0,209.0,197.0,0.0,0.0,0.0,0.0,0.0,0.0,0,0,0,
2026-09-30T19:24:25,196.0,209.0,197.0,0.0,0.0,0.0,0.0,0.0,0.0,0,0,0,
2026-09-30T19:24:27,196.0,209.0,197.0,0.0,0.0,0.0,0.0,0.0,0.0,0,0,0,
2026-09-30T19:24:29,196.0,209.0,197.0,0.0,0.0,0.0,0.0,0.0,0.0,0,0,0,
2026-09-30T19:24:31,196.0,209.0,197.0,0.0,0.0,0.0,0.0,0.0,0.0,0,0,0,
2026-09-30T19:24:33,196.0,209.0,196.0,0.0,0.0,0.0,0.0,0.0,0.0,0,0,0,
2026-09-30T19:24:35,195.0,209.0,196.0,0.0,0.0,0.0,0.0,0.0,0.0,0,0,0,
2026-09-30T19:24:37,195.0,209.0,196.0,0.0,0.0,0.0,0.0,0.0,0.0,0,0,0,
2026-09-30T19:24:39,195.0,209.0,196.0,0.0,0.0,0.0,0.0,0.0,0.0,0,0,0,
2026-09-30T19:24:41,195.0,209.0,196.0,0.0,0.0,0.0,0.0,0.0,0.0,0,0,0,
2026-09-30T19:24:43,195.0,209.0,196.0,0.0,0.0,0.0,0.0,0.0,0.0,0,0,0,
2026-09-30T19:24:45,194.0,209.0,196.0,0.0,0.0,0.0,0.0,0.0,0.0,0,0,0,
2026-09-30T19:24:47,194.0,209.0,195.0,0.0,0.0,0.0,0.0,0.0,0.0,0,0,0,
2026-09-30T19:24:49,194.0,209.0,195.0,0.0,0.0,0.0,0.0,0.0,0.0,0,0,0,
2026-09-30T19:24:51,194.0,209.0,195.0,0.0,0.0,0.0,0.0,0.0,0.0,0,0,0,
2026-09-30T19:24:53,194.0,209.0,195.0,0.0,0.0,0.0,0.0,0.0,0.0,0,0,0,
2026-09-30T19:24:55,193.0,209.0,195.0,0.0,0.0,0.0,0.0,0.0,0.0,0,0,0,
2026-09-30T19:24:57,193.0,209.0,195.0,0.0,0.0,0.0,0.0,0.0,0.0,0,0,0,
2026-09-30T19:24:59,193.0,209.0,194.0,0.0,0.0,0.0,0.0,0.0,0.0,0,0,0,
2026-09-30T19:25:01,193.0,209.0,194.0,0.0,0.0,0.0,0.0,0.0,0.0,0,0,0,
2026-09-30T19:25:04,193.0,209.0,194.0,0.0,0.0,0.0,0.0,0.0,0.0,0,0,0,
2026-09-30T19:25:06,193.0,209.0,194.0,0.0,0.0,0.0,0.0,0.0,0.0,0,0,0,
2026-09-30T19:25:08,192.0,209.0,194.0,0.0,0.0,0.0,0.0,0.0,0.0,0,0,0,
2026-09-30T19:25:10,192.0,209.0,194.0,0.0,0.0,0.0,0.0,0.0,0.0,0,0,0,
2026-09-30T19:25:12,192.0,209.0,193.0,0.0,0.0,0.0,0.0,0.0,0.0,0,0,0,
2026-09-30T19:25:14,192.0,209.0,193.0,0.0,0.0,0.0,0.0,0.0,0.0,0,0,0,
2026-09-30T19:25:16,192.0,209.0,193.0,0.0,0.0,0.0,0.0,0.0,0.0,0,0,0,
2026-09-30T19:25:18,191.0,209.0,193.0,0.0,0.0,0.0,0.0,0.0,0.0,0,0,0,
2026-09-30T19:25:20,191.0,209.0,193.0,0.0,0.0,0.0,0.0,0.0,0.0,0,0,0,
2026-09-30T19:25:22,191.0,209.0,193.0,0.0,0.0,0.0,0.0,0.0,0.0,0,0,0,
2026-09-30T19:25:24,191.0,208.0,192.0,0.0,0.0,0.0,0.0,0.0,0.0,0,0,0,
2026-09-30T19:25:26,191.0,208.0,192.0,0.0,0.0,0.0,0.0,0.0,0.0,0,0,0,
2026-09-30T19:25:28,190.0,208.0,192.0,0.0,0.0,0.0,0.0,0.0,0.0,0,0,0,
2026-09-30T19:25:30,190.0,208.0,192.0,0.0,0.0,0.0,0.0,0.0,0.0,0,0,0,
2026-09-30T19:25:32,190.0,208.0,192.0,0.0,0.0,0.0,0.0,0.0,0.0,0,0,0,
2026-09-30T19:25:34,190.0,208.0,191.0,0.0,0.0,0.0,0.0,0.0,0.0,0,0,0,
2026-09-30T19:25:36,190.0,208.0,191.0,0.0,0.0,0.0,0.0,0.0,0.0,0,0,0,
2026-09-30T19:25:38,189.0,208.0,191.0,0.0,0.0,0.0,0.0,0.0,0.0,0,0,0,
2026-09-30T19:25:40,189.0,208.0,191.0,0.0,0.0,0.0,0.0,0.0,0.0,0,0,0,
2026-09-30T19:25:42,189.0,208.0,191.0,0.0,0.0,0.0,0.0,0.0,0.0,0,0,0,
2026-09-30T19:25:44,189.0,208.0,191.0,0.0,0.0,0.0,0.0,0.0,0.0,0,0,0,
2026-09-30T19:25:46,189.0,208.0,190.0,0.0,0.0,0.0,0.0,0.0,0.0,0,0,0,
2026-09-30T19:25:48,188.0,208.0,190.0,0.0,0.0,0.0,0.0,0.0,0.0,0,0,0,
2026-09-30T19:25:50,188.0,208.0,190.0,0.0,0.0,0.0,0.0,0.0,0.0,0,0,0,
2026-09-30T19:25:52,188.0,208.0,190.0,0.0,0.0,0.0,0.0,0.0,0.0,0,0,0,
2026-09-30T19:25:54,188.0,208.0,190.0,0.0,0.0,0.0,0.0,0.0,0.0,0,0,0,
2026-09-30T19:25:56,188.0,208.0,189.0,0.0,0.0,0.0,0.0,0.0,0.0,0,0,0,
2026-09-30T19:25:58,187.0,208.0,189.0,0.0,0.0,0.0,0.0,0.0,0.0,0,0,0,
2026-09-30T19:26:00,187.0,208.0,189.0,0.0,0.0,0.0,0.0,0.0,0.0,0,0,0,
2026-09-30T19:26:02,187.0,208.0,189.0,0.0,0.0,0.0,0.0,0.0,0.0,0,0,0,
2026-09-30T19:26:04,187.0,208.0,189.0,0.0,0.0,0.0,0.0,0.0,0.0,0,0,0,
2026-09-30T19:26:06,187.0,208.0,188.0,0.0,0.0,0.0,0.0,0.0,0.0,0,0,0,
2026-09-30T19:26:08,187.0,208.0,188.0,0.0,0.0,0.0,0.0,0.0,0.0,0,0,0,
2026-09-30T19:26:10,186.0,208.0,188.0,0.0,0.0,0.0,0.0,0.0,0.0,0,0,0,
2026-09-30T19:26:12,186.0,208.0,188.0,0.0,0.0,0.0,0.0,0.0,0.0,0,0,0,
2026-09-30T19:26:14,186.0,208.0,188.0,0.0,0.0,0.0,0.0,0.0,0.0,0,0,0,
2026-09-30T19:26:16,186.0,208.0,188.0,0.0,0.0,0.0,0.0,0.0,0.0,0,0,0,
2026-09-30T19:26:18,186.0,208.0,187.0,0.0,0.0,0.0,0.0,0.0,0.0,0,0,0,
2026-09-30T19:26:20,185.0,208.0,187.0,0.0,0.0,0.0,0.0,0.0,0.0,0,0,0,
2026-09-30T19:26:22,185.0,207.0,187.0,0.0,0.0,0.0,0.0,0.0,0.0,0,0,0,
2026-09-30T19:26:24,185.0,207.0,187.0,0.0,0.0,0.0,0.0,0.0,0.0,0,0,0,
2026-09-30T19:26:26,185.0,207.0,187.0,0.0,0.0,0.0,0.0,0.0,0.0,0,0,0,
2026-09-30T19:26:28,185.0,207.0,186.0,0.0,0.0,0.0,0.0,0.0,0.0,0,0,0,
2026-09-30T19:26:30,185.0,207.0,186.0,0.0,0.0,0.0,0.0,0.0,0.0,0,0,0,
2026-09-30T19:26:32,184.0,207.0,186.0,0.0,0.0,0.0,0.0,0.0,0.0,0,0,0,
2026-09-30T19:26:34,184.0,207.0,186.0,0.0,0.0,0.0,0.0,0.0,0.0,0,0,0,
2026-09-30T19:26:36,184.0,207.0,186.0,0.0,0.0,0.0,0.0,0.0,0.0,0,0,0,
2026-09-30T19:26:38,184.0,207.0,186.0,0.0,0.0,0.0,0.0,0.0,0.0,0,0,0,
2026-09-30T19:26:40,184.0,207.0,185.0,0.0,0.0,0.0,0.0,0.0,0.0,0,0,0,
2026-09-30T19:26:42,184.0,207.0,185.0,0.0,0.0,0.0,0.0,0.0,0.0,0,0,0,
2026-09-30T19:26:44,183.0,207.0,185.0,0.0,0.0,0.0,0.0,0.0,0.0,0,0,0,
2026-09-30T19:26:46,183.0,207.0,185.0,0.0,0.0,0.0,0.0,0.0,0.0,0,0,0,
2026-09-30T19:26:48,183.0,207.0,185.0,0.0,0.0,0.0,0.0,0.0,0.0,0,0,0,
2026-09-30T19:26:50,183.0,207.0,184.0,0.0,0.0,0.0,0.0,0.0,0.0,0,0,0,
2026-09-30T19:26:52,183.0,207.0,184.0,0.0,0.0,0.0,0.0,0.0,0.0,0,0,0,
2026-09-30T19:26:54,182.0,207.0,184.0,0.0,0.0,0.0,0.0,0.0,0.0,0,0,0,
2026-09-30T19:26:56,182.0,207.0,184.0,0.0,0.0,0.0,0.0,0.0,0.0,0,0,0,
2026-09-30T19:26:58,182.0,207.0,184.0,0.0,0.0,0.0,0.0,0.0,0.0,0,0,0,
2026-09-30T19:27:00,182.0,207.0,184.0,0.0,0.0,0.0,0.0,0.0,0.0,0,0,0,
2026-09-30T19:27:02,182.0,207.0,183.0,0.0,0.0,0.0,0.0,0.0,0.0,0,0,0,
2026-09-30T19:27:04,182.0,207.0,183.0,0.0,0.0,0.0,0.0,0.0,0.0,0,0,0,
2026-09-30T19:27:06,181.0,207.0,183.0,0.0,0.0,0.0,0.0,0.0,0.0,0,0,0,
2026-09-30T19:27:08,181.0,207.0,183.0,0.0,0.0,0.0,0.0,0.0,0.0,0,0,0,
2026-09-30T19:27:10,181.0,207.0,183.0,0.0,0.0,0.0,0.0,0.0,0.0,0,0,0,
2026-09-30T19:27:12,181.0,207.0,183.0,0.0,0.0,0.0,0.0,0.0,0.0,0,0,0,
2026-09-30T19:27:14,181.0,207.0,182.0,0.0,0.0,0.0,0.0,0.0,0.0,0,0,0,
2026-09-30T19:27:16,181.0,207.0,182.0,0.0,0.0,0.0,0.0,0.0,0.0,0,0,0,
2026-09-30T19:27:18,181.0,206.0,182.0,0.0,0.0,0.0,0.0,0.0,0.0,0,0,0,
2026-09-30T19:27:20,180.0,206.0,182.0,0.0,0.0,0.0,0.0,0.0,0.0,0,0,0,
2026-09-30T19:27:22,180.0,206.0,182.0,0.0,0.0,0.0,0.0,0.0,0.0,0,0,0,
2026-09-30T19:27:24,180.0,206.0,181.0,0.0,0.0,0.0,0.0,0.0,0.0,0,0,0,
2026-09-30T19:27:26,180.0,206.0,181.0,0.0,0.0,0.0,0.0,0.0,0.0,0,0,0,
2026-09-30T19:27:28,180.0,206.0,181.0,0.0,0.0,0.0,0.0,0.0,0.0,0,0,0,
2026-09-30T19:27:30,180.0,206.0,181.0,0.0,0.0,0.0,0.0,0.0,0.0,0,0,0,
2026-09-30T19:27:32,179.0,206.0,181.0,0.0,0.0,0.0,0.0,0.0,0.0,0,0,0,
2026-09-30T19:27:34,179.0,206.0,181.0,0.0,0.0,0.0,0.0,0.0,0.0,0,0,0,
2026-09-30T19:27:36,179.0,206.0,180.0,0.0,0.0,0.0,0.0,0.0,0.0,0,0,0,
2026-09-30T19:27:38,179.0,206.0,180.0,0.0,0.0,0.0,0.0,0.0,0.0,0,0,0,
2026-09-30T19:27:40,179.0,206.0,180.0,0.0,0.0,0.0,0.0,0.0,0.0,0,0,0,
2026-09-30T19:27:42,179.0,206.0,180.0,0.0,0.0,0.0,0.0,0.0,0.0,0,0,0,
2026-09-30T19:27:45,179.0,206.0,180.0,0.0,0.0,0.0,0.0,0.0,0.0,0,0,0,
2026-09-30T19:27:47,178.0,206.0,180.0,0.0,0.0,0.0,0.0,0.0,0.0,0,0,0,
2026-09-30T19:27:49,178.0,206.0,180.0,0.0,0.0,0.0,0.0,0.0,0.0,0,0,0,
2026-09-30T19:27:51,178.0,206.0,179.0,0.0,0.0,0.0,0.0,0.0,0.0,0,0,0,
2026-09-30T19:27:53,178.0,206.0,179.0,0.0,0.0,0.0,0.0,0.0,0.0,0,0,0,
2026-09-30T19:27:55,178.0,206.0,179.0,0.0,0.0,0.0,0.0,0.0,0.0,0,0,0,
2026-09-30T19:27:57,178.0,206.0,179.0,0.0,0.0,0.0,0.0,0.0,0.0,0,0,0,
2026-09-30T19:27:59,178.0,206.0,179.0,0.0,0.0,0.0,0.0,0.0,0.0,0,0,0,
2026-09-30T19:28:01,177.0,206.0,179.0,0.0,0.0,0.0,0.0,0.0,0.0,0,0,0,
2026-09-30T19:28:03,177.0,206.0,178.0,0.0,0.0,0.0,0.0,0.0,0.0,0,0,0,
2026-09-30T19:28:05,177.0,206.0,178.0,0.0,0.0,0.0,0.0,0.0,0.0,0,0,0,
2026-09-30T19:28:07,177.0,205.0,178.0,0.0,0.0,0.0,0.0,0.0,0.0,0,0,0,
2026-09-30T19:28:09,177.0,205.0,178.0,0.0,0.0,0.0,0.0,0.0,0.0,0,0,0,
2026-09-30T19:28:11,177.0,205.0,178.0,0.0,0.0,0.0,0.0,0.0,0.0,0,0,0,
2026-09-30T19:28:13,177.0,205.0,178.0,0.0,0.0,0.0,0.0,0.0,0.0,0,0,0,
2026-09-30T19:28:15,176.0,205.0,177.0,0.0,0.0,0.0,0.0,0.0,0.0,0,0,0,
2026-09-30T19:28:17,176.0,205.0,177.0,0.0,0.0,0.0,0.0,0.0,0.0,0,0,0,
2026-09-30T19:28:19,176.0,205.0,177.0,0.0,0.0,0.0,0.0,0.0,0.0,0,0,0,
2026-09-30T19:28:21,176.0,205.0,177.0,0.0,0.0,0.0,0.0,0.0,0.0,0,0,0,
2026-09-30T19:28:23,176.0,205.0,177.0,0.0,0.0,0.0,0.0,0.0,0.0,0,0,0,
2026-09-30T19:28:25,176.0,205.0,177.0,0.0,0.0,0.0,0.0,0.0,0.0,0,0,0,
2026-09-30T19:28:27,176.0,205.0,176.0,0.0,0.0,0.0,0.0,0.0,0.0,0,0,0,
2026-09-30T19:28:29,175.0,205.0,176.0,0.0,0.0,0.0,0.0,0.0,0.0,0,0,0,
2026-09-30T19:28:31,175.0,205.0,176.0,0.0,0.0,0.0,0.0,0.0,0.0,0,0,0,
2026-09-30T19:28:33,175.0,205.0,176.0,0.0,0.0,0.0,0.0,0.0,0.0,0,0,0,
2026-09-30T19:28:35,175.0,205.0,176.0,0.0,0.0,0.0,0.0,0.0,0.0,0,0,0,
2026-09-30T19:28:37,175.0,205.0,176.0,0.0,0.0,0.0,0.0,0.0,0.0,0,0,0,
2026-09-30T19:28:39,175.0,205.0,176.0,0.0,0.0,0.0,0.0,0.0,0.0,0,0,0,
2026-09-30T19:28:41,175.0,205.0,175.0,0.0,0.0,0.0,0.0,0.0,0.0,0,0,0,
2026-09-30T19:28:43,175.0,205.0,175.0,0.0,0.0,0.0,0.0,0.0,0.0,0,0,0,
2026-09-30T19:28:45,174.0,205.0,175.0,0.0,0.0,0.0,0.0,0.0,0.0,0,0,0,
2026-09-30T19:28:47,174.0,205.0,175.0,0.0,0.0,0.0,0.0,0.0,0.0,0,0,0,
2026-09-30T19:28:49,174.0,205.0,175.0,0.0,0.0,0.0,0.0,0.0,0.0,0,0,0,
2026-09-30T19:28:51,174.0,205.0,175.0,0.0,0.0,0.0,0.0,0.0,0.0,0,0,0,
2026-09-30T19:28:53,174.0,204.0,175.0,0.0,0.0,0.0,0.0,0.0,0.0,0,0,0,
2026-09-30T19:28:55,174.0,204.0,174.0,0.0,0.0,0.0,0.0,0.0,0.0,0,0,0,
2026-09-30T19:28:57,174.0,204.0,174.0,0.0,0.0,0.0,0.0,0.0,0.0,0,0,0,
2026-09-30T19:28:59,174.0,204.0,174.0,0.0,0.0,0.0,0.0,0.0,0.0,0,0,0,
2026-09-30T19:29:01,173.0,204.0,174.0,0.0,0.0,0.0,0.0,0.0,0.0,0,0,0,
2026-09-30T19:29:03,173.0,204.0,174.0,0.0,0.0,0.0,0.0,0.0,0.0,0,0,0,
2026-09-30T19:29:05,173.0,204.0,174.0,0.0,0.0,0.0,0.0,0.0,0.0,0,0,0,
2026-09-30T19:29:07,173.0,204.0,174.0,0.0,0.0,0.0,0.0,0.0,0.0,0,0,0,
2026-09-30T19:29:09,173.0,204.0,173.0,0.0,0.0,0.0,0.0,0.0,0.0,0,0,0,
2026-09-30T19:29:11,173.0,204.0,173.0,0.0,0.0,0.0,0.0,0.0,0.0,0,0,0,
2026-09-30T19:29:13,173.0,204.0,173.0,0.0,0.0,0.0,0.0,0.0,0.0,0,0,0,
2026-09-30T19:29:15,173.0,204.0,173.0,0.0,0.0,0.0,0.0,0.0,0.0,0,0,0,
2026-09-30T19:29:17,172.0,204.0,173.0,0.0,0.0,0.0,0.0,0.0,0.0,0,0,0,
2026-09-30T19:29:19,172.0,204.0,173.0,0.0,0.0,0.0,0.0,0.0,0.0,0,0,0,
2026-09-30T19:29:21,172.0,204.0,173.0,0.0,0.0,0.0,0.0,0.0,0.0,0,0,0,
2026-09-30T19:29:23,172.0,204.0,172.0,0.0,0.0,0.0,0.0,0.0,0.0,0,0,0,
2026-09-30T19:29:25,172.0,204.0,172.0,0.0,0.0,0.0,0.0,0.0,0.0,0,0,0,
2026-09-30T19:29:27,172.0,204.0,172.0,0.0,0.0,0.0,0.0,0.0,0.0,0,0,0,
2026-09-30T19:29:29,172.0,204.0,172.0,0.0,0.0,0.0,0.0,0.0,0.0,0,0,0,
2026-09-30T19:29:31,172.0,204.0,172.0,0.0,0.0,0.0,0.0,0.0,0.0,0,0,0,
2026-09-30T19:29:33,171.0,204.0,172.0,0.0,0.0,0.0,0.0,0.0,0.0,0,0,0,
2026-09-30T19:29:35,171.0,204.0,172.0,0.0,0.0,0.0,0.0,0.0,0.0,0,0,0,
2026-09-30T19:29:37,171.0,204.0,172.0,0.0,0.0,0.0,0.0,0.0,0.0,0,0,0,
2026-09-30T19:29:39,171.0,203.0,171.0,0.0,0.0,0.0,0.0,0.0,0.0,0,0,0,
2026-09-30T19:29:41,171.0,203.0,171.0,0.0,0.0,0.0,0.0,0.0,0.0,0,0,0,
2026-09-30T19:29:43,171.0,203.0,171.0,0.0,0.0,0.0,0.0,0.0,0.0,0,0,0,
2026-09-30T19:29:45,171.0,203.0,171.0,0.0,0.0,0.0,0.0,0.0,0.0,0,0,0,
2026-09-30T19:29:47,171.0,203.0,171.0,0.0,0.0,0.0,0.0,0.0,0.0,0,0,0,
2026-09-30T19:29:49,171.0,203.0,171.0,0.0,0.0,0.0,0.0,0.0,0.0,0,0,0,
2026-09-30T19:29:51,170.0,203.0,171.0,0.0,0.0,0.0,0.0,0.0,0.0,0,0,0,
2026-09-30T19:29:53,170.0,203.0,171.0,0.0,0.0,0.0,0.0,0.0,0.0,0,0,0,
2026-09-30T19:29:55,170.0,203.0,170.0,0.0,0.0,0.0,0.0,0.0,0.0,0,0,0,
2026-09-30T19:29:57,170.0,203.0,170.0,0.0,0.0,0.0,0.0,0.0,0.0,0,0,0,
2026-09-30T19:29:59,170.0,203.0,170.0,0.0,0.0,0.0,0.0,0.0,0.0,0,0,0,
2026-09-30T19:30:01,170.0,203.0,170.0,0.0,0.0,0.0,0.0,0.0,0.0,0,0,0,
2026-09-30T19:30:03,170.0,203.0,170.0,0.0,0.0,0.0,0.0,0.0,0.0,0,0,0,
2026-09-30T19:30:05,170.0,203.0,170.0,0.0,0.0,0.0,0.0,0.0,0.0,0,0,0,
2026-09-30T19:30:07,170.0,203.0,170.0,0.0,0.0,0.0,0.0,0.0,0.0,0,0,0,
2026-09-30T19:30:09,169.0,203.0,169.0,0.0,0.0,0.0,0.0,0.0,0.0,0,0,0,
2026-09-30T19:30:11,169.0,203.0,169.0,0.0,0.0,0.0,0.0,0.0,0.0,0,0,0,
2026-09-30T19:30:13,169.0,203.0,169.0,0.0,0.0,0.0,0.0,0.0,0.0,0,0,0,
2026-09-30T19:30:15,169.0,203.0,169.0,0.0,0.0,0.0,0.0,0.0,0.0,0,0,0,
2026-09-30T19:30:17,169.0,203.0,169.0,0.0,0.0,0.0,0.0,0.0,0.0,0,0,0,
2026-09-30T19:30:19,169.0,202.0,169.0,0.0,0.0,0.0,0.0,0.0,0.0,0,0,0,
2026-09-30T19:30:22,169.0,202.0,169.0,0.0,0.0,0.0,0.0,0.0,0.0,0,0,0,
2026-09-30T19:30:24,169.0,202.0,169.0,0.0,0.0,0.0,0.0,0.0,0.0,0,0,0,
2026-09-30T19:30:26,169.0,202.0,169.0,0.0,0.0,0.0,0.0,0.0,0.0,0,0,0,
2026-09-30T19:30:28,169.0,202.0,168.0,0.0,0.0,0.0,0.0,0.0,0.0,0,0,0,
2026-09-30T19:30:30,168.0,202.0,168.0,0.0,0.0,0.0,0.0,0.0,0.0,0,0,0,
2026-09-30T19:30:32,168.0,202.0,168.0,0.0,0.0,0.0,0.0,0.0,0.0,0,0,0,
2026-09-30T19:30:34,168.0,202.0,168.0,0.0,0.0,0.0,0.0,0.0,0.0,0,0,0,
2026-09-30T19:30:36,168.0,202.0,168.0,0.0,0.0,0.0,0.0,0.0,0.0,0,0,0,
2026-09-30T19:30:38,168.0,202.0,168.0,0.0,0.0,0.0,0.0,0.0,0.0,0,0,0,
2026-09-30T19:30:40,168.0,202.0,168.0,0.0,0.0,0.0,0.0,0.0,0.0,0,0,0,
2026-09-30T19:30:42,168.0,202.0,168.0,0.0,0.0,0.0,0.0,0.0,0.0,0,0,0,
2026-09-30T19:30:44,168.0,202.0,167.0,0.0,0.0,0.0,0.0,0.0,0.0,0,0,0,
2026-09-30T19:30:46,168.0,202.0,167.0,0.0,0.0,0.0,0.0,0.0,0.0,0,0,0,
2026-09-30T19:30:48,167.0,202.0,167.0,0.0,0.0,0.0,0.0,0.0,0.0,0,0,0,
2026-09-30T19:30:50,167.0,202.0,167.0,0.0,0.0,0.0,0.0,0.0,0.0,0,0,0,
2026-09-30T19:30:52,167.0,202.0,167.0,0.0,0.0,0.0,0.0,0.0,0.0,0,0,0,
2026-09-30T19:30:54,167.0,202.0,167.0,0.0,0.0,0.0,0.0,0.0,0.0,0,0,0,
2026-09-30T19:30:56,167.0,202.0,167.0,0.0,0.0,0.0,0.0,0.0,0.0,0,0,0,
2026-09-30T19:30:58,167.0,202.0,167.0,0.0,0.0,0.0,0.0,0.0,0.0,0,0,0,
2026-09-30T19:31:00,167.0,202.0,167.0,0.0,0.0,0.0,0.0,0.0,0.0,0,0,0,
2026-09-30T19:31:02,167.0,201.0,166.0,0.0,0.0,0.0,0.0,0.0,0.0,0,0,0,
2026-09-30T19:31:04,167.0,201.0,166.0,0.0,0.0,0.0,0.0,0.0,0.0,0,0,0,
2026-09-30T19:31:06,167.0,201.0,166.0,0.0,0.0,0.0,0.0,0.0,0.0,0,0,0,
2026-09-30T19:31:08,166.0,201.0,166.0,0.0,0.0,0.0,0.0,0.0,0.0,0,0,0,
2026-09-30T19:31:10,166.0,201.0,166.0,0.0,0.0,0.0,0.0,0.0,0.0,0,0,0,
2026-09-30T19:31:12,166.0,201.0,166.0,0.0,0.0,0.0,0.0,0.0,0.0,0,0,0,
2026-09-30T19:31:14,166.0,201.0,166.0,0.0,0.0,0.0,0.0,0.0,0.0,0,0,0,
2026-09-30T19:31:16,166.0,201.0,166.0,0.0,0.0,0.0,0.0,0.0,0.0,0,0,0,
2026-09-30T19:31:18,166.0,201.0,165.0,0.0,0.0,0.0,0.0,0.0,0.0,0,0,0,
2026-09-30T19:31:20,166.0,201.0,165.0,0.0,0.0,0.0,0.0,0.0,0.0,0,0,0,
2026-09-30T19:31:22,166.0,201.0,165.0,0.0,0.0,0.0,0.0,0.0,0.0,0,0,0,
2026-09-30T19:31:24,166.0,201.0,165.0,0.0,0.0,0.0,0.0,0.0,0.0,0,0,0,
2026-09-30T19:31:26,166.0,201.0,165.0,0.0,0.0,0.0,0.0,0.0,0.0,0,0,0,
2026-09-30T19:31:28,165.0,201.0,165.0,0.0,0.0,0.0,0.0,0.0,0.0,0,0,0,
2026-09-30T19:31:30,165.0,201.0,165.0,0.0,0.0,0.0,0.0,0.0,0.0,0,0,0,
2026-09-30T19:31:32,165.0,201.0,165.0,0.0,0.0,0.0,0.0,0.0,0.0,0,0,0,
2026-09-30T19:31:34,165.0,201.0,165.0,0.0,0.0,0.0,0.0,0.0,0.0,0,0,0,
2026-09-30T19:31:36,165.0,201.0,165.0,0.0,0.0,0.0,0.0,0.0,0.0,0,0,0,
2026-09-30T19:31:38,165.0,201.0,164.0,0.0,0.0,0.0,0.0,0.0,0.0,0,0,0,
2026-09-30T19:31:40,165.0,201.0,164.0,0.0,0.0,0.0,0.0,0.0,0.0,0,0,0,
2026-09-30T19:31:42,165.0,201.0,164.0,0.0,0.0,0.0,0.0,0.0,0.0,0,0,0,
2026-09-30T19:31:44,165.0,201.0,164.0,0.0,0.0,0.0,0.0,0.0,0.0,0,0,0,
2026-09-30T19:31:46,165.0,200.0,164.0,0.0,0.0,0.0,0.0,0.0,0.0,0,0,0,
2026-09-30T19:31:48,165.0,200.0,164.0,0.0,0.0,0.0,0.0,0.0,0.0,0,0,0,
2026-09-30T19:31:50,165.0,200.0,164.0,0.0,0.0,0.0,0.0,0.0,0.0,0,0,0,
2026-09-30T19:31:52,164.0,200.0,164.0,0.0,0.0,0.0,0.0,0.0,0.0,0,0,0,
2026-09-30T19:31:54,164.0,200.0,164.0,0.0,0.0,0.0,0.0,0.0,0.0,0,0,0,
2026-09-30T19:31:56,164.0,200.0,163.0,0.0,0.0,0.0,0.0,0.0,0.0,0,0,0,
2026-09-30T19:31:58,164.0,200.0,163.0,0.0,0.0,0.0,0.0,0.0,0.0,0,0,0,
2026-09-30T19:32:00,164.0,200.0,163.0,0.0,0.0,0.0,0.0,0.0,0.0,0,0,0,
2026-09-30T19:32:02,164.0,200.0,163.0,0.0,0.0,0.0,0.0,0.0,0.0,0,0,0,
2026-09-30T19:32:04,164.0,200.0,163.0,0.0,0.0,0.0,0.0,0.0,0.0,0,0,0,
2026-09-30T19:32:06,164.0,200.0,163.0,0.0,0.0,0.0,0.0,0.0,0.0,0,0,0,
2026-09-30T19:32:08,164.0,200.0,163.0,0.0,0.0,0.0,0.0,0.0,0.0,0,0,0,
2026-09-30T19:32:10,164.0,200.0,163.0,0.0,0.0,0.0,0.0,0.0,0.0,0,0,0,
2026-09-30T19:32:12,163.0,200.0,163.0,0.0,0.0,0.0,0.0,0.0,0.0,0,0,0,
2026-09-30T19:32:14,163.0,200.0,163.0,0.0,0.0,0.0,0.0,0.0,0.0,0,0,0,
2026-09-30T19:32:16,163.0,200.0,162.0,0.0,0.0,0.0,0.0,0.0,0.0,0,0,0,
2026-09-30T19:32:18,163.0,200.0,162.0,0.0,0.0,0.0,0.0,0.0,0.0,0,0,0,
2026-09-30T19:32:20,163.0,200.0,162.0,0.0,0.0,0.0,0.0,0.0,0.0,0,0,0,
2026-09-30T19:32:22,163.0,200.0,162.0,0.0,0.0,0.0,0.0,0.0,0.0,0,0,0,
2026-09-30T19:32:24,163.0,199.0,162.0,0.0,0.0,0.0,0.0,0.0,0.0,0,0,0,
2026-09-30T19:32:26,163.0,199.0,162.0,0.0,0.0,0.0,0.0,0.0,0.0,0,0,0,
2026-09-30T19:32:28,163.0,199.0,162.0,0.0,0.0,0.0,0.0,0.0,0.0,0,0,0,
2026-09-30T19:32:30,163.0,199.0,162.0,0.0,0.0,0.0,0.0,0.0,0.0,0,0,0,
2026-09-30T19:32:32,163.0,199.0,162.0,0.0,0.0,0.0,0.0,0.0,0.0,0,0,0,
2026-09-30T19:32:34,163.0,199.0,162.0,0.0,0.0,0.0,0.0,0.0,0.0,0,0,0,
2026-09-30T19:32:36,162.0,199.0,161.0,0.0,0.0,0.0,0.0,0.0,0.0,0,0,0,
2026-09-30T19:32:38,162.0,199.0,161.0,0.0,0.0,0.0,0.0,0.0,0.0,0,0,0,
2026-09-30T19:32:40,162.0,199.0,161.0,0.0,0.0,0.0,0.0,0.0,0.0,0,0,0,
2026-09-30T19:32:42,162.0,199.0,161.0,0.0,0.0,0.0,0.0,0.0,0.0,0,0,0,
2026-09-30T19:32:44,162.0,199.0,161.0,0.0,0.0,0.0,0.0,0.0,0.0,0,0,0,
2026-09-30T19:32:46,162.0,199.0,161.0,0.0,0.0,0.0,0.0,0.0,0.0,0,0,0,
2026-09-30T19:32:48,162.0,199.0,161.0,0.0,0.0,0.0,0.0,0.0,0.0,0,0,0,
2026-09-30T19:32:51,162.0,199.0,161.0,0.0,0.0,0.0,0.0,0.0,0.0,0,0,0,
2026-09-30T19:32:52,162.0,199.0,161.0,0.0,0.0,0.0,0.0,0.0,0.0,0,0,0,
2026-09-30T19:32:54,162.0,199.0,161.0,0.0,0.0,0.0,0.0,0.0,0.0,0,0,0,
2026-09-30T19:32:57,162.0,199.0,160.0,0.0,0.0,0.0,0.0,0.0,0.0,0,0,0,
2026-09-30T19:32:59,162.0,199.0,160.0,0.0,0.0,0.0,0.0,0.0,0.0,0,0,0,
2026-09-30T19:33:01,162.0,198.0,160.0,0.0,0.0,0.0,0.0,0.0,0.0,0,0,0,
2026-09-30T19:33:03,161.0,198.0,160.0,0.0,0.0,0.0,0.0,0.0,0.0,0,0,0,
2026-09-30T19:33:05,161.0,198.0,160.0,0.0,0.0,0.0,0.0,0.0,0.0,0,0,0,
2026-09-30T19:33:07,161.0,198.0,160.0,0.0,0.0,0.0,0.0,0.0,0.0,0,0,0,
2026-09-30T19:33:09,161.0,198.0,160.0,0.0,0.0,0.0,0.0,0.0,0.0,0,0,0,
2026-09-30T19:33:11,161.0,198.0,160.0,0.0,0.0,0.0,0.0,0.0,0.0,0,0,0,
2026-09-30T19:33:13,161.0,198.0,160.0,0.0,0.0,0.0,0.0,0.0,0.0,0,0,0,
2026-09-30T19:33:15,161.0,198.0,160.0,0.0,0.0,0.0,0.0,0.0,0.0,0,0,0,
2026-09-30T19:33:17,161.0,198.0,160.0,0.0,0.0,0.0,0.0,0.0,0.0,0,0,0,
2026-09-30T19:33:19,161.0,198.0,159.0,0.0,0.0,0.0,0.0,0.0,0.0,0,0,0,
2026-09-30T19:33:21,161.0,198.0,159.0,0.0,0.0,0.0,0.0,0.0,0.0,0,0,0,
2026-09-30T19:33:23,161.0,198.0,159.0,0.0,0.0,0.0,0.0,0.0,0.0,0,0,0,
2026-09-30T19:33:25,161.0,198.0,159.0,0.0,0.0,0.0,0.0,0.0,0.0,0,0,0,
2026-09-30T19:33:27,160.0,198.0,159.0,0.0,0.0,0.0,0.0,0.0,0.0,0,0,0,
2026-09-30T19:33:29,160.0,198.0,159.0,0.0,0.0,0.0,0.0,0.0,0.0,0,0,0,
2026-09-30T19:33:31,160.0,198.0,159.0,0.0,0.0,0.0,0.0,0.0,0.0,0,0,0,
2026-09-30T19:33:33,160.0,198.0,159.0,0.0,0.0,0.0,0.0,0.0,0.0,0,0,0,
2026-09-30T19:33:35,160.0,198.0,159.0,0.0,0.0,0.0,0.0,0.0,0.0,0,0,0,
2026-09-30T19:33:37,160.0,198.0,159.0,0.0,0.0,0.0,0.0,0.0,0.0,0,0,0,
2026-09-30T19:33:39,160.0,197.0,159.0,0.0,0.0,0.0,0.0,0.0,0.0,0,0,0,
2026-09-30T19:33:41,160.0,198.0,158.0,0.0,0.0,0.0,0.0,0.0,0.0,0,0,0,
2026-09-30T19:33:43,160.0,197.0,158.0,0.0,0.0,0.0,0.0,0.0,0.0,0,0,0,
2026-09-30T19:33:45,160.0,197.0,158.0,0.0,0.0,0.0,0.0,0.0,0.0,0,0,0,
2026-09-30T19:33:47,160.0,197.0,158.0,0.0,0.0,0.0,0.0,0.0,0.0,0,0,0,
2026-09-30T19:33:49,160.0,197.0,158.0,0.0,0.0,0.0,0.0,0.0,0.0,0,0,0,
2026-09-30T19:33:51,159.0,197.0,158.0,0.0,0.0,0.0,0.0,0.0,0.0,0,0,0,
2026-09-30T19:33:53,159.0,197.0,158.0,0.0,0.0,0.0,0.0,0.0,0.0,0,0,0,
2026-09-30T19:33:55,159.0,197.0,158.0,0.0,0.0,0.0,0.0,0.0,0.0,0,0,0,
2026-09-30T19:33:57,159.0,197.0,158.0,0.0,0.0,0.0,0.0,0.0,0.0,0,0,0,
2026-09-30T19:33:59,159.0,197.0,158.0,0.0,0.0,0.0,0.0,0.0,0.0,0,0,0,
2026-09-30T19:34:01,159.0,197.0,158.0,0.0,0.0,0.0,0.0,0.0,0.0,0,0,0,
2026-09-30T19:34:03,159.0,197.0,157.0,0.0,0.0,0.0,0.0,0.0,0.0,0,0,0,
2026-09-30T19:34:05,159.0,197.0,157.0,0.0,0.0,0.0,0.0,0.0,0.0,0,0,0,
2026-09-30T19:34:07,159.0,197.0,157.0,0.0,0.0,0.0,0.0,0.0,0.0,0,0,0,
2026-09-30T19:34:09,159.0,197.0,157.0,0.0,0.0,0.0,0.0,0.0,0.0,0,0,0,
2026-09-30T19:34:11,159.0,197.0,157.0,0.0,0.0,0.0,0.0,0.0,0.0,0,0,0,
2026-09-30T19:34:13,159.0,197.0,157.0,0.0,0.0,0.0,0.0,0.0,0.0,0,0,0,
2026-09-30T19:34:15,159.0,197.0,157.0,0.0,0.0,0.0,0.0,0.0,0.0,0,0,0,
2026-09-30T19:34:17,159.0,197.0,157.0,0.0,0.0,0.0,0.0,0.0,0.0,0,0,0,
2026-09-30T19:34:19,158.0,196.0,157.0,0.0,0.0,0.0,0.0,0.0,0.0,0,0,0,
2026-09-30T19:34:21,158.0,196.0,157.0,0.0,0.0,0.0,0.0,0.0,0.0,0,0,0,
2026-09-30T19:34:23,158.0,196.0,157.0,0.0,0.0,0.0,0.0,0.0,0.0,0,0,0,
2026-09-30T19:34:25,158.0,196.0,157.0,0.0,0.0,0.0,0.0,0.0,0.0,0,0,0,
2026-09-30T19:34:27,158.0,196.0,157.0,0.0,0.0,0.0,0.0,0.0,0.0,0,0,0,
2026-09-30T19:34:29,158.0,196.0,156.0,0.0,0.0,0.0,0.0,0.0,0.0,0,0,0,
2026-09-30T19:34:31,158.0,196.0,156.0,0.0,0.0,0.0,0.0,0.0,0.0,0,0,0,
2026-09-30T19:34:33,158.0,196.0,156.0,0.0,0.0,0.0,0.0,0.0,0.0,0,0,0,
2026-09-30T19:34:35,158.0,196.0,156.0,0.0,0.0,0.0,0.0,0.0,0.0,0,0,0,
2026-09-30T19:34:37,158.0,196.0,156.0,0.0,0.0,0.0,0.0,0.0,0.0,0,0,0,
2026-09-30T19:34:39,158.0,196.0,156.0,0.0,0.0,0.0,0.0,0.0,0.0,0,0,0,
2026-09-30T19:34:41,158.0,196.0,156.0,0.0,0.0,0.0,0.0,0.0,0.0,0,0,0,
2026-09-30T19:34:43,158.0,196.0,156.0,0.0,0.0,0.0,0.0,0.0,0.0,0,0,0,
2026-09-30T19:34:45,157.0,196.0,156.0,0.0,0.0,0.0,0.0,0.0,0.0,0,0,0,
2026-09-30T19:34:47,157.0,196.0,156.0,0.0,0.0,0.0,0.0,0.0,0.0,0,0,0,
2026-09-30T19:34:49,157.0,196.0,156.0,0.0,0.0,0.0,0.0,0.0,0.0,0,0,0,
2026-09-30T19:34:51,157.0,196.0,155.0,0.0,0.0,0.0,0.0,0.0,0.0,0,0,0,
2026-09-30T19:34:53,157.0,196.0,155.0,0.0,0.0,0.0,0.0,0.0,0.0,0,0,0,
2026-09-30T19:34:55,157.0,196.0,155.0,0.0,0.0,0.0,0.0,0.0,0.0,0,0,0,
2026-09-30T19:34:57,157.0,195.0,155.0,0.0,0.0,0.0,0.0,0.0,0.0,0,0,0,
2026-09-30T19:34:59,157.0,195.0,155.0,0.0,0.0,0.0,0.0,0.0,0.0,0,0,0,
2026-09-30T19:35:01,157.0,195.0,155.0,0.0,0.0,0.0,0.0,0.0,0.0,0,0,0,
2026-09-30T19:35:03,157.0,195.0,155.0,0.0,0.0,0.0,0.0,0.0,0.0,0,0,0,
2026-09-30T19:35:05,157.0,195.0,155.0,0.0,0.0,0.0,0.0,0.0,0.0,0,0,0,
2026-09-30T19:35:07,157.0,195.0,155.0,0.0,0.0,0.0,0.0,0.0,0.0,0,0,0,
2026-09-30T19:35:09,157.0,195.0,155.0,0.0,0.0,0.0,0.0,0.0,0.0,0,0,0,
2026-09-30T19:35:11,157.0,195.0,155.0,0.0,0.0,0.0,0.0,0.0,0.0,0,0,0,
2026-09-30T19:35:14,157.0,195.0,155.0,0.0,0.0,0.0,0.0,0.0,0.0,0,0,0,
2026-09-30T19:35:16,156.0,195.0,155.0,0.0,0.0,0.0,0.0,0.0,0.0,0,0,0,
2026-09-30T19:35:18,156.0,195.0,154.0,0.0,0.0,0.0,0.0,0.0,0.0,0,0,0,
2026-09-30T19:35:20,156.0,195.0,154.0,0.0,0.0,0.0,0.0,0.0,0.0,0,0,0,
2026-09-30T19:35:22,156.0,195.0,154.0,0.0,0.0,0.0,0.0,0.0,0.0,0,0,0,
2026-09-30T19:35:24,156.0,195.0,154.0,0.0,0.0,0.0,0.0,0.0,0.0,0,0,0,
2026-09-30T19:35:26,156.0,195.0,154.0,0.0,0.0,0.0,0.0,0.0,0.0,0,0,0,
2026-09-30T19:35:28,156.0,195.0,154.0,0.0,0.0,0.0,0.0,0.0,0.0,0,0,0,
2026-09-30T19:35:30,156.0,195.0,154.0,0.0,0.0,0.0,0.0,0.0,0.0,0,0,0,
2026-09-30T19:35:32,156.0,195.0,154.0,0.0,0.0,0.0,0.0,0.0,0.0,0,0,0,
2026-09-30T19:35:34,156.0,194.0,154.0,0.0,0.0,0.0,0.0,0.0,0.0,0,0,0,
2026-09-30T19:35:36,156.0,194.0,154.0,0.0,0.0,0.0,0.0,0.0,0.0,0,0,0,
2026-09-30T19:35:38,156.0,194.0,154.0,0.0,0.0,0.0,0.0,0.0,0.0,0,0,0,
2026-09-30T19:35:40,156.0,194.0,154.0,0.0,0.0,0.0,0.0,0.0,0.0,0,0,0,
2026-09-30T19:35:42,156.0,194.0,153.0,0.0,0.0,0.0,0.0,0.0,0.0,0,0,0,
2026-09-30T19:35:44,156.0,194.0,153.0,0.0,0.0,0.0,0.0,0.0,0.0,0,0,0,
2026-09-30T19:35:46,155.0,194.0,153.0,0.0,0.0,0.0,0.0,0.0,0.0,0,0,0,
2026-09-30T19:35:48,155.0,194.0,153.0,0.0,0.0,0.0,0.0,0.0,0.0,0,0,0,
2026-09-30T19:35:50,155.0,194.0,153.0,0.0,0.0,0.0,0.0,0.0,0.0,0,0,0,
2026-09-30T19:35:52,155.0,194.0,153.0,0.0,0.0,0.0,0.0,0.0,0.0,0,0,0,
2026-09-30T19:35:54,155.0,194.0,153.0,0.0,0.0,0.0,0.0,0.0,0.0,0,0,0,
2026-09-30T19:35:56,155.0,194.0,153.0,0.0,0.0,0.0,0.0,0.0,0.0,0,0,0,
2026-09-30T19:35:58,155.0,194.0,153.0,0.0,0.0,0.0,0.0,0.0,0.0,0,0,0,
2026-09-30T19:36:00,155.0,194.0,153.0,0.0,0.0,0.0,0.0,0.0,0.0,0,0,0,
2026-09-30T19:36:02,155.0,194.0,153.0,0.0,0.0,0.0,0.0,0.0,0.0,0,0,0,
2026-09-30T19:36:04,155.0,194.0,153.0,0.0,0.0,0.0,0.0,0.0,0.0,0,0,0,
2026-09-30T19:36:06,155.0,194.0,153.0,0.0,0.0,0.0,0.0,0.0,0.0,0,0,0,
2026-09-30T19:36:08,155.0,194.0,152.0,0.0,0.0,0.0,0.0,0.0,0.0,0,0,0,
2026-09-30T19:36:10,155.0,194.0,152.0,0.0,0.0,0.0,0.0,0.0,0.0,0,0,0,
2026-09-30T19:36:12,155.0,194.0,152.0,0.0,0.0,0.0,0.0,0.0,0.0,0,0,0,
2026-09-30T19:36:14,154.0,193.0,152.0,0.0,0.0,0.0,0.0,0.0,0.0,0,0,0,
2026-09-30T19:36:16,154.0,193.0,152.0,0.0,0.0,0.0,0.0,0.0,0.0,0,0,0,
2026-09-30T19:36:18,154.0,193.0,152.0,0.0,0.0,0.0,0.0,0.0,0.0,0,0,0,
2026-09-30T19:36:20,154.0,193.0,152.0,0.0,0.0,0.0,0.0,0.0,0.0,0,0,0,
2026-09-30T19:36:22,154.0,193.0,152.0,0.0,0.0,0.0,0.0,0.0,0.0,0,0,0,
2026-09-30T19:36:24,154.0,193.0,152.0,0.0,0.0,0.0,0.0,0.0,0.0,0,0,0,
2026-09-30T19:36:26,154.0,193.0,152.0,0.0,0.0,0.0,0.0,0.0,0.0,0,0,0,
2026-09-30T19:36:28,154.0,193.0,152.0,0.0,0.0,0.0,0.0,0.0,0.0,0,0,0,
2026-09-30T19:36:30,154.0,193.0,152.0,0.0,0.0,0.0,0.0,0.0,0.0,0,0,0,
2026-09-30T19:36:32,154.0,193.0,152.0,0.0,0.0,0.0,0.0,0.0,0.0,0,0,0,
2026-09-30T19:36:34,154.0,193.0,152.0,0.0,0.0,0.0,0.0,0.0,0.0,0,0,0,
2026-09-30T19:36:36,154.0,193.0,151.0,0.0,0.0,0.0,0.0,0.0,0.0,0,0,0,
2026-09-30T19:36:38,154.0,193.0,151.0,0.0,0.0,0.0,0.0,0.0,0.0,0,0,0,
2026-09-30T19:36:40,154.0,193.0,151.0,0.0,0.0,0.0,0.0,0.0,0.0,0,0,0,
2026-09-30T19:36:42,154.0,193.0,151.0,0.0,0.0,0.0,0.0,0.0,0.0,0,0,0,
2026-09-30T19:36:44,154.0,193.0,151.0,0.0,0.0,0.0,0.0,0.0,0.0,0,0,0,
2026-09-30T19:36:46,153.0,193.0,151.0,0.0,0.0,0.0,0.0,0.0,0.0,0,0,0,
2026-09-30T19:36:48,153.0,192.0,151.0,0.0,0.0,0.0,0.0,0.0,0.0,0,0,0,
2026-09-30T19:36:50,153.0,192.0,151.0,0.0,0.0,0.0,0.0,0.0,0.0,0,0,0,
2026-09-30T19:36:52,153.0,192.0,151.0,0.0,0.0,0.0,0.0,0.0,0.0,0,0,0,
2026-09-30T19:36:54,153.0,192.0,151.0,0.0,0.0,0.0,0.0,0.0,0.0,0,0,0,
2026-09-30T19:36:56,153.0,192.0,151.0,0.0,0.0,0.0,0.0,0.0,0.0,0,0,0,
2026-09-30T19:36:58,153.0,192.0,151.0,0.0,0.0,0.0,0.0,0.0,0.0,0,0,0,
2026-09-30T19:37:00,153.0,192.0,151.0,0.0,0.0,0.0,0.0,0.0,0.0,0,0,0,
2026-09-30T19:37:02,153.0,192.0,150.0,0.0,0.0,0.0,0.0,0.0,0.0,0,0,0,
2026-09-30T19:37:04,153.0,192.0,150.0,0.0,0.0,0.0,0.0,0.0,0.0,0,0,0,
2026-09-30T19:37:06,153.0,192.0,150.0,0.0,0.0,0.0,0.0,0.0,0.0,0,0,0,
2026-09-30T19:37:08,153.0,192.0,150.0,0.0,0.0,0.0,0.0,0.0,0.0,0,0,0,
2026-09-30T19:37:10,153.0,192.0,150.0,0.0,0.0,0.0,0.0,0.0,0.0,0,0,0,
2026-09-30T19:37:12,153.0,192.0,150.0,0.0,0.0,0.0,0.0,0.0,0.0,0,0,0,
2026-09-30T19:37:14,153.0,192.0,150.0,0.0,0.0,0.0,0.0,0.0,0.0,0,0,0,
2026-09-30T19:37:16,153.0,192.0,150.0,0.0,0.0,0.0,0.0,0.0,0.0,0,0,0,
2026-09-30T19:37:18,152.0,192.0,150.0,0.0,0.0,0.0,0.0,0.0,0.0,0,0,0,
2026-09-30T19:37:20,152.0,192.0,150.0,0.0,0.0,0.0,0.0,0.0,0.0,0,0,0,
2026-09-30T19:37:22,152.0,192.0,150.0,0.0,0.0,0.0,0.0,0.0,0.0,0,0,0,
2026-09-30T19:37:24,152.0,192.0,150.0,0.0,0.0,0.0,0.0,0.0,0.0,0,0,0,
2026-09-30T19:37:26,152.0,192.0,150.0,0.0,0.0,0.0,0.0,0.0,0.0,0,0,0,
2026-09-30T19:37:28,152.0,191.0,150.0,0.0,0.0,0.0,0.0,0.0,0.0,0,0,0,
2026-09-30T19:37:30,152.0,191.0,150.0,0.0,0.0,0.0,0.0,0.0,0.0,0,0,0,
2026-09-30T19:37:32,152.0,191.0,149.0,0.0,0.0,0.0,0.0,0.0,0.0,0,0,0,
2026-09-30T19:37:34,152.0,191.0,149.0,0.0,0.0,0.0,0.0,0.0,0.0,0,0,0,
2026-09-30T19:37:36,152.0,191.0,149.0,0.0,0.0,0.0,0.0,0.0,0.0,0,0,0,
2026-09-30T19:37:39,152.0,191.0,149.0,0.0,0.0,0.0,0.0,0.0,0.0,0,0,0,
2026-09-30T19:37:40,152.0,191.0,149.0,0.0,0.0,0.0,0.0,0.0,0.0,0,0,0,
2026-09-30T19:37:42,152.0,191.0,149.0,0.0,0.0,0.0,0.0,0.0,0.0,0,0,0,
2026-09-30T19:37:44,152.0,191.0,149.0,0.0,0.0,0.0,0.0,0.0,0.0,0,0,0,
2026-09-30T19:37:46,152.0,191.0,149.0,0.0,0.0,0.0,0.0,0.0,0.0,0,0,0,
2026-09-30T19:37:49,152.0,191.0,149.0,0.0,0.0,0.0,0.0,0.0,0.0,0,0,0,
2026-09-30T19:37:51,151.0,191.0,149.0,0.0,0.0,0.0,0.0,0.0,0.0,0,0,0,
2026-09-30T19:37:53,151.0,191.0,149.0,0.0,0.0,0.0,0.0,0.0,0.0,0,0,0,
2026-09-30T19:37:55,151.0,191.0,149.0,0.0,0.0,0.0,0.0,0.0,0.0,0,0,0,
2026-09-30T19:37:57,151.0,191.0,149.0,0.0,0.0,0.0,0.0,0.0,0.0,0,0,0,
2026-09-30T19:37:59,151.0,191.0,148.0,0.0,0.0,0.0,0.0,0.0,0.0,0,0,0,
2026-09-30T19:38:01,151.0,191.0,148.0,0.0,0.0,0.0,0.0,0.0,0.0,0,0,0,
2026-09-30T19:38:03,151.0,191.0,148.0,0.0,0.0,0.0,0.0,0.0,0.0,0,0,0,
2026-09-30T19:38:05,151.0,191.0,148.0,0.0,0.0,0.0,0.0,0.0,0.0,0,0,0,
2026-09-30T19:38:07,151.0,190.0,148.0,0.0,0.0,0.0,0.0,0.0,0.0,0,0,0,
2026-09-30T19:38:09,151.0,190.0,148.0,0.0,0.0,0.0,0.0,0.0,0.0,0,0,0,
2026-09-30T19:38:11,151.0,190.0,148.0,0.0,0.0,0.0,0.0,0.0,0.0,0,0,0,
2026-09-30T19:38:13,151.0,190.0,148.0,0.0,0.0,0.0,0.0,0.0,0.0,0,0,0,
2026-09-30T19:38:15,151.0,190.0,148.0,0.0,0.0,0.0,0.0,0.0,0.0,0,0,0,
2026-09-30T19:38:17,151.0,190.0,148.0,0.0,0.0,0.0,0.0,0.0,0.0,0,0,0,
2026-09-30T19:38:19,151.0,190.0,148.0,0.0,0.0,0.0,0.0,0.0,0.0,0,0,0,
2026-09-30T19:38:21,151.0,190.0,148.0,0.0,0.0,0.0,0.0,0.0,0.0,0,0,0,
2026-09-30T19:38:23,150.0,190.0,148.0,0.0,0.0,0.0,0.0,0.0,0.0,0,0,0,
2026-09-30T19:38:25,150.0,190.0,148.0,0.0,0.0,0.0,0.0,0.0,0.0,0,0,0,
2026-09-30T19:38:27,150.0,190.0,148.0,0.0,0.0,0.0,0.0,0.0,0.0,0,0,0,
2026-09-30T19:38:29,150.0,190.0,148.0,0.0,0.0,0.0,0.0,0.0,0.0,0,0,0,
2026-09-30T19:38:31,150.0,190.0,147.0,0.0,0.0,0.0,0.0,0.0,0.0,0,0,0,
2026-09-30T19:38:33,150.0,190.0,147.0,0.0,0.0,0.0,0.0,0.0,0.0,0,0,0,
2026-09-30T19:38:35,150.0,190.0,147.0,0.0,0.0,0.0,0.0,0.0,0.0,0,0,0,
2026-09-30T19:38:37,150.0,190.0,147.0,0.0,0.0,0.0,0.0,0.0,0.0,0,0,0,
2026-09-30T19:38:39,150.0,190.0,147.0,0.0,0.0,0.0,0.0,0.0,0.0,0,0,0,
2026-09-30T19:38:41,150.0,190.0,147.0,0.0,0.0,0.0,0.0,0.0,0.0,0,0,0,
2026-09-30T19:38:43,150.0,189.0,147.0,0.0,0.0,0.0,0.0,0.0,0.0,0,0,0,
2026-09-30T19:38:45,150.0,189.0,147.0,0.0,0.0,0.0,0.0,0.0,0.0,0,0,0,
2026-09-30T19:38:47,150.0,189.0,147.0,0.0,0.0,0.0,0.0,0.0,0.0,0,0,0,
2026-09-30T19:38:49,150.0,189.0,147.0,0.0,0.0,0.0,0.0,0.0,0.0,0,0,0,
2026-09-30T19:38:51,150.0,189.0,147.0,0.0,0.0,0.0,0.0,0.0,0.0,0,0,0,
2026-09-30T19:38:53,150.0,189.0,147.0,0.0,0.0,0.0,0.0,0.0,0.0,0,0,0,
2026-09-30T19:38:55,150.0,189.0,147.0,0.0,0.0,0.0,0.0,0.0,0.0,0,0,0,
2026-09-30T19:38:57,149.0,189.0,147.0,0.0,0.0,0.0,0.0,0.0,0.0,0,0,0,
2026-09-30T19:38:59,149.0,189.0,147.0,0.0,0.0,0.0,0.0,0.0,0.0,0,0,0,
2026-09-30T19:39:01,149.0,189.0,146.0,0.0,0.0,0.0,0.0,0.0,0.0,0,0,0,
2026-09-30T19:39:03,149.0,189.0,146.0,0.0,0.0,0.0,0.0,0.0,0.0,0,0,0,
2026-09-30T19:39:05,149.0,189.0,146.0,0.0,0.0,0.0,0.0,0.0,0.0,0,0,0,
2026-09-30T19:39:07,149.0,189.0,146.0,0.0,0.0,0.0,0.0,0.0,0.0,0,0,0,
2026-09-30T19:39:09,149.0,189.0,146.0,0.0,0.0,0.0,0.0,0.0,0.0,0,0,0,
2026-09-30T19:39:11,149.0,189.0,146.0,0.0,0.0,0.0,0.0,0.0,0.0,0,0,0,
2026-09-30T19:39:13,149.0,189.0,146.0,0.0,0.0,0.0,0.0,0.0,0.0,0,0,0,
2026-09-30T19:39:15,149.0,189.0,146.0,0.0,0.0,0.0,0.0,0.0,0.0,0,0,0,
2026-09-30T19:39:17,149.0,189.0,146.0,0.0,0.0,0.0,0.0,0.0,0.0,0,0,0,
2026-09-30T19:39:19,149.0,188.0,146.0,0.0,0.0,0.0,0.0,0.0,0.0,0,0,0,
2026-09-30T19:39:21,149.0,189.0,146.0,0.0,0.0,0.0,0.0,0.0,0.0,0,0,0,
2026-09-30T19:39:23,149.0,188.0,146.0,0.0,0.0,0.0,0.0,0.0,0.0,0,0,0,
2026-09-30T19:39:25,149.0,188.0,146.0,0.0,0.0,0.0,0.0,0.0,0.0,0,0,0,
2026-09-30T19:39:27,149.0,188.0,146.0,0.0,0.0,0.0,0.0,0.0,0.0,0,0,0,
2026-09-30T19:39:29,149.0,188.0,146.0,0.0,0.0,0.0,0.0,0.0,0.0,0,0,0,
2026-09-30T19:39:31,149.0,188.0,145.0,0.0,0.0,0.0,0.0,0.0,0.0,0,0,0,
2026-09-30T19:39:33,149.0,188.0,145.0,0.0,0.0,0.0,0.0,0.0,0.0,0,0,0,
2026-09-30T19:39:35,148.0,188.0,145.0,0.0,0.0,0.0,0.0,0.0,0.0,0,0,0,
2026-09-30T19:39:37,148.0,188.0,145.0,0.0,0.0,0.0,0.0,0.0,0.0,0,0,0,
2026-09-30T19:39:39,148.0,188.0,145.0,0.0,0.0,0.0,0.0,0.0,0.0,0,0,0,
2026-09-30T19:39:41,148.0,188.0,145.0,0.0,0.0,0.0,0.0,0.0,0.0,0,0,0,
2026-09-30T19:39:43,148.0,188.0,145.0,0.0,0.0,0.0,0.0,0.0,0.0,0,0,0,
2026-09-30T19:39:45,148.0,188.0,145.0,0.0,0.0,0.0,0.0,0.0,0.0,0,0,0,
2026-09-30T19:39:47,148.0,188.0,145.0,0.0,0.0,0.0,0.0,0.0,0.0,0,0,0,
2026-09-30T19:39:49,148.0,188.0,145.0,0.0,0.0,0.0,0.0,0.0,0.0,0,0,0,
2026-09-30T19:39:51,148.0,188.0,145.0,0.0,0.0,0.0,0.0,0.0,0.0,0,0,0,
2026-09-30T19:39:53,148.0,188.0,145.0,0.0,0.0,0.0,0.0,0.0,0.0,0,0,0,
2026-09-30T19:39:55,148.0,188.0,145.0,0.0,0.0,0.0,0.0,0.0,0.0,0,0,0,
2026-09-30T19:39:57,148.0,188.0,145.0,0.0,0.0,0.0,0.0,0.0,0.0,0,0,0,
2026-09-30T19:39:59,148.0,187.0,145.0,0.0,0.0,0.0,0.0,0.0,0.0,0,0,0,
2026-09-30T19:40:01,148.0,187.0,145.0,0.0,0.0,0.0,0.0,0.0,0.0,0,0,0,
2026-09-30T19:40:03,148.0,187.0,145.0,0.0,0.0,0.0,0.0,0.0,0.0,0,0,0,
2026-09-30T19:40:05,148.0,187.0,144.0,0.0,0.0,0.0,0.0,0.0,0.0,0,0,0,
2026-09-30T19:40:07,148.0,187.0,144.0,0.0,0.0,0.0,0.0,0.0,0.0,0,0,0,
2026-09-30T19:40:09,148.0,187.0,144.0,0.0,0.0,0.0,0.0,0.0,0.0,0,0,0,
2026-09-30T19:40:11,147.0,187.0,144.0,0.0,0.0,0.0,0.0,0.0,0.0,0,0,0,
2026-09-30T19:40:13,147.0,187.0,144.0,0.0,0.0,0.0,0.0,0.0,0.0,0,0,0,
2026-09-30T19:40:15,147.0,187.0,144.0,0.0,0.0,0.0,0.0,0.0,0.0,0,0,0,
2026-09-30T19:40:17,147.0,187.0,144.0,0.0,0.0,0.0,0.0,0.0,0.0,0,0,0,
2026-09-30T19:40:19,147.0,187.0,144.0,0.0,0.0,0.0,0.0,0.0,0.0,0,0,0,
2026-09-30T19:40:21,147.0,187.0,144.0,0.0,0.0,0.0,0.0,0.0,0.0,0,0,0,
2026-09-30T19:40:23,147.0,187.0,144.0,0.0,0.0,0.0,0.0,0.0,0.0,0,0,0,
2026-09-30T19:40:25,147.0,187.0,144.0,0.0,0.0,0.0,0.0,0.0,0.0,0,0,0,
2026-09-30T19:40:27,147.0,187.0,144.0,0.0,0.0,0.0,0.0,0.0,0.0,0,0,0,
2026-09-30T19:40:29,147.0,187.0,144.0,0.0,0.0,0.0,0.0,0.0,0.0,0,0,0,
2026-09-30T19:40:31,147.0,187.0,144.0,0.0,0.0,0.0,0.0,0.0,0.0,0,0,0,
2026-09-30T19:40:34,147.0,187.0,144.0,0.0,0.0,0.0,0.0,0.0,0.0,0,0,0,
2026-09-30T19:40:36,147.0,187.0,144.0,0.0,0.0,0.0,0.0,0.0,0.0,0,0,0,
2026-09-30T19:40:38,147.0,187.0,144.0,0.0,0.0,0.0,0.0,0.0,0.0,0,0,0,
2026-09-30T19:40:40,147.0,186.0,143.0,0.0,0.0,0.0,0.0,0.0,0.0,0,0,0,
2026-09-30T19:40:42,147.0,186.0,143.0,0.0,0.0,0.0,0.0,0.0,0.0,0,0,0,
2026-09-30T19:40:44,147.0,186.0,143.0,0.0,0.0,0.0,0.0,0.0,0.0,0,0,0,
2026-09-30T19:40:46,147.0,186.0,143.0,0.0,0.0,0.0,0.0,0.0,0.0,0,0,0,
2026-09-30T19:40:48,147.0,186.0,143.0,0.0,0.0,0.0,0.0,0.0,0.0,0,0,0,
2026-09-30T19:40:50,146.0,186.0,143.0,0.0,0.0,0.0,0.0,0.0,0.0,0,0,0,
2026-09-30T19:40:52,146.0,186.0,143.0,0.0,0.0,0.0,0.0,0.0,0.0,0,0,0,
2026-09-30T19:40:54,146.0,186.0,143.0,0.0,0.0,0.0,0.0,0.0,0.0,0,0,0,
2026-09-30T19:40:56,146.0,186.0,143.0,0.0,0.0,0.0,0.0,0.0,0.0,0,0,0,
2026-09-30T19:40:58,146.0,186.0,143.0,0.0,0.0,0.0,0.0,0.0,0.0,0,0,0,
2026-09-30T19:41:00,146.0,186.0,143.0,0.0,0.0,0.0,0.0,0.0,0.0,0,0,0,
2026-09-30T19:41:02,146.0,186.0,143.0,0.0,0.0,0.0,0.0,0.0,0.0,0,0,0,
2026-09-30T19:41:04,146.0,186.0,143.0,0.0,0.0,0.0,0.0,0.0,0.0,0,0,0,
2026-09-30T19:41:06,146.0,186.0,143.0,0.0,0.0,0.0,0.0,0.0,0.0,0,0,0,
2026-09-30T19:41:08,146.0,186.0,143.0,0.0,0.0,0.0,0.0,0.0,0.0,0,0,0,
2026-09-30T19:41:10,146.0,186.0,143.0,0.0,0.0,0.0,0.0,0.0,0.0,0,0,0,
2026-09-30T19:41:12,146.0,186.0,142.0,0.0,0.0,0.0,0.0,0.0,0.0,0,0,0,
2026-09-30T19:41:14,146.0,186.0,142.0,0.0,0.0,0.0,0.0,0.0,0.0,0,0,0,
2026-09-30T19:41:16,146.0,186.0,142.0,0.0,0.0,0.0,0.0,0.0,0.0,0,0,0,
2026-09-30T19:41:18,146.0,186.0,142.0,0.0,0.0,0.0,0.0,0.0,0.0,0,0,0,
2026-09-30T19:41:20,146.0,185.0,142.0,0.0,0.0,0.0,0.0,0.0,0.0,0,0,0,
2026-09-30T19:41:22,146.0,185.0,142.0,0.0,0.0,0.0,0.0,0.0,0.0,0,0,0,
2026-09-30T19:41:24,146.0,185.0,142.0,0.0,0.0,0.0,0.0,0.0,0.0,0,0,0,
2026-09-30T19:41:26,146.0,185.0,142.0,0.0,0.0,0.0,0.0,0.0,0.0,0,0,0,
2026-09-30T19:41:28,145.0,185.0,142.0,0.0,0.0,0.0,0.0,0.0,0.0,0,0,0,
2026-09-30T19:41:30,145.0,185.0,142.0,0.0,0.0,0.0,0.0,0.0,0.0,0,0,0,
2026-09-30T19:41:32,145.0,185.0,142.0,0.0,0.0,0.0,0.0,0.0,0.0,0,0,0,
2026-09-30T19:41:34,145.0,185.0,142.0,0.0,0.0,0.0,0.0,0.0,0.0,0,0,0,
2026-09-30T19:41:36,145.0,185.0,142.0,0.0,0.0,0.0,0.0,0.0,0.0,0,0,0,
2026-09-30T19:41:38,145.0,185.0,142.0,0.0,0.0,0.0,0.0,0.0,0.0,0,0,0,
2026-09-30T19:41:40,145.0,185.0,142.0,0.0,0.0,0.0,0.0,0.0,0.0,0,0,0,
2026-09-30T19:41:42,145.0,185.0,142.0,0.0,0.0,0.0,0.0,0.0,0.0,0,0,0,
2026-09-30T19:41:44,145.0,185.0,142.0,0.0,0.0,0.0,0.0,0.0,0.0,0,0,0,
2026-09-30T19:41:46,145.0,185.0,142.0,0.0,0.0,0.0,0.0,0.0,0.0,0,0,0,
2026-09-30T19:41:48,145.0,185.0,142.0,0.0,0.0,0.0,0.0,0.0,0.0,0,0,0,
2026-09-30T19:41:50,145.0,185.0,142.0,0.0,0.0,0.0,0.0,0.0,0.0,0,0,0,
2026-09-30T19:41:52,145.0,185.0,141.0,0.0,0.0,0.0,0.0,0.0,0.0,0,0,0,
2026-09-30T19:41:54,145.0,185.0,141.0,0.0,0.0,0.0,0.0,0.0,0.0,0,0,0,
2026-09-30T19:41:56,145.0,184.0,141.0,0.0,0.0,0.0,0.0,0.0,0.0,0,0,0,
2026-09-30T19:41:58,145.0,184.0,141.0,0.0,0.0,0.0,0.0,0.0,0.0,0,0,0,
2026-09-30T19:42:00,145.0,184.0,141.0,0.0,0.0,0.0,0.0,0.0,0.0,0,0,0,
2026-09-30T19:42:02,145.0,184.0,141.0,0.0,0.0,0.0,0.0,0.0,0.0,0,0,0,
2026-09-30T19:42:04,145.0,184.0,141.0,0.0,0.0,0.0,0.0,0.0,0.0,0,0,0,
2026-09-30T19:42:06,145.0,184.0,141.0,0.0,0.0,0.0,0.0,0.0,0.0,0,0,0,
2026-09-30T19:42:08,145.0,184.0,141.0,0.0,0.0,0.0,0.0,0.0,0.0,0,0,0,
2026-09-30T19:42:10,144.0,184.0,141.0,0.0,0.0,0.0,0.0,0.0,0.0,0,0,0,
2026-09-30T19:42:12,144.0,184.0,141.0,0.0,0.0,0.0,0.0,0.0,0.0,0,0,0,
2026-09-30T19:42:14,144.0,184.0,141.0,0.0,0.0,0.0,0.0,0.0,0.0,0,0,0,
2026-09-30T19:42:16,144.0,184.0,141.0,0.0,0.0,0.0,0.0,0.0,0.0,0,0,0,
2026-09-30T19:42:18,144.0,184.0,141.0,0.0,0.0,0.0,0.0,0.0,0.0,0,0,0,
2026-09-30T19:42:20,144.0,184.0,141.0,0.0,0.0,0.0,0.0,0.0,0.0,0,0,0,
2026-09-30T19:42:22,144.0,184.0,141.0,0.0,0.0,0.0,0.0,0.0,0.0,0,0,0,
2026-09-30T19:42:24,144.0,184.0,141.0,0.0,0.0,0.0,0.0,0.0,0.0,0,0,0,
2026-09-30T19:42:26,144.0,184.0,140.0,0.0,0.0,0.0,0.0,0.0,0.0,0,0,0,
2026-09-30T19:42:28,144.0,184.0,140.0,0.0,0.0,0.0,0.0,0.0,0.0,0,0,0,
2026-09-30T19:42:30,144.0,184.0,140.0,0.0,0.0,0.0,0.0,0.0,0.0,0,0,0,
2026-09-30T19:42:32,144.0,184.0,140.0,0.0,0.0,0.0,0.0,0.0,0.0,0,0,0,
2026-09-30T19:42:34,144.0,184.0,140.0,0.0,0.0,0.0,0.0,0.0,0.0,0,0,0,
2026-09-30T19:42:36,144.0,183.0,140.0,0.0,0.0,0.0,0.0,0.0,0.0,0,0,0,
2026-09-30T19:42:38,144.0,183.0,140.0,0.0,0.0,0.0,0.0,0.0,0.0,0,0,0,
2026-09-30T19:42:40,144.0,183.0,140.0,0.0,0.0,0.0,0.0,0.0,0.0,0,0,0,
2026-09-30T19:42:42,144.0,183.0,140.0,0.0,0.0,0.0,0.0,0.0,0.0,0,0,0,
2026-09-30T19:42:44,144.0,183.0,140.0,0.0,0.0,0.0,0.0,0.0,0.0,0,0,0,
2026-09-30T19:42:46,144.0,183.0,140.0,0.0,0.0,0.0,0.0,0.0,0.0,0,0,0,
2026-09-30T19:42:48,144.0,183.0,140.0,0.0,0.0,0.0,0.0,0.0,0.0,0,0,0,
2026-09-30T19:42:50,144.0,183.0,140.0,0.0,0.0,0.0,0.0,0.0,0.0,0,0,0,
2026-09-30T19:42:52,143.0,183.0,140.0,0.0,0.0,0.0,0.0,0.0,0.0,0,0,0,
2026-09-30T19:42:54,143.0,183.0,140.0,0.0,0.0,0.0,0.0,0.0,0.0,0,0,0,
2026-09-30T19:42:56,143.0,183.0,140.0,0.0,0.0,0.0,0.0,0.0,0.0,0,0,0,
2026-09-30T19:42:58,143.0,183.0,140.0,0.0,0.0,0.0,0.0,0.0,0.0,0,0,0,
2026-09-30T19:43:01,143.0,183.0,140.0,0.0,0.0,0.0,0.0,0.0,0.0,0,0,0,
2026-09-30T19:43:03,143.0,183.0,139.0,0.0,0.0,0.0,0.0,0.0,0.0,0,0,0,
2026-09-30T19:43:05,143.0,183.0,139.0,0.0,0.0,0.0,0.0,0.0,0.0,0,0,0,
2026-09-30T19:43:07,143.0,183.0,139.0,0.0,0.0,0.0,0.0,0.0,0.0,0,0,0,
2026-09-30T19:43:09,143.0,183.0,139.0,0.0,0.0,0.0,0.0,0.0,0.0,0,0,0,
2026-09-30T19:43:11,143.0,183.0,139.0,0.0,0.0,0.0,0.0,0.0,0.0,0,0,0,
2026-09-30T19:43:13,143.0,183.0,139.0,0.0,0.0,0.0,0.0,0.0,0.0,0,0,0,
2026-09-30T19:43:15,143.0,183.0,139.0,0.0,0.0,0.0,0.0,0.0,0.0,0,0,0,
2026-09-30T19:43:17,143.0,182.0,139.0,0.0,0.0,0.0,0.0,0.0,0.0,0,0,0,
2026-09-30T19:43:19,143.0,182.0,139.0,0.0,0.0,0.0,0.0,0.0,0.0,0,0,0,
2026-09-30T19:43:21,143.0,182.0,139.0,0.0,0.0,0.0,0.0,0.0,0.0,0,0,0,
2026-09-30T19:43:23,143.0,182.0,139.0,0.0,0.0,0.0,0.0,0.0,0.0,0,0,0,
2026-09-30T19:43:25,143.0,182.0,139.0,0.0,0.0,0.0,0.0,0.0,0.0,0,0,0,
2026-09-30T19:43:27,143.0,182.0,139.0,0.0,0.0,0.0,0.0,0.0,0.0,0,0,0,
2026-09-30T19:43:29,143.0,182.0,139.0,0.0,0.0,0.0,0.0,0.0,0.0,0,0,0,
2026-09-30T19:43:31,143.0,182.0,139.0,0.0,0.0,0.0,0.0,0.0,0.0,0,0,0,
2026-09-30T19:43:33,143.0,182.0,139.0,0.0,0.0,0.0,0.0,0.0,0.0,0,0,0,
2026-09-30T19:43:35,142.0,182.0,139.0,0.0,0.0,0.0,0.0,0.0,0.0,0,0,0,
2026-09-30T19:43:37,142.0,182.0,139.0,0.0,0.0,0.0,0.0,0.0,0.0,0,0,0,
2026-09-30T19:43:39,142.0,182.0,139.0,0.0,0.0,0.0,0.0,0.0,0.0,0,0,0,
2026-09-30T19:43:41,142.0,182.0,139.0,0.0,0.0,0.0,0.0,0.0,0.0,0,0,0,
2026-09-30T19:43:43,142.0,182.0,139.0,0.0,0.0,0.0,0.0,0.0,0.0,0,0,0,
2026-09-30T19:43:45,142.0,182.0,138.0,0.0,0.0,0.0,0.0,0.0,0.0,0,0,0,
2026-09-30T19:43:47,142.0,182.0,138.0,0.0,0.0,0.0,0.0,0.0,0.0,0,0,0,
2026-09-30T19:43:49,142.0,182.0,138.0,0.0,0.0,0.0,0.0,0.0,0.0,0,0,0,
2026-09-30T19:43:51,142.0,182.0,138.0,0.0,0.0,0.0,0.0,0.0,0.0,0,0,0,
2026-09-30T19:43:53,142.0,182.0,138.0,0.0,0.0,0.0,0.0,0.0,0.0,0,0,0,
2026-09-30T19:43:55,142.0,182.0,138.0,0.0,0.0,0.0,0.0,0.0,0.0,0,0,0,
2026-09-30T19:43:57,142.0,181.0,138.0,0.0,0.0,0.0,0.0,0.0,0.0,0,0,0,
2026-09-30T19:43:59,142.0,181.0,138.0,0.0,0.0,0.0,0.0,0.0,0.0,0,0,0,
2026-09-30T19:44:01,142.0,181.0,138.0,0.0,0.0,0.0,0.0,0.0,0.0,0,0,0,
2026-09-30T19:44:03,142.0,181.0,138.0,0.0,0.0,0.0,0.0,0.0,0.0,0,0,0,
2026-09-30T19:44:05,142.0,181.0,138.0,0.0,0.0,0.0,0.0,0.0,0.0,0,0,0,
2026-09-30T19:44:07,142.0,181.0,138.0,0.0,0.0,0.0,0.0,0.0,0.0,0,0,0,
2026-09-30T19:44:09,142.0,181.0,138.0,0.0,0.0,0.0,0.0,0.0,0.0,0,0,0,
2026-09-30T19:44:11,142.0,181.0,138.0,0.0,0.0,0.0,0.0,0.0,0.0,0,0,0,
2026-09-30T19:44:13,142.0,181.0,138.0,0.0,0.0,0.0,0.0,0.0,0.0,0,0,0,
2026-09-30T19:44:15,142.0,181.0,138.0,0.0,0.0,0.0,0.0,0.0,0.0,0,0,0,
2026-09-30T19:44:17,142.0,181.0,138.0,0.0,0.0,0.0,0.0,0.0,0.0,0,0,0,
2026-09-30T19:44:19,142.0,181.0,138.0,0.0,0.0,0.0,0.0,0.0,0.0,0,0,0,
2026-09-30T19:44:21,142.0,181.0,138.0,0.0,0.0,0.0,0.0,0.0,0.0,0,0,0,
2026-09-30T19:44:23,141.0,181.0,137.0,0.0,0.0,0.0,0.0,0.0,0.0,0,0,0,
2026-09-30T19:44:25,141.0,181.0,137.0,0.0,0.0,0.0,0.0,0.0,0.0,0,0,0,
2026-09-30T19:44:27,141.0,181.0,137.0,0.0,0.0,0.0,0.0,0.0,0.0,0,0,0,
2026-09-30T19:44:29,141.0,181.0,137.0,0.0,0.0,0.0,0.0,0.0,0.0,0,0,0,
2026-09-30T19:44:31,141.0,181.0,137.0,0.0,0.0,0.0,0.0,0.0,0.0,0,0,0,
2026-09-30T19:44:33,141.0,181.0,137.0,0.0,0.0,0.0,0.0,0.0,0.0,0,0,0,
2026-09-30T19:44:35,141.0,181.0,137.0,0.0,0.0,0.0,0.0,0.0,0.0,0,0,0,
2026-09-30T19:44:37,141.0,180.0,137.0,0.0,0.0,0.0,0.0,0.0,0.0,0,0,0,
2026-09-30T19:44:39,141.0,180.0,137.0,0.0,0.0,0.0,0.0,0.0,0.0,0,0,0,
2026-09-30T19:44:41,141.0,180.0,137.0,0.0,0.0,0.0,0.0,0.0,0.0,0,0,0,
2026-09-30T19:44:43,141.0,180.0,137.0,0.0,0.0,0.0,0.0,0.0,0.0,0,0,0,
2026-09-30T19:44:45,141.0,180.0,137.0,0.0,0.0,0.0,0.0,0.0,0.0,0,0,0,
2026-09-30T19:44:47,141.0,180.0,137.0,0.0,0.0,0.0,0.0,0.0,0.0,0,0,0,
2026-09-30T19:44:49,141.0,180.0,137.0,0.0,0.0,0.0,0.0,0.0,0.0,0,0,0,
2026-09-30T19:44:51,141.0,180.0,137.0,0.0,0.0,0.0,0.0,0.0,0.0,0,0,0,
2026-09-30T19:44:53,141.0,180.0,137.0,0.0,0.0,0.0,0.0,0.0,0.0,0,0,0,
2026-09-30T19:44:55,141.0,180.0,137.0,0.0,0.0,0.0,0.0,0.0,0.0,0,0,0,
2026-09-30T19:44:57,141.0,180.0,137.0,0.0,0.0,0.0,0.0,0.0,0.0,0,0,0,
2026-09-30T19:44:59,141.0,180.0,137.0,0.0,0.0,0.0,0.0,0.0,0.0,0,0,0,
2026-09-30T19:45:01,141.0,180.0,137.0,0.0,0.0,0.0,0.0,0.0,0.0,0,0,0,
2026-09-30T19:45:03,141.0,180.0,136.0,0.0,0.0,0.0,0.0,0.0,0.0,0,0,0,
2026-09-30T19:45:05,141.0,180.0,136.0,0.0,0.0,0.0,0.0,0.0,0.0,0,0,0,
2026-09-30T19:45:07,140.0,180.0,136.0,0.0,0.0,0.0,0.0,0.0,0.0,0,0,0,
2026-09-30T19:45:09,140.0,180.0,136.0,0.0,0.0,0.0,0.0,0.0,0.0,0,0,0,
2026-09-30T19:45:12,140.0,180.0,136.0,0.0,0.0,0.0,0.0,0.0,0.0,0,0,0,
2026-09-30T19:45:13,140.0,180.0,136.0,0.0,0.0,0.0,0.0,0.0,0.0,0,0,0,
2026-09-30T19:45:15,140.0,180.0,136.0,0.0,0.0,0.0,0.0,0.0,0.0,0,0,0,
2026-09-30T19:45:17,140.0,179.0,136.0,0.0,0.0,0.0,0.0,0.0,0.0,0,0,0,
2026-09-30T19:45:20,140.0,179.0,136.0,0.0,0.0,0.0,0.0,0.0,0.0,0,0,0,
2026-09-30T19:45:22,140.0,179.0,136.0,0.0,0.0,0.0,0.0,0.0,0.0,0,0,0,
2026-09-30T19:45:24,140.0,179.0,136.0,0.0,0.0,0.0,0.0,0.0,0.0,0,0,0,
2026-09-30T19:45:26,140.0,179.0,136.0,0.0,0.0,0.0,0.0,0.0,0.0,0,0,0,
2026-09-30T19:45:28,140.0,179.0,136.0,0.0,0.0,0.0,0.0,0.0,0.0,0,0,0,
2026-09-30T19:45:30,140.0,179.0,136.0,0.0,0.0,0.0,0.0,0.0,0.0,0,0,0,
2026-09-30T19:45:32,140.0,179.0,136.0,0.0,0.0,0.0,0.0,0.0,0.0,0,0,0,
2026-09-30T19:45:34,140.0,179.0,136.0,0.0,0.0,0.0,0.0,0.0,0.0,0,0,0,
2026-09-30T19:45:36,140.0,179.0,136.0,0.0,0.0,0.0,0.0,0.0,0.0,0,0,0,
2026-09-30T19:45:38,140.0,179.0,136.0,0.0,0.0,0.0,0.0,0.0,0.0,0,0,0,
2026-09-30T19:45:40,140.0,179.0,136.0,0.0,0.0,0.0,0.0,0.0,0.0,0,0,0,
2026-09-30T19:45:42,140.0,179.0,136.0,0.0,0.0,0.0,0.0,0.0,0.0,0,0,0,
2026-09-30T19:45:44,140.0,179.0,135.0,0.0,0.0,0.0,0.0,0.0,0.0,0,0,0,
2026-09-30T19:45:46,140.0,179.0,135.0,0.0,0.0,0.0,0.0,0.0,0.0,0,0,0,
2026-09-30T19:45:48,140.0,179.0,135.0,0.0,0.0,0.0,0.0,0.0,0.0,0,0,0,
2026-09-30T19:45:50,140.0,179.0,135.0,0.0,0.0,0.0,0.0,0.0,0.0,0,0,0,
2026-09-30T19:45:52,140.0,179.0,135.0,0.0,0.0,0.0,0.0,0.0,0.0,0,0,0,
2026-09-30T19:45:54,139.0,179.0,135.0,0.0,0.0,0.0,0.0,0.0,0.0,0,0,0,
2026-09-30T19:45:56,139.0,179.0,135.0,0.0,0.0,0.0,0.0,0.0,0.0,0,0,0,
2026-09-30T19:45:58,139.0,178.0,135.0,0.0,0.0,0.0,0.0,0.0,0.0,0,0,0,
2026-09-30T19:46:00,139.0,178.0,135.0,0.0,0.0,0.0,0.0,0.0,0.0,0,0,0,
2026-09-30T19:46:02,139.0,178.0,135.0,0.0,0.0,0.0,0.0,0.0,0.0,0,0,0,
2026-09-30T19:46:04,139.0,178.0,135.0,0.0,0.0,0.0,0.0,0.0,0.0,0,0,0,
2026-09-30T19:46:06,139.0,178.0,135.0,0.0,0.0,0.0,0.0,0.0,0.0,0,0,0,
2026-09-30T19:46:08,139.0,178.0,135.0,0.0,0.0,0.0,0.0,0.0,0.0,0,0,0,
2026-09-30T19:46:10,139.0,178.0,135.0,0.0,0.0,0.0,0.0,0.0,0.0,0,0,0,
2026-09-30T19:46:12,139.0,178.0,135.0,0.0,0.0,0.0,0.0,0.0,0.0,0,0,0,
2026-09-30T19:46:14,139.0,178.0,135.0,0.0,0.0,0.0,0.0,0.0,0.0,0,0,0,
2026-09-30T19:46:16,139.0,178.0,135.0,0.0,0.0,0.0,0.0,0.0,0.0,0,0,0,
2026-09-30T19:46:18,139.0,178.0,135.0,0.0,0.0,0.0,0.0,0.0,0.0,0,0,0,
2026-09-30T19:46:20,139.0,178.0,135.0,0.0,0.0,0.0,0.0,0.0,0.0,0,0,0,
2026-09-30T19:46:22,139.0,178.0,135.0,0.0,0.0,0.0,0.0,0.0,0.0,0,0,0,
2026-09-30T19:46:24,139.0,178.0,135.0,0.0,0.0,0.0,0.0,0.0,0.0,0,0,0,
2026-09-30T19:46:26,139.0,178.0,135.0,0.0,0.0,0.0,0.0,0.0,0.0,0,0,0,
2026-09-30T19:46:28,139.0,178.0,135.0,0.0,0.0,0.0,0.0,0.0,0.0,0,0,0,
2026-09-30T19:46:30,139.0,178.0,134.0,0.0,0.0,0.0,0.0,0.0,0.0,0,0,0,
2026-09-30T19:46:32,139.0,178.0,134.0,0.0,0.0,0.0,0.0,0.0,0.0,0,0,0,
2026-09-30T19:46:34,139.0,178.0,134.0,0.0,0.0,0.0,0.0,0.0,0.0,0,0,0,
2026-09-30T19:46:36,139.0,178.0,134.0,0.0,0.0,0.0,0.0,0.0,0.0,0,0,0,
2026-09-30T19:46:38,139.0,177.0,134.0,0.0,0.0,0.0,0.0,0.0,0.0,0,0,0,
2026-09-30T19:46:40,139.0,177.0,134.0,0.0,0.0,0.0,0.0,0.0,0.0,0,0,0,
2026-09-30T19:46:42,138.0,177.0,134.0,0.0,0.0,0.0,0.0,0.0,0.0,0,0,0,
2026-09-30T19:46:44,138.0,177.0,134.0,0.0,0.0,0.0,0.0,0.0,0.0,0,0,0,
2026-09-30T19:46:46,138.0,177.0,134.0,0.0,0.0,0.0,0.0,0.0,0.0,0,0,0,
2026-09-30T19:46:48,138.0,177.0,134.0,0.0,0.0,0.0,0.0,0.0,0.0,0,0,0,
2026-09-30T19:46:50,138.0,177.0,134.0,0.0,0.0,0.0,0.0,0.0,0.0,0,0,0,
2026-09-30T19:46:52,138.0,177.0,134.0,0.0,0.0,0.0,0.0,0.0,0.0,0,0,0,
2026-09-30T19:46:54,138.0,177.0,134.0,0.0,0.0,0.0,0.0,0.0,0.0,0,0,0,
2026-09-30T19:46:56,138.0,177.0,134.0,0.0,0.0,0.0,0.0,0.0,0.0,0,0,0,
2026-09-30T19:46:58,138.0,177.0,134.0,0.0,0.0,0.0,0.0,0.0,0.0,0,0,0,
2026-09-30T19:47:00,138.0,177.0,134.0,0.0,0.0,0.0,0.0,0.0,0.0,0,0,0,
2026-09-30T19:47:02,138.0,177.0,134.0,0.0,0.0,0.0,0.0,0.0,0.0,0,0,0,
2026-09-30T19:47:04,138.0,177.0,134.0,0.0,0.0,0.0,0.0,0.0,0.0,0,0,0,
2026-09-30T19:47:06,138.0,177.0,134.0,0.0,0.0,0.0,0.0,0.0,0.0,0,0,0,
2026-09-30T19:47:08,138.0,177.0,134.0,0.0,0.0,0.0,0.0,0.0,0.0,0,0,0,
2026-09-30T19:47:10,138.0,177.0,134.0,0.0,0.0,0.0,0.0,0.0,0.0,0,0,0,
2026-09-30T19:47:12,138.0,177.0,134.0,0.0,0.0,0.0,0.0,0.0,0.0,0,0,0,
2026-09-30T19:47:14,138.0,177.0,133.0,0.0,0.0,0.0,0.0,0.0,0.0,0,0,0,
2026-09-30T19:47:16,138.0,177.0,133.0,0.0,0.0,0.0,0.0,0.0,0.0,0,0,0,
2026-09-30T19:47:18,138.0,177.0,133.0,0.0,0.0,0.0,0.0,0.0,0.0,0,0,0,
2026-09-30T19:47:20,138.0,176.0,133.0,0.0,0.0,0.0,0.0,0.0,0.0,0,0,0,
2026-09-30T19:47:22,138.0,176.0,133.0,0.0,0.0,0.0,0.0,0.0,0.0,0,0,0,
2026-09-30T19:47:24,138.0,176.0,133.0,0.0,0.0,0.0,0.0,0.0,0.0,0,0,0,
2026-09-30T19:47:26,138.0,176.0,133.0,0.0,0.0,0.0,0.0,0.0,0.0,0,0,0,
2026-09-30T19:47:28,138.0,176.0,133.0,0.0,0.0,0.0,0.0,0.0,0.0,0,0,0,
2026-09-30T19:47:30,138.0,176.0,133.0,0.0,0.0,0.0,0.0,0.0,0.0,0,0,0,
2026-09-30T19:47:32,138.0,176.0,133.0,0.0,0.0,0.0,0.0,0.0,0.0,0,0,0,
2026-09-30T19:47:34,137.0,176.0,133.0,0.0,0.0,0.0,0.0,0.0,0.0,0,0,0,
2026-09-30T19:47:36,137.0,176.0,133.0,0.0,0.0,0.0,0.0,0.0,0.0,0,0,0,
2026-09-30T19:47:39,137.0,176.0,133.0,0.0,0.0,0.0,0.0,0.0,0.0,0,0,0,
2026-09-30T19:47:41,137.0,176.0,133.0,0.0,0.0,0.0,0.0,0.0,0.0,0,0,0,
2026-09-30T19:47:42,137.0,176.0,133.0,0.0,0.0,0.0,0.0,0.0,0.0,0,0,0,
2026-09-30T19:47:44,137.0,176.0,133.0,0.0,0.0,0.0,0.0,0.0,0.0,0,0,0,
2026-09-30T19:47:46,137.0,176.0,133.0,0.0,0.0,0.0,0.0,0.0,0.0,0,0,0,
2026-09-30T19:47:48,137.0,176.0,133.0,0.0,0.0,0.0,0.0,0.0,0.0,0,0,0,
2026-09-30T19:47:51,137.0,176.0,133.0,0.0,0.0,0.0,0.0,0.0,0.0,0,0,0,
2026-09-30T19:47:53,137.0,176.0,133.0,0.0,0.0,0.0,0.0,0.0,0.0,0,0,0,
2026-09-30T19:47:55,137.0,176.0,133.0,0.0,0.0,0.0,0.0,0.0,0.0,0,0,0,
2026-09-30T19:47:57,137.0,176.0,133.0,0.0,0.0,0.0,0.0,0.0,0.0,0,0,0,
2026-09-30T19:47:59,137.0,176.0,132.0,0.0,0.0,0.0,0.0,0.0,0.0,0,0,0,
2026-09-30T19:48:01,137.0,175.0,132.0,0.0,0.0,0.0,0.0,0.0,0.0,0,0,0,
2026-09-30T19:48:03,137.0,176.0,132.0,0.0,0.0,0.0,0.0,0.0,0.0,0,0,0,
2026-09-30T19:48:05,137.0,175.0,132.0,0.0,0.0,0.0,0.0,0.0,0.0,0,0,0,
2026-09-30T19:48:07,137.0,175.0,132.0,0.0,0.0,0.0,0.0,0.0,0.0,0,0,0,
2026-09-30T19:48:09,137.0,175.0,132.0,0.0,0.0,0.0,0.0,0.0,0.0,0,0,0,
2026-09-30T19:48:11,137.0,175.0,132.0,0.0,0.0,0.0,0.0,0.0,0.0,0,0,0,
2026-09-30T19:48:13,137.0,175.0,132.0,0.0,0.0,0.0,0.0,0.0,0.0,0,0,0,
2026-09-30T19:48:15,137.0,175.0,132.0,0.0,0.0,0.0,0.0,0.0,0.0,0,0,0,
2026-09-30T19:48:17,137.0,175.0,132.0,0.0,0.0,0.0,0.0,0.0,0.0,0,0,0,
2026-09-30T19:48:19,137.0,175.0,132.0,0.0,0.0,0.0,0.0,0.0,0.0,0,0,0,
2026-09-30T19:48:21,137.0,175.0,132.0,0.0,0.0,0.0,0.0,0.0,0.0,0,0,0,
2026-09-30T19:48:23,136.0,175.0,132.0,0.0,0.0,0.0,0.0,0.0,0.0,0,0,0,
2026-09-30T19:48:25,136.0,175.0,132.0,0.0,0.0,0.0,0.0,0.0,0.0,0,0,0,
2026-09-30T19:48:27,136.0,175.0,132.0,0.0,0.0,0.0,0.0,0.0,0.0,0,0,0,
2026-09-30T19:48:29,136.0,175.0,132.0,0.0,0.0,0.0,0.0,0.0,0.0,0,0,0,
2026-09-30T19:48:31,136.0,175.0,132.0,0.0,0.0,0.0,0.0,0.0,0.0,0,0,0,
2026-09-30T19:48:33,136.0,175.0,132.0,0.0,0.0,0.0,0.0,0.0,0.0,0,0,0,
2026-09-30T19:48:35,136.0,175.0,132.0,0.0,0.0,0.0,0.0,0.0,0.0,0,0,0,
2026-09-30T19:48:37,136.0,175.0,132.0,0.0,0.0,0.0,0.0,0.0,0.0,0,0,0,
2026-09-30T19:48:39,136.0,175.0,132.0,0.0,0.0,0.0,0.0,0.0,0.0,0,0,0,
2026-09-30T19:48:41,136.0,175.0,131.0,0.0,0.0,0.0,0.0,0.0,0.0,0,0,0,
2026-09-30T19:48:43,136.0,174.0,131.0,0.0,0.0,0.0,0.0,0.0,0.0,0,0,0,
2026-09-30T19:48:45,136.0,174.0,131.0,0.0,0.0,0.0,0.0,0.0,0.0,0,0,0,
2026-09-30T19:48:47,136.0,174.0,131.0,0.0,0.0,0.0,0.0,0.0,0.0,0,0,0,
2026-09-30T19:48:49,136.0,174.0,131.0,0.0,0.0,0.0,0.0,0.0,0.0,0,0,0,
2026-09-30T19:48:51,136.0,174.0,131.0,0.0,0.0,0.0,0.0,0.0,0.0,0,0,0,
2026-09-30T19:48:53,136.0,174.0,131.0,0.0,0.0,0.0,0.0,0.0,0.0,0,0,0,
2026-09-30T19:48:55,136.0,174.0,131.0,0.0,0.0,0.0,0.0,0.0,0.0,0,0,0,
2026-09-30T19:48:57,136.0,174.0,131.0,0.0,0.0,0.0,0.0,0.0,0.0,0,0,0,
2026-09-30T19:48:59,136.0,174.0,131.0,0.0,0.0,0.0,0.0,0.0,0.0,0,0,0,
2026-09-30T19:49:01,136.0,174.0,131.0,0.0,0.0,0.0,0.0,0.0,0.0,0,0,0,
2026-09-30T19:49:03,136.0,174.0,131.0,0.0,0.0,0.0,0.0,0.0,0.0,0,0,0,
2026-09-30T19:49:05,136.0,174.0,131.0,0.0,0.0,0.0,0.0,0.0,0.0,0,0,0,
2026-09-30T19:49:07,136.0,174.0,131.0,0.0,0.0,0.0,0.0,0.0,0.0,0,0,0,
2026-09-30T19:49:09,136.0,174.0,131.0,0.0,0.0,0.0,0.0,0.0,0.0,0,0,0,
2026-09-30T19:49:11,136.0,174.0,131.0,0.0,0.0,0.0,0.0,0.0,0.0,0,0,0,
2026-09-30T19:49:13,136.0,174.0,131.0,0.0,0.0,0.0,0.0,0.0,0.0,0,0,0,
2026-09-30T19:49:15,135.0,174.0,131.0,0.0,0.0,0.0,0.0,0.0,0.0,0,0,0,
2026-09-30T19:49:17,135.0,174.0,131.0,0.0,0.0,0.0,0.0,0.0,0.0,0,0,0,
2026-09-30T19:49:19,135.0,174.0,131.0,0.0,0.0,0.0,0.0,0.0,0.0,0,0,0,
2026-09-30T19:49:21,135.0,174.0,131.0,0.0,0.0,0.0,0.0,0.0,0.0,0,0,0,
2026-09-30T19:49:23,135.0,174.0,131.0,0.0,0.0,0.0,0.0,0.0,0.0,0,0,0,
2026-09-30T19:49:25,135.0,174.0,131.0,0.0,0.0,0.0,0.0,0.0,0.0,0,0,0,
2026-09-30T19:49:27,135.0,173.0,131.0,0.0,0.0,0.0,0.0,0.0,0.0,0,0,0,
2026-09-30T19:49:29,135.0,173.0,131.0,0.0,0.0,0.0,0.0,0.0,0.0,0,0,0,
2026-09-30T19:49:31,135.0,173.0,130.0,0.0,0.0,0.0,0.0,0.0,0.0,0,0,0,
2026-09-30T19:49:33,135.0,173.0,130.0,0.0,0.0,0.0,0.0,0.0,0.0,0,0,0,
2026-09-30T19:49:35,135.0,173.0,130.0,0.0,0.0,0.0,0.0,0.0,0.0,0,0,0,
2026-09-30T19:49:37,135.0,173.0,130.0,0.0,0.0,0.0,0.0,0.0,0.0,0,0,0,
2026-09-30T19:49:39,135.0,173.0,130.0,0.0,0.0,0.0,0.0,0.0,0.0,0,0,0,
2026-09-30T19:49:41,135.0,173.0,130.0,0.0,0.0,0.0,0.0,0.0,0.0,0,0,0,
2026-09-30T19:49:43,135.0,173.0,130.0,0.0,0.0,0.0,0.0,0.0,0.0,0,0,0,
2026-09-30T19:49:45,135.0,173.0,130.0,0.0,0.0,0.0,0.0,0.0,0.0,0,0,0,
2026-09-30T19:49:47,135.0,173.0,130.0,0.0,0.0,0.0,0.0,0.0,0.0,0,0,0,
2026-09-30T19:49:49,135.0,173.0,130.0,0.0,0.0,0.0,0.0,0.0,0.0,0,0,0,
2026-09-30T19:49:51,135.0,173.0,130.0,0.0,0.0,0.0,0.0,0.0,0.0,0,0,0,
2026-09-30T19:49:53,135.0,173.0,130.0,0.0,0.0,0.0,0.0,0.0,0.0,0,0,0,
2026-09-30T19:49:55,135.0,173.0,130.0,0.0,0.0,0.0,0.0,0.0,0.0,0,0,0,
2026-09-30T19:49:57,135.0,173.0,130.0,0.0,0.0,0.0,0.0,0.0,0.0,0,0,0,
2026-09-30T19:49:59,135.0,173.0,130.0,0.0,0.0,0.0,0.0,0.0,0.0,0,0,0,
2026-09-30T19:50:01,135.0,173.0,130.0,0.0,0.0,0.0,0.0,0.0,0.0,0,0,0,
2026-09-30T19:50:03,135.0,173.0,130.0,0.0,0.0,0.0,0.0,0.0,0.0,0,0,0,
2026-09-30T19:50:05,135.0,173.0,130.0,0.0,0.0,0.0,0.0,0.0,0.0,0,0,0,
2026-09-30T19:50:07,135.0,173.0,130.0,0.0,0.0,0.0,0.0,0.0,0.0,0,0,0,
2026-09-30T19:50:09,134.0,173.0,130.0,0.0,0.0,0.0,0.0,0.0,0.0,0,0,0,
2026-09-30T19:50:11,134.0,172.0,130.0,0.0,0.0,0.0,0.0,0.0,0.0,0,0,0,
2026-09-30T19:50:13,134.0,172.0,130.0,0.0,0.0,0.0,0.0,0.0,0.0,0,0,0,
2026-09-30T19:50:15,134.0,172.0,130.0,0.0,0.0,0.0,0.0,0.0,0.0,0,0,0,
2026-09-30T19:50:17,134.0,172.0,130.0,0.0,0.0,0.0,0.0,0.0,0.0,0,0,0,
2026-09-30T19:50:19,134.0,172.0,130.0,0.0,0.0,0.0,0.0,0.0,0.0,0,0,0,
2026-09-30T19:50:21,134.0,172.0,129.0,0.0,0.0,0.0,0.0,0.0,0.0,0,0,0,
2026-09-30T19:50:23,134.0,172.0,129.0,0.0,0.0,0.0,0.0,0.0,0.0,0,0,0,
2026-09-30T19:50:25,134.0,172.0,129.0,0.0,0.0,0.0,0.0,0.0,0.0,0,0,0,
2026-09-30T19:50:27,134.0,172.0,129.0,0.0,0.0,0.0,0.0,0.0,0.0,0,0,0,
2026-09-30T19:50:29,134.0,172.0,129.0,0.0,0.0,0.0,0.0,0.0,0.0,0,0,0,
2026-09-30T19:50:31,134.0,172.0,129.0,0.0,0.0,0.0,0.0,0.0,0.0,0,0,0,
2026-09-30T19:50:33,134.0,172.0,129.0,0.0,0.0,0.0,0.0,0.0,0.0,0,0,0,
2026-09-30T19:50:35,134.0,172.0,129.0,0.0,0.0,0.0,0.0,0.0,0.0,0,0,0,
2026-09-30T19:50:37,134.0,172.0,129.0,0.0,0.0,0.0,0.0,0.0,0.0,0,0,0,
2026-09-30T19:50:40,134.0,172.0,129.0,0.0,0.0,0.0,0.0,0.0,0.0,0,0,0,
2026-09-30T19:50:42,134.0,172.0,129.0,0.0,0.0,0.0,0.0,0.0,0.0,0,0,0,
2026-09-30T19:50:44,134.0,172.0,129.0,0.0,0.0,0.0,0.0,0.0,0.0,0,0,0,
2026-09-30T19:50:46,134.0,172.0,129.0,0.0,0.0,0.0,0.0,0.0,0.0,0,0,0,
2026-09-30T19:50:48,134.0,172.0,129.0,0.0,0.0,0.0,0.0,0.0,0.0,0,0,0,
2026-09-30T19:50:50,134.0,169.0,126.0,0.0,0.0,0.0,0.0,0.0,0.0,0,0,0,
2026-09-30T19:50:52,133.0,161.0,117.0,0.0,0.0,0.0,0.0,0.0,0.0,0,0,0,
2026-09-30T19:50:54,131.0,153.0,109.0,0.0,0.0,0.0,0.0,0.0,0.0,0,0,0,
2026-09-30T19:50:56,129.0,146.0,101.0,0.0,0.0,0.0,0.0,0.0,0.0,0,0,0,
2026-09-30T19:50:58,128.0,140.0,95.0,0.0,0.0,0.0,0.0,0.0,0.0,0,0,0,
2026-09-30T19:51:00,127.0,134.0,90.0,0.0,0.0,0.0,0.0,0.0,0.0,0,0,0,
2026-09-30T19:51:02,125.0,129.0,86.0,0.0,0.0,0.0,0.0,0.0,0.0,0,0,0,
2026-09-30T19:51:04,124.0,124.0,83.0,0.0,0.0,0.0,0.0,0.0,0.0,0,0,0,
2026-09-30T19:51:06,123.0,119.0,80.0,0.0,0.0,0.0,0.0,0.0,0.0,0,0,0,
2026-09-30T19:51:08,122.0,115.0,78.0,0.0,0.0,0.0,0.0,0.0,0.0,0,0,0,
2026-09-30T19:51:10,121.0,111.0,75.0,0.0,0.0,0.0,0.0,0.0,0.0,0,0,0,
2026-09-30T19:51:12,120.0,106.0,73.0,0.0,0.0,0.0,0.0,0.0,0.0,0,0,0,
2026-09-30T19:51:14,118.0,102.0,71.0,0.0,0.0,0.0,0.0,0.0,0.0,0,0,0,
2026-09-30T19:51:16,118.0,99.0,70.0,0.0,0.0,0.0,0.0,0.0,0.0,0,0,0,
2026-09-30T19:51:18,117.0,96.0,68.0,0.0,0.0,0.0,0.0,0.0,0.0,0,0,0,
2026-09-30T19:51:20,116.0,92.0,67.0,0.0,0.0,0.0,0.0,0.0,0.0,0,0,0,
2026-09-30T19:51:22,115.0,90.0,66.0,0.0,0.0,0.0,0.0,0.0,0.0,0,0,0,
2026-09-30T19:51:24,114.0,87.0,64.0,0.0,0.0,0.0,0.0,0.0,0.0,0,0,0,
2026-09-30T19:51:26,113.0,84.0,63.0,0.0,0.0,0.0,0.0,0.0,0.0,0,0,0,
2026-09-30T19:51:28,112.0,82.0,62.0,0.0,0.0,0.0,0.0,0.0,0.0,0,0,0,
2026-09-30T19:51:30,111.0,79.0,61.0,0.0,0.0,0.0,0.0,0.0,0.0,0,0,0,
2026-09-30T19:51:32,110.0,77.0,60.0,0.0,0.0,0.0,0.0,0.0,0.0,0,0,0,
2026-09-30T19:51:34,109.0,75.0,59.0,0.0,0.0,0.0,0.0,0.0,0.0,0,0,0,
2026-09-30T19:51:36,109.0,73.0,59.0,0.0,0.0,0.0,0.0,0.0,0.0,0,0,0,
2026-09-30T19:51:38,108.0,71.0,58.0,0.0,0.0,0.0,0.0,0.0,0.0,0,0,0,
2026-09-30T19:51:40,107.0,69.0,57.0,0.0,0.0,0.0,0.0,0.0,0.0,0,0,0,
2026-09-30T19:51:42,106.0,67.0,56.0,0.0,0.0,0.0,0.0,0.0,0.0,0,0,0,
2026-09-30T19:51:44,105.0,66.0,56.0,0.0,0.0,0.0,0.0,0.0,0.0,0,0,0,
2026-09-30T19:51:46,105.0,64.0,55.0,0.0,0.0,0.0,0.0,1.2,0.0,0,0,0,
2026-09-30T19:51:48,104.0,63.0,54.0,0.0,0.0,0.0,0.0,3.5,0.0,0,0,0,
2026-09-30T19:51:50,103.0,61.0,54.0,0.0,0.0,0.0,0.0,5.6,0.0,0,0,0,
2026-09-30T19:51:52,102.0,60.0,53.0,0.0,0.0,0.0,0.0,7.5,0.0,0,0,0,
2026-09-30T19:51:54,102.0,59.0,53.0,0.0,0.0,0.0,0.0,9.6,0.0,0,0,0,
2026-09-30T19:51:56,101.0,58.0,52.0,0.0,0.0,0.0,0.0,11.2,0.0,0,0,0,
2026-09-30T19:51:58,100.0,57.0,51.0,0.0,0.0,0.0,0.0,12.9,0.0,0,0,0,
2026-09-30T19:52:00,100.0,55.0,51.0,0.0,0.0,0.0,0.0,14.7,0.0,0,0,0,
2026-09-30T19:52:02,99.0,55.0,50.0,0.0,0.0,0.0,0.0,16.0,0.0,0,0,0,
2026-09-30T19:52:04,98.0,54.0,50.0,0.0,0.0,0.0,0.0,17.7,0.0,0,0,0,
2026-09-30T19:52:06,98.0,53.0,50.0,0.0,0.0,0.0,0.0,11.1,0.0,0,0,0,
2026-09-30T19:52:08,97.0,52.0,49.0,0.0,0.0,0.0,0.0,16.4,0.0,0,0,0,
2026-09-30T19:52:10,96.0,51.0,49.0,0.0,0.0,0.0,0.0,12.6,0.0,0,0,0,
2026-09-30T19:52:12,96.0,50.0,48.0,0.0,0.0,0.0,0.0,8.9,0.0,0,0,0,
2026-09-30T19:52:14,95.0,49.0,48.0,0.0,0.0,0.0,0.0,10.4,0.0,0,0,0,
2026-09-30T19:52:16,94.0,49.0,48.0,0.0,0.0,0.0,0.0,7.3,0.0,0,0,0,
2026-09-30T19:52:18,94.0,48.0,47.0,0.0,0.0,0.0,0.0,3.3,0.0,0,0,0,
2026-09-30T19:52:20,93.0,47.0,47.0,0.0,0.0,0.0,0.0,0.0,0.0,0,0,0,
2026-09-30T19:52:22,93.0,47.0,46.0,0.0,0.0,0.0,0.0,0.0,0.0,0,0,0,
2026-09-30T19:52:24,92.0,46.0,46.0,0.0,0.0,0.0,0.0,0.0,0.0,0,0,0,
2026-09-30T19:52:26,92.0,46.0,46.0,0.0,0.0,0.0,0.0,0.0,0.0,0,0,0,
2026-09-30T19:52:28,91.0,45.0,45.0,0.0,0.0,0.0,0.0,0.0,0.0,0,0,0,
2026-09-30T19:52:30,90.0,44.0,45.0,0.0,0.0,0.0,0.0,0.0,0.0,0,0,0,
2026-09-30T19:52:32,90.0,44.0,45.0,0.0,0.0,0.0,0.0,0.0,0.0,0,0,0,
2026-09-30T19:52:34,89.0,43.0,45.0,0.0,0.0,0.0,0.0,0.0,0.0,0,0,0,
2026-09-30T19:52:36,89.0,43.0,44.0,0.0,0.0,0.0,0.0,0.0,0.0,0,0,0,
2026-09-30T19:52:38,88.0,42.0,44.0,0.0,0.0,0.0,0.0,0.0,0.0,0,0,0,
2026-09-30T19:52:40,88.0,42.0,44.0,0.0,0.0,0.0,0.0,0.0,0.0,0,0,0,
2026-09-30T19:52:42,87.0,41.0,43.0,0.0,0.0,0.0,0.0,0.0,0.0,0,0,0,
2026-09-30T19:52:44,87.0,41.0,43.0,0.0,0.0,0.0,0.0,0.0,0.0,0,0,0,
2026-09-30T19:52:46,86.0,41.0,43.0,0.0,0.0,0.0,0.0,0.0,0.0,0,0,0,
2026-09-30T19:52:48,86.0,40.0,43.0,0.0,0.0,0.0,0.0,0.0,0.0,0,0,0,
2026-09-30T19:52:50,85.0,40.0,42.0,0.0,0.0,0.0,0.0,0.0,0.0,0,0,0,
2026-09-30T19:52:52,85.0,40.0,42.0,0.0,0.0,0.0,0.0,0.0,0.0,0,0,0,
2026-09-30T19:52:54,84.0,39.0,42.0,0.0,0.0,0.0,0.0,0.0,0.0,0,0,0,
2026-09-30T19:52:56,84.0,39.0,42.0,0.0,0.0,0.0,0.0,0.0,0.0,0,0,0,
2026-09-30T19:52:58,83.0,38.0,41.0,0.0,0.0,0.0,0.0,0.0,0.0,0,0,0,
2026-09-30T19:53:00,83.0,38.0,41.0,0.0,0.0,0.0,0.0,0.0,0.0,0,0,0,
2026-09-30T19:53:02,82.0,38.0,41.0,0.0,0.0,0.0,0.0,0.0,0.0,0,0,0,
2026-09-30T19:53:04,82.0,37.0,41.0,0.0,0.0,0.0,0.0,0.0,0.0,0,0,0,
2026-09-30T19:53:06,81.0,37.0,41.0,0.0,0.0,0.0,0.0,0.0,0.0,0,0,0,
2026-09-30T19:53:08,81.0,37.0,40.0,0.0,0.0,0.0,0.0,0.0,0.0,0,0,0,
2026-09-30T19:53:10,81.0,37.0,40.0,0.0,0.0,0.0,0.0,0.0,0.0,0,0,0,
2026-09-30T19:53:12,80.0,36.0,40.0,0.0,0.0,0.0,0.0,0.0,0.0,0,0,0,
2026-09-30T19:53:14,80.0,36.0,40.0,0.0,0.0,0.0,0.0,0.0,0.0,0,0,0,
2026-09-30T19:53:16,79.0,36.0,40.0,0.0,0.0,0.0,0.0,0.0,0.0,0,0,0,
2026-09-30T19:53:18,79.0,36.0,40.0,0.0,0.0,0.0,0.0,0.0,0.0,0,0,0,
2026-09-30T19:53:20,78.0,35.0,39.0,0.0,0.0,0.0,0.0,0.0,0.0,0,0,0,
2026-09-30T19:53:22,78.0,35.0,39.0,0.0,0.0,0.0,0.0,0.0,0.0,0,0,0,
2026-09-30T19:53:24,78.0,35.0,39.0,0.0,0.0,0.0,0.0,0.0,0.0,0,0,0,
2026-09-30T19:53:26,77.0,35.0,39.0,0.0,0.0,0.0,0.0,0.0,0.0,0,0,0,
2026-09-30T19:53:28,77.0,35.0,39.0,0.0,0.0,0.0,0.0,0.0,0.0,0,0,0,
2026-09-30T19:53:30,76.0,34.0,39.0,0.0,0.0,0.0,0.0,0.0,0.0,0,0,0,
2026-09-30T19:53:32,76.0,34.0,38.0,0.0,0.0,0.0,0.0,0.0,0.0,0,0,0,
2026-09-30T19:53:34,75.0,34.0,38.0,0.0,0.0,0.0,0.0,0.0,0.0,0,0,0,
2026-09-30T19:53:36,75.0,34.0,38.0,0.0,0.0,0.0,0.0,0.0,0.0,0,0,0,
2026-09-30T19:53:38,75.0,34.0,38.0,0.0,0.0,0.0,0.0,0.0,0.0,0,0,0,
2026-09-30T19:53:40,74.0,34.0,38.0,0.0,0.0,0.0,0.0,0.0,0.0,0,0,0,
2026-09-30T19:53:42,74.0,33.0,38.0,0.0,0.0,0.0,0.0,0.0,0.0,0,0,0,
2026-09-30T19:53:44,74.0,33.0,38.0,0.0,0.0,0.0,0.0,0.0,0.0,0,0,0,
2026-09-30T19:53:46,73.0,33.0,37.0,0.0,0.0,0.0,0.0,0.0,0.0,0,0,0,
2026-09-30T19:53:48,73.0,33.0,37.0,0.0,0.0,0.0,0.0,0.0,0.0,0,0,0,
2026-09-30T19:53:50,72.0,33.0,37.0,0.0,0.0,0.0,0.0,0.0,0.0,0,0,0,
2026-09-30T19:53:52,72.0,33.0,37.0,0.0,0.0,0.0,0.0,0.0,0.0,0,0,0,
2026-09-30T19:53:54,72.0,32.0,37.0,0.0,0.0,0.0,0.0,0.0,0.0,0,0,0,
2026-09-30T19:53:56,71.0,32.0,37.0,0.0,0.0,0.0,0.0,0.0,0.0,0,0,0,
2026-09-30T19:53:58,71.0,32.0,37.0,0.0,0.0,0.0,0.0,0.0,0.0,0,0,0,
2026-09-30T19:54:00,71.0,32.0,36.0,0.0,0.0,0.0,0.0,0.0,0.0,0,0,0,
2026-09-30T19:54:02,70.0,32.0,36.0,0.0,0.0,0.0,0.0,0.0,0.0,0,0,0,
2026-09-30T19:54:04,70.0,32.0,36.0,0.0,0.0,0.0,0.0,0.0,0.0,0,0,0,
2026-09-30T19:54:06,70.0,32.0,36.0,0.0,0.0,0.0,0.0,0.0,0.0,0,0,0,
2026-09-30T19:54:08,69.0,32.0,36.0,0.0,0.0,0.0,0.0,0.0,0.0,0,0,0,
2026-09-30T19:54:10,69.0,31.0,36.0,0.0,0.0,0.0,0.0,0.0,0.0,0,0,0,
2026-09-30T19:54:12,69.0,31.0,36.0,0.0,0.0,0.0,0.0,0.0,0.0,0,0,0,
2026-09-30T19:54:14,68.0,31.0,36.0,0.0,0.0,0.0,0.0,0.0,0.0,0,0,0,
2026-09-30T19:54:16,68.0,31.0,36.0,0.0,0.0,0.0,0.0,0.0,0.0,0,0,0,
2026-09-30T19:54:18,68.0,31.0,35.0,0.0,0.0,0.0,0.0,0.0,0.0,0,0,0,
2026-09-30T19:54:20,67.0,31.0,35.0,0.0,0.0,0.0,0.0,0.0,0.0,0,0,0,
2026-09-30T19:54:22,67.0,31.0,35.0,0.0,0.0,0.0,0.0,0.0,0.0,0,0,0,
2026-09-30T19:54:24,67.0,31.0,35.0,0.0,0.0,0.0,0.0,0.0,0.0,0,0,0,
2026-09-30T19:54:26,67.0,31.0,35.0,0.0,0.0,0.0,0.0,0.0,0.0,0,0,0,
2026-09-30T19:54:28,66.0,30.0,35.0,0.0,0.0,0.0,0.0,0.0,0.0,0,0,0,
2026-09-30T19:54:30,66.0,30.0,35.0,0.0,0.0,0.0,0.0,0.0,0.0,0,0,0,
2026-09-30T19:54:32,66.0,30.0,35.0,0.0,0.0,0.0,0.0,0.0,0.0,0,0,0,
2026-09-30T19:54:34,65.0,30.0,35.0,0.0,0.0,0.0,0.0,0.0,0.0,0,0,0,
2026-09-30T19:54:36,65.0,30.0,35.0,0.0,0.0,0.0,0.0,0.0,0.0,0,0,0,
2026-09-30T19:54:38,65.0,30.0,35.0,0.0,0.0,0.0,0.0,0.0,0.0,0,0,0,
2026-09-30T19:54:40,65.0,30.0,34.0,0.0,0.0,0.0,0.0,0.0,0.0,0,0,0,
2026-09-30T19:54:42,64.0,30.0,34.0,0.0,0.0,0.0,0.0,0.0,0.0,0,0,0,
2026-09-30T19:54:44,64.0,30.0,34.0,0.0,0.0,0.0,0.0,0.0,0.0,0,0,0,
2026-09-30T19:54:46,64.0,30.0,34.0,0.0,0.0,0.0,0.0,0.0,0.0,0,0,0,
2026-09-30T19:54:48,63.0,30.0,34.0,0.0,0.0,0.0,0.0,0.0,0.0,0,0,0,
2026-09-30T19:54:50,63.0,30.0,34.0,0.0,0.0,0.0,0.0,0.0,0.0,0,0,0,
2026-09-30T19:54:53,63.0,30.0,34.0,0.0,0.0,0.0,0.0,0.0,0.0,0,0,0,
2026-09-30T19:54:55,63.0,29.0,34.0,0.0,0.0,0.0,0.0,0.0,0.0,0,0,0,
2026-09-30T19:54:57,62.0,29.0,34.0,0.0,0.0,0.0,0.0,0.0,0.0,0,0,0,
2026-09-30T19:54:59,62.0,29.0,34.0,0.0,0.0,0.0,0.0,0.0,0.0,0,0,0,
2026-09-30T19:55:01,62.0,29.0,34.0,0.0,0.0,0.0,0.0,0.0,0.0,0,0,0,
2026-09-30T19:55:03,62.0,29.0,34.0,0.0,0.0,0.0,0.0,0.0,0.0,0,0,0,
2026-09-30T19:55:05,61.0,29.0,33.0,0.0,0.0,0.0,0.0,0.0,0.0,0,0,0,
2026-09-30T19:55:07,61.0,29.0,33.0,0.0,0.0,0.0,0.0,0.0,0.0,0,0,0,
2026-09-30T19:55:09,61.0,29.0,33.0,0.0,0.0,0.0,0.0,0.0,0.0,0,0,0,
2026-09-30T19:55:11,61.0,29.0,33.0,0.0,0.0,0.0,0.0,0.0,0.0,0,0,0,
2026-09-30T19:55:13,60.0,29.0,33.0,0.0,0.0,0.0,0.0,0.0,0.0,0,0,0,
2026-09-30T19:55:15,60.0,29.0,33.0,0.0,0.0,0.0,0.0,0.0,0.0,0,0,0,
2026-09-30T19:55:17,60.0,29.0,33.0,0.0,0.0,0.0,0.0,0.0,0.0,0,0,0,
2026-09-30T19:55:19,60.0,29.0,33.0,0.0,0.0,0.0,0.0,0.0,0.0,0,0,0,
2026-09-30T19:55:21,60.0,29.0,33.0,0.0,0.0,0.0,0.0,0.0,0.0,0,0,0,
2026-09-30T19:55:23,59.0,29.0,33.0,0.0,0.0,0.0,0.0,0.0,0.0,0,0,0,
2026-09-30T19:55:25,59.0,28.0,33.0,0.0,0.0,0.0,0.0,0.0,0.0,0,0,0,
2026-09-30T19:55:27,59.0,28.0,33.0,0.0,0.0,0.0,0.0,0.0,0.0,0,0,0,
2026-09-30T19:55:29,59.0,28.0,33.0,0.0,0.0,0.0,0.0,0.0,0.0,0,0,0,
2026-09-30T19:55:31,58.0,28.0,33.0,0.0,0.0,0.0,0.0,0.0,0.0,0,0,0,
2026-09-30T19:55:33,58.0,28.0,33.0,0.0,0.0,0.0,0.0,0.0,0.0,0,0,0,
2026-09-30T19:55:35,58.0,28.0,32.0,0.0,0.0,0.0,0.0,0.0,0.0,0,0,0,
2026-09-30T19:55:37,58.0,28.0,32.0,0.0,0.0,0.0,0.0,0.0,0.0,0,0,0,
2026-09-30T19:55:39,58.0,28.0,32.0,0.0,0.0,0.0,0.0,0.0,0.0,0,0,0,
2026-09-30T19:55:41,57.0,28.0,32.0,0.0,0.0,0.0,0.0,0.0,0.0,0,0,0,
2026-09-30T19:55:43,57.0,28.0,32.0,0.0,0.0,0.0,0.0,0.0,0.0,0,0,0,
2026-09-30T19:55:45,57.0,28.0,32.0,0.0,0.0,0.0,0.0,0.0,0.0,0,0,0,
2026-09-30T19:55:47,57.0,28.0,32.0,0.0,0.0,0.0,0.0,0.0,0.0,0,0,0,
2026-09-30T19:55:49,57.0,28.0,32.0,0.0,0.0,0.0,0.0,0.0,0.0,0,0,0,
2026-09-30T19:55:51,56.0,28.0,32.0,0.0,0.0,0.0,0.0,0.0,0.0,0,0,0,
2026-09-30T19:55:53,56.0,28.0,32.0,0.0,0.0,0.0,0.0,0.0,0.0,0,0,0,
2026-09-30T19:55:55,56.0,28.0,32.0,0.0,0.0,0.0,0.0,0.0,0.0,0,0,0,
2026-09-30T19:55:57,56.0,28.0,32.0,0.0,0.0,0.0,0.0,0.0,0.0,0,0,0,
2026-09-30T19:55:59,56.0,28.0,32.0,0.0,0.0,0.0,0.0,0.0,0.0,0,0,0,
2026-09-30T19:56:01,56.0,28.0,32.0,0.0,0.0,0.0,0.0,0.0,0.0,0,0,0,
2026-09-30T19:56:03,55.0,28.0,32.0,0.0,0.0,0.0,0.0,0.0,0.0,0,0,0,
2026-09-30T19:56:05,55.0,28.0,32.0,0.0,0.0,0.0,0.0,0.0,0.0,0,0,0,
2026-09-30T19:56:07,55.0,28.0,32.0,0.0,0.0,0.0,0.0,0.0,0.0,0,0,0,
2026-09-30T19:56:09,55.0,28.0,32.0,0.0,0.0,0.0,0.0,0.0,0.0,0,0,0,
2026-09-30T19:56:11,55.0,28.0,31.0,0.0,0.0,0.0,0.0,0.0,0.0,0,0,0,
2026-09-30T19:56:13,54.0,27.0,31.0,0.0,0.0,0.0,0.0,0.0,0.0,0,0,0,
2026-09-30T19:56:15,54.0,27.0,31.0,0.0,0.0,0.0,0.0,0.0,0.0,0,0,0,
2026-09-30T19:56:17,54.0,27.0,31.0,0.0,0.0,0.0,0.0,0.0,0.0,0,0,0,
2026-09-30T19:56:19,54.0,27.0,31.0,0.0,0.0,0.0,0.0,0.0,0.0,0,0,0,
2026-09-30T19:56:21,54.0,27.0,31.0,0.0,0.0,0.0,0.0,0.0,0.0,0,0,0,
2026-09-30T19:56:23,54.0,27.0,31.0,0.0,0.0,0.0,0.0,0.0,0.0,0,0,0,
2026-09-30T19:56:25,53.0,27.0,31.0,0.0,0.0,0.0,0.0,0.0,0.0,0,0,0,
2026-09-30T19:56:27,53.0,27.0,31.0,0.0,0.0,0.0,0.0,0.0,0.0,0,0,0,
2026-09-30T19:56:29,53.0,27.0,31.0,0.0,0.0,0.0,0.0,0.0,0.0,0,0,0,
2026-09-30T19:56:31,53.0,27.0,31.0,0.0,0.0,0.0,0.0,0.0,0.0,0,0,0,
2026-09-30T19:56:33,53.0,27.0,31.0,0.0,0.0,0.0,0.0,0.0,0.0,0,0,0,
2026-09-30T19:56:35,53.0,27.0,31.0,0.0,0.0,0.0,0.0,0.0,0.0,0,0,0,
2026-09-30T19:56:37,52.0,27.0,31.0,0.0,0.0,0.0,0.0,0.0,0.0,0,0,0,
2026-09-30T19:56:39,52.0,27.0,31.0,0.0,0.0,0.0,0.0,0.0,0.0,0,0,0,
2026-09-30T19:56:41,52.0,27.0,31.0,0.0,0.0,0.0,0.0,0.0,0.0,0,0,0,
2026-09-30T19:56:43,52.0,27.0,31.0,0.0,0.0,0.0,0.0,0.0,0.0,0,0,0,
2026-09-30T19:56:45,52.0,27.0,31.0,0.0,0.0,0.0,0.0,0.0,0.0,0,0,0,
2026-09-30T19:56:47,52.0,27.0,31.0,0.0,0.0,0.0,0.0,0.0,0.0,0,0,0,
2026-09-30T19:56:49,52.0,27.0,31.0,0.0,0.0,0.0,0.0,0.0,0.0,0,0,0,
2026-09-30T19:56:51,51.0,27.0,31.0,0.0,0.0,0.0,0.0,0.0,0.0,0,0,0,
2026-09-30T19:56:53,51.0,27.0,31.0,0.0,0.0,0.0,0.0,0.0,0.0,0,0,0,
2026-09-30T19:56:55,51.0,27.0,30.0,0.0,0.0,0.0,0.0,0.0,0.0,0,0,0,
2026-09-30T19:56:57,51.0,27.0,31.0,0.0,0.0,0.0,0.0,0.0,0.0,0,0,0,
2026-09-30T19:56:59,51.0,27.0,30.0,0.0,0.0,0.0,0.0,0.0,0.0,0,0,0,
2026-09-30T19:57:01,51.0,27.0,30.0,0.0,0.0,0.0,0.0,0.0,0.0,0,0,0,
2026-09-30T19:57:03,51.0,27.0,30.0,0.0,0.0,0.0,0.0,0.0,0.0,0,0,0,
2026-09-30T19:57:05,50.0,27.0,30.0,0.0,0.0,0.0,0.0,0.0,0.0,0,0,0,
2026-09-30T19:57:07,50.0,27.0,30.0,0.0,0.0,0.0,0.0,0.0,0.0,0,0,0,
2026-09-30T19:57:09,50.0,27.0,30.0,0.0,0.0,0.0,0.0,0.0,0.0,0,0,0,
2026-09-30T19:57:11,50.0,27.0,30.0,0.0,0.0,0.0,0.0,0.0,0.0,0,0,0,
2026-09-30T19:57:13,50.0,27.0,30.0,0.0,0.0,0.0,0.0,0.0,0.0,0,0,0,
2026-09-30T19:57:15,50.0,27.0,30.0,0.0,0.0,0.0,0.0,0.0,0.0,0,0,0,
2026-09-30T19:57:17,50.0,27.0,30.0,0.0,0.0,0.0,0.0,0.0,0.0,0,0,0,
2026-09-30T19:57:19,49.0,27.0,30.0,0.0,0.0,0.0,0.0,0.0,0.0,0,0,0,
2026-09-30T19:57:21,49.0,27.0,30.0,0.0,0.0,0.0,0.0,0.0,0.0,0,0,0,
2026-09-30T19:57:23,49.0,27.0,30.0,0.0,0.0,0.0,0.0,0.0,0.0,0,0,0,
2026-09-30T19:57:25,49.0,27.0,30.0,0.0,0.0,0.0,0.0,0.0,0.0,0,0,0,
2026-09-30T19:57:27,49.0,27.0,30.0,0.0,0.0,0.0,0.0,0.0,0.0,0,0,0,
2026-09-30T19:57:29,49.0,27.0,30.0,0.0,0.0,0.0,0.0,0.0,0.0,0,0,0,
2026-09-30T19:57:31,49.0,27.0,30.0,0.0,0.0,0.0,0.0,0.0,0.0,0,0,0,
2026-09-30T19:57:33,48.0,26.0,30.0,0.0,0.0,0.0,0.0,0.0,0.0,0,0,0,
2026-09-30T19:57:35,48.0,27.0,30.0,0.0,0.0,0.0,0.0,0.0,0.0,0,0,0,
2026-09-30T19:57:37,48.0,27.0,30.0,0.0,0.0,0.0,0.0,0.0,0.0,0,0,0,
2026-09-30T19:57:39,48.0,26.0,30.0,0.0,0.0,0.0,0.0,0.0,0.0,0,0,0,
2026-09-30T19:57:41,48.0,26.0,30.0,0.0,0.0,0.0,0.0,0.0,0.0,0,0,0,
2026-09-30T19:57:43,48.0,26.0,30.0,0.0,0.0,0.0,0.0,0.0,0.0,0,0,0,
2026-09-30T19:57:45,48.0,26.0,30.0,0.0,0.0,0.0,0.0,0.0,0.0,0,0,0,
2026-09-30T19:57:47,48.0,26.0,30.0,0.0,0.0,0.0,0.0,0.0,0.0,0,0,0,
2026-09-30T19:57:49,48.0,26.0,30.0,0.0,0.0,0.0,0.0,0.0,0.0,0,0,0,
2026-09-30T19:57:51,47.0,26.0,30.0,0.0,0.0,0.0,0.0,0.0,0.0,0,0,0,
2026-09-30T19:57:53,47.0,26.0,29.0,0.0,0.0,0.0,0.0,0.0,0.0,0,0,0,
2026-09-30T19:57:55,47.0,26.0,29.0,0.0,0.0,0.0,0.0,0.0,0.0,0,0,0,
2026-09-30T19:57:57,47.0,26.0,29.0,0.0,0.0,0.0,0.0,0.0,0.0,0,0,0,
2026-09-30T19:57:59,47.0,26.0,29.0,0.0,0.0,0.0,0.0,0.0,0.0,0,0,0,
2026-09-30T19:58:01,47.0,26.0,29.0,0.0,0.0,0.0,0.0,0.0,0.0,0,0,0,
2026-09-30T19:58:03,47.0,26.0,29.0,0.0,0.0,0.0,0.0,0.0,0.0,0,0,0,
2026-09-30T19:58:05,47.0,26.0,29.0,0.0,0.0,0.0,0.0,0.0,0.0,0,0,0,
2026-09-30T19:58:07,47.0,26.0,29.0,0.0,0.0,0.0,0.0,0.0,0.0,0,0,0,
2026-09-30T19:58:09,46.0,26.0,29.0,0.0,0.0,0.0,0.0,0.0,0.0,0,0,0,
2026-09-30T19:58:11,46.0,26.0,29.0,0.0,0.0,0.0,0.0,0.0,0.0,0,0,0,
2026-09-30T19:58:13,46.0,26.0,29.0,0.0,0.0,0.0,0.0,0.0,0.0,0,0,0,
2026-09-30T19:58:15,46.0,26.0,29.0,0.0,0.0,0.0,0.0,0.0,0.0,0,0,0,
2026-09-30T19:58:17,46.0,26.0,29.0,0.0,0.0,0.0,0.0,0.0,0.0,0,0,0,
2026-09-30T19:58:19,46.0,26.0,29.0,0.0,0.0,0.0,0.0,0.0,0.0,0,0,0,
2026-09-30T19:58:21,46.0,26.0,29.0,0.0,0.0,0.0,0.0,0.0,0.0,0,0,0,
2026-09-30T19:58:23,46.0,26.0,29.0,0.0,0.0,0.0,0.0,0.0,0.0,0,0,0,
2026-09-30T19:58:25,46.0,26.0,29.0,0.0,0.0,0.0,0.0,0.0,0.0,0,0,0,
2026-09-30T19:58:27,45.0,26.0,29.0,0.0,0.0,0.0,0.0,0.0,0.0,0,0,0,
2026-09-30T19:58:29,45.0,26.0,29.0,0.0,0.0,0.0,0.0,0.0,0.0,0,0,0,
2026-09-30T19:58:31,45.0,26.0,29.0,0.0,0.0,0.0,0.0,0.0,0.0,0,0,0,
2026-09-30T19:58:33,45.0,26.0,29.0,0.0,0.0,0.0,0.0,0.0,0.0,0,0,0,
2026-09-30T19:58:35,45.0,26.0,29.0,0.0,0.0,0.0,0.0,0.0,0.0,0,0,0,
2026-09-30T19:58:37,45.0,26.0,29.0,0.0,0.0,0.0,0.0,0.0,0.0,0,0,0,
2026-09-30T19:58:39,45.0,26.0,29.0,0.0,0.0,0.0,0.0,0.0,0.0,0,0,0,
2026-09-30T19:58:41,45.0,26.0,29.0,0.0,0.0,0.0,0.0,0.0,0.0,0,0,0,
2026-09-30T19:58:43,45.0,26.0,29.0,0.0,0.0,0.0,0.0,0.0,0.0,0,0,0,
2026-09-30T19:58:45,45.0,26.0,29.0,0.0,0.0,0.0,0.0,0.0,0.0,0,0,0,
2026-09-30T19:58:47,44.0,26.0,29.0,0.0,0.0,0.0,0.0,0.0,0.0,0,0,0,
2026-09-30T19:58:49,44.0,26.0,29.0,0.0,0.0,0.0,0.0,0.0,0.0,0,0,0,
2026-09-30T19:58:51,44.0,26.0,29.0,0.0,0.0,0.0,0.0,0.0,0.0,0,0,0,
2026-09-30T19:58:53,44.0,26.0,29.0,0.0,0.0,0.0,0.0,0.0,0.0,0,0,0,
2026-09-30T19:58:55,44.0,26.0,29.0,0.0,0.0,0.0,0.0,0.0,0.0,0,0,0,
2026-09-30T19:58:57,44.0,26.0,29.0,0.0,0.0,0.0,0.0,0.0,0.0,0,0,0,
2026-09-30T19:58:59,44.0,26.0,29.0,0.0,0.0,0.0,0.0,0.0,0.0,0,0,0,
2026-09-30T19:59:01,44.0,26.0,29.0,0.0,0.0,0.0,0.0,0.0,0.0,0,0,0,
2026-09-30T19:59:03,44.0,26.0,29.0,0.0,0.0,0.0,0.0,0.0,0.0,0,0,0,
2026-09-30T19:59:05,44.0,26.0,29.0,0.0,0.0,0.0,0.0,0.0,0.0,0,0,0,
2026-09-30T19:59:07,44.0,26.0,29.0,0.0,0.0,0.0,0.0,0.0,0.0,0,0,0,
2026-09-30T19:59:09,43.0,26.0,29.0,0.0,0.0,0.0,0.0,0.0,0.0,0,0,0,
2026-09-30T19:59:11,43.0,26.0,29.0,0.0,0.0,0.0,0.0,0.0,0.0,0,0,0,
2026-09-30T19:59:13,43.0,26.0,29.0,0.0,0.0,0.0,0.0,0.0,0.0,0,0,0,
2026-09-30T19:59:15,43.0,26.0,28.0,0.0,0.0,0.0,0.0,0.0,0.0,0,0,0,
2026-09-30T19:59:17,43.0,26.0,28.0,0.0,0.0,0.0,0.0,0.0,0.0,0,0,0,
2026-09-30T19:59:20,43.0,26.0,28.0,0.0,0.0,0.0,0.0,0.0,0.0,0,0,0,
2026-09-30T19:59:22,43.0,26.0,28.0,0.0,0.0,0.0,0.0,0.0,0.0,0,0,0,
2026-09-30T19:59:24,43.0,26.0,28.0,0.0,0.0,0.0,0.0,0.0,0.0,0,0,0,
2026-09-30T19:59:26,43.0,26.0,28.0,0.0,0.0,0.0,0.0,0.0,0.0,0,0,0,
2026-09-30T19:59:28,43.0,26.0,28.0,0.0,0.0,0.0,0.0,0.0,0.0,0,0,0,
2026-09-30T19:59:30,43.0,26.0,28.0,0.0,0.0,0.0,0.0,0.0,0.0,0,0,0,
2026-09-30T19:59:32,43.0,26.0,28.0,0.0,0.0,0.0,0.0,0.0,0.0,0,0,0,
2026-09-30T19:59:34,42.0,26.0,28.0,0.0,0.0,0.0,0.0,0.0,0.0,0,0,0,
2026-09-30T19:59:36,42.0,26.0,28.0,0.0,0.0,0.0,0.0,0.0,0.0,0,0,0,
2026-09-30T19:59:38,42.0,26.0,28.0,0.0,0.0,0.0,0.0,0.0,0.0,0,0,0,
2026-09-30T19:59:40,42.0,26.0,28.0,0.0,0.0,0.0,0.0,0.0,0.0,0,0,0,
2026-09-30T19:59:42,42.0,26.0,28.0,0.0,0.0,0.0,0.0,0.0,0.0,0,0,0,
2026-09-30T19:59:44,42.0,26.0,28.0,0.0,0.0,0.0,0.0,0.0,0.0,0,0,0,
2026-09-30T19:59:46,42.0,26.0,28.0,0.0,0.0,0.0,0.0,0.0,0.0,0,0,0,
2026-09-30T19:59:48,42.0,26.0,28.0,0.0,0.0,0.0,0.0,0.0,0.0,0,0,0,
2026-09-30T19:59:50,42.0,26.0,28.0,0.0,0.0,0.0,0.0,0.0,0.0,0,0,0,
2026-09-30T19:59:52,42.0,26.0,28.0,0.0,0.0,0.0,0.0,0.0,0.0,0,0,0,
2026-09-30T19:59:54,42.0,26.0,28.0,0.0,0.0,0.0,0.0,0.0,0.0,0,0,0,
2026-09-30T19:59:56,42.0,26.0,28.0,0.0,0.0,0.0,0.0,0.0,0.0,0,0,0,
2026-09-30T19:59:58,41.0,26.0,28.0,0.0,0.0,0.0,0.0,0.0,0.0,0,0,0,
2026-09-30T20:00:00,41.0,26.0,28.0,0.0,0.0,0.0,0.0,0.0,0.0,0,0,0,
2026-09-30T20:00:02,41.0,26.0,28.0,0.0,0.0,0.0,0.0,0.0,0.0,0,0,0,
2026-09-30T20:00:04,41.0,26.0,28.0,0.0,0.0,0.0,0.0,0.0,0.0,0,0,0,
2026-09-30T20:00:06,41.0,26.0,28.0,0.0,0.0,0.0,0.0,0.0,0.0,0,0,0,
2026-09-30T20:00:08,41.0,26.0,28.0,0.0,0.0,0.0,0.0,0.0,0.0,0,0,0,
2026-09-30T20:00:10,41.0,26.0,28.0,0.0,0.0,0.0,0.0,0.0,0.0,0,0,0,
2026-09-30T20:00:12,41.0,26.0,28.0,0.0,0.0,0.0,0.0,0.0,0.0,0,0,0,
2026-09-30T20:00:14,41.0,26.0,28.0,0.0,0.0,0.0,0.0,0.0,0.0,0,0,0,
2026-09-30T20:00:16,41.0,26.0,28.0,0.0,0.0,0.0,0.0,0.0,0.0,0,0,0,
2026-09-30T20:00:18,41.0,26.0,28.0,0.0,0.0,0.0,0.0,0.0,0.0,0,0,0,
2026-09-30T20:00:20,41.0,26.0,28.0,0.0,0.0,0.0,0.0,0.0,0.0,0,0,0,
2026-09-30T20:00:22,41.0,26.0,28.0,0.0,0.0,0.0,0.0,0.0,0.0,0,0,0,
2026-09-30T20:00:24,41.0,26.0,28.0,0.0,0.0,0.0,0.0,0.0,0.0,0,0,0,
2026-09-30T20:00:26,40.0,26.0,28.0,0.0,0.0,0.0,0.0,0.0,0.0,0,0,0,
2026-09-30T20:00:28,40.0,26.0,28.0,0.0,0.0,0.0,0.0,0.0,0.0,0,0,0,
2026-09-30T20:00:30,40.0,25.0,28.0,0.0,0.0,0.0,0.0,0.0,0.0,0,0,0,
2026-09-30T20:00:32,40.0,26.0,28.0,0.0,0.0,0.0,0.0,0.0,0.0,0,0,0,
2026-09-30T20:00:34,40.0,26.0,28.0,0.0,0.0,0.0,0.0,0.0,0.0,0,0,0,
2026-09-30T20:00:36,40.0,26.0,28.0,0.0,0.0,0.0,0.0,0.0,0.0,0,0,0,
2026-09-30T20:00:38,40.0,25.0,28.0,0.0,0.0,0.0,0.0,0.0,0.0,0,0,0,
2026-09-30T20:00:40,40.0,25.0,28.0,0.0,0.0,0.0,0.0,0.0,0.0,0,0,0,
2026-09-30T20:00:42,40.0,25.0,28.0,0.0,0.0,0.0,0.0,0.0,0.0,0,0,0,
2026-09-30T20:00:44,40.0,25.0,28.0,0.0,0.0,0.0,0.0,0.0,0.0,0,0,0,
2026-09-30T20:00:46,40.0,25.0,28.0,0.0,0.0,0.0,0.0,0.0,0.0,0,0,0,
2026-09-30T20:00:48,40.0,25.0,28.0,0.0,0.0,0.0,0.0,0.0,0.0,0,0,0,
2026-09-30T20:00:50,40.0,25.0,28.0,0.0,0.0,0.0,0.0,0.0,0.0,0,0,0,
2026-09-30T20:00:52,40.0,25.0,28.0,0.0,0.0,0.0,0.0,0.0,0.0,0,0,0,
2026-09-30T20:00:54,39.0,25.0,28.0,0.0,0.0,0.0,0.0,0.0,0.0,0,0,0,
2026-09-30T20:00:56,39.0,25.0,28.0,0.0,0.0,0.0,0.0,0.0,0.0,0,0,0,
2026-09-30T20:00:58,39.0,25.0,28.0,0.0,0.0,0.0,0.0,0.0,0.0,0,0,0,
2026-09-30T20:01:00,39.0,25.0,28.0,0.0,0.0,0.0,0.0,0.0,0.0,0,0,0,
2026-09-30T20:01:02,39.0,25.0,28.0,0.0,0.0,0.0,0.0,0.0,0.0,0,0,0,
2026-09-30T20:01:04,39.0,25.0,28.0,0.0,0.0,0.0,0.0,0.0,0.0,0,0,0,
2026-09-30T20:01:06,39.0,25.0,28.0,0.0,0.0,0.0,0.0,0.0,0.0,0,0,0,
2026-09-30T20:01:08,39.0,25.0,28.0,0.0,0.0,0.0,0.0,0.0,0.0,0,0,0,
2026-09-30T20:01:10,39.0,25.0,28.0,0.0,0.0,0.0,0.0,0.0,0.0,0,0,0,
2026-09-30T20:01:12,39.0,25.0,28.0,0.0,0.0,0.0,0.0,0.0,0.0,0,0,0,
2026-09-30T20:01:14,39.0,25.0,27.0,0.0,0.0,0.0,0.0,0.0,0.0,0,0,0,
2026-09-30T20:01:16,39.0,25.0,28.0,0.0,0.0,0.0,0.0,0.0,0.0,0,0,0,
2026-09-30T20:01:18,39.0,25.0,28.0,0.0,0.0,0.0,0.0,0.0,0.0,0,0,0,
2026-09-30T20:01:20,39.0,25.0,28.0,0.0,0.0,0.0,0.0,0.0,0.0,0,0,0,
2026-09-30T20:01:22,39.0,25.0,28.0,0.0,0.0,0.0,0.0,0.0,0.0,0,0,0,
2026-09-30T20:01:24,39.0,25.0,27.0,0.0,0.0,0.0,0.0,0.0,0.0,0,0,0,
2026-09-30T20:01:26,39.0,25.0,28.0,0.0,0.0,0.0,0.0,0.0,0.0,0,0,0,
2026-09-30T20:01:28,38.0,25.0,27.0,0.0,0.0,0.0,0.0,0.0,0.0,0,0,0,
2026-09-30T20:01:30,38.0,25.0,27.0,0.0,0.0,0.0,0.0,0.0,0.0,0,0,0,
2026-09-30T20:01:32,38.0,25.0,27.0,0.0,0.0,0.0,0.0,0.0,0.0,0,0,0,
2026-09-30T20:01:34,38.0,25.0,27.0,0.0,0.0,0.0,0.0,0.0,0.0,0,0,0,
2026-09-30T20:01:36,38.0,25.0,27.0,0.0,0.0,0.0,0.0,0.0,0.0,0,0,0,
2026-09-30T20:01:38,38.0,25.0,27.0,0.0,0.0,0.0,0.0,0.0,0.0,0,0,0,
2026-09-30T20:01:40,38.0,25.0,27.0,0.0,0.0,0.0,0.0,0.0,0.0,0,0,0,
2026-09-30T20:01:42,38.0,25.0,27.0,0.0,0.0,0.0,0.0,0.0,0.0,0,0,0,
2026-09-30T20:01:44,38.0,25.0,27.0,0.0,0.0,0.0,0.0,0.0,0.0,0,0,0,
2026-09-30T20:01:46,38.0,25.0,27.0,0.0,0.0,0.0,0.0,0.0,0.0,0,0,0,
2026-09-30T20:01:48,38.0,25.0,27.0,0.0,0.0,0.0,0.0,0.0,0.0,0,0,0,
2026-09-30T20:01:50,38.0,25.0,27.0,0.0,0.0,0.0,0.0,0.0,0.0,0,0,0,
2026-09-30T20:01:52,38.0,25.0,27.0,0.0,0.0,0.0,0.0,0.0,0.0,0,0,0,
2026-09-30T20:01:54,38.0,25.0,27.0,0.0,0.0,0.0,0.0,0.0,0.0,0,0,0,
2026-09-30T20:01:56,38.0,25.0,27.0,0.0,0.0,0.0,0.0,0.0,0.0,0,0,0,
2026-09-30T20:01:58,38.0,25.0,27.0,0.0,0.0,0.0,0.0,0.0,0.0,0,0,0,
2026-09-30T20:02:00,38.0,25.0,27.0,0.0,0.0,0.0,0.0,0.0,0.0,0,0,0,
2026-09-30T20:02:02,37.0,25.0,27.0,0.0,0.0,0.0,0.0,0.0,0.0,0,0,0,
2026-09-30T20:02:04,37.0,25.0,27.0,0.0,0.0,0.0,0.0,0.0,0.0,0,0,0,
2026-09-30T20:02:06,37.0,25.0,27.0,0.0,0.0,0.0,0.0,0.0,0.0,0,0,0,
2026-09-30T20:02:08,37.0,25.0,27.0,0.0,0.0,0.0,0.0,0.0,0.0,0,0,0,
2026-09-30T20:02:10,37.0,25.0,27.0,0.0,0.0,0.0,0.0,0.0,0.0,0,0,0,
2026-09-30T20:02:12,37.0,25.0,27.0,0.0,0.0,0.0,0.0,0.0,0.0,0,0,0,
2026-09-30T20:02:14,37.0,25.0,27.0,0.0,0.0,0.0,0.0,0.0,0.0,0,0,0,
2026-09-30T20:02:16,37.0,25.0,27.0,0.0,0.0,0.0,0.0,0.0,0.0,0,0,0,
2026-09-30T20:02:18,37.0,25.0,27.0,0.0,0.0,0.0,0.0,0.0,0.0,0,0,0,
2026-09-30T20:02:20,37.0,25.0,27.0,0.0,0.0,0.0,0.0,0.0,0.0,0,0,0,
2026-09-30T20:02:22,37.0,25.0,27.0,0.0,0.0,0.0,0.0,0.0,0.0,0,0,0,
2026-09-30T20:02:24,37.0,25.0,27.0,0.0,0.0,0.0,0.0,0.0,0.0,0,0,0,
2026-09-30T20:02:26,37.0,25.0,27.0,0.0,0.0,0.0,0.0,0.0,0.0,0,0,0,
2026-09-30T20:02:28,37.0,25.0,27.0,0.0,0.0,0.0,0.0,0.0,0.0,0,0,0,
2026-09-30T20:02:30,37.0,25.0,27.0,0.0,0.0,0.0,0.0,0.0,0.0,0,0,0,
2026-09-30T20:02:32,37.0,25.0,27.0,0.0,0.0,0.0,0.0,0.0,0.0,0,0,0,
2026-09-30T20:02:34,37.0,25.0,27.0,0.0,0.0,0.0,0.0,0.0,0.0,0,0,0,
2026-09-30T20:02:36,37.0,25.0,27.0,0.0,0.0,0.0,0.0,0.0,0.0,0,0,0,
2026-09-30T20:02:38,37.0,25.0,27.0,0.0,0.0,0.0,0.0,0.0,0.0,0,0,0,
2026-09-30T20:02:40,37.0,25.0,27.0,0.0,0.0,0.0,0.0,0.0,0.0,0,0,0,
2026-09-30T20:02:42,36.0,25.0,27.0,0.0,0.0,0.0,0.0,0.0,0.0,0,0,0,
2026-09-30T20:02:44,36.0,25.0,27.0,0.0,0.0,0.0,0.0,0.0,0.0,0,0,0,
2026-09-30T20:02:46,36.0,25.0,27.0,0.0,0.0,0.0,0.0,0.0,0.0,0,0,0,
2026-09-30T20:02:48,36.0,25.0,27.0,0.0,0.0,0.0,0.0,0.0,0.0,0,0,0,
2026-09-30T20:02:50,36.0,25.0,27.0,0.0,0.0,0.0,0.0,0.0,0.0,0,0,0,
2026-09-30T20:02:52,36.0,25.0,27.0,0.0,0.0,0.0,0.0,0.0,0.0,0,0,0,
2026-09-30T20:02:54,36.0,25.0,27.0,0.0,0.0,0.0,0.0,0.0,0.0,0,0,0,
2026-09-30T20:02:56,36.0,25.0,27.0,0.0,0.0,0.0,0.0,0.0,0.0,0,0,0,
2026-09-30T20:02:58,36.0,25.0,27.0,0.0,0.0,0.0,0.0,0.0,0.0,0,0,0,
2026-09-30T20:03:00,36.0,25.0,27.0,0.0,0.0,0.0,0.0,0.0,0.0,0,0,0,
2026-09-30T20:03:02,36.0,25.0,27.0,0.0,0.0,0.0,0.0,0.0,0.0,0,0,0,
2026-09-30T20:03:04,36.0,25.0,27.0,0.0,0.0,0.0,0.0,0.0,0.0,0,0,0,
2026-09-30T20:03:06,36.0,25.0,27.0,0.0,0.0,0.0,0.0,0.0,0.0,0,0,0,
2026-09-30T20:03:08,36.0,25.0,27.0,0.0,0.0,0.0,0.0,0.0,0.0,0,0,0,
2026-09-30T20:03:10,36.0,25.0,27.0,0.0,0.0,0.0,0.0,0.0,0.0,0,0,0,
2026-09-30T20:03:12,36.0,25.0,27.0,0.0,0.0,0.0,0.0,0.0,0.0,0,0,0,
2026-09-30T20:03:15,36.0,25.0,27.0,0.0,0.0,0.0,0.0,0.0,0.0,0,0,0,
2026-09-30T20:03:17,36.0,25.0,27.0,0.0,0.0,0.0,0.0,0.0,0.0,0,0,0,
2026-09-30T20:03:19,36.0,25.0,27.0,0.0,0.0,0.0,0.0,0.0,0.0,0,0,0,
2026-09-30T20:03:21,36.0,25.0,27.0,0.0,0.0,0.0,0.0,0.0,0.0,0,0,0,
2026-09-30T20:03:23,36.0,25.0,27.0,0.0,0.0,0.0,0.0,0.0,0.0,0,0,0,
2026-09-30T20:03:25,36.0,25.0,27.0,0.0,0.0,0.0,0.0,0.0,0.0,0,0,0,
2026-09-30T20:03:27,35.0,25.0,27.0,0.0,0.0,0.0,0.0,0.0,0.0,0,0,0,
2026-09-30T20:03:29,35.0,25.0,27.0,0.0,0.0,0.0,0.0,0.0,0.0,0,0,0,
2026-09-30T20:03:31,35.0,25.0,27.0,0.0,0.0,0.0,0.0,0.0,0.0,0,0,0,
2026-09-30T20:03:33,35.0,25.0,27.0,0.0,0.0,0.0,0.0,0.0,0.0,0,0,0,
2026-09-30T20:03:35,35.0,25.0,27.0,0.0,0.0,0.0,0.0,0.0,0.0,0,0,0,
2026-09-30T20:03:37,35.0,25.0,27.0,0.0,0.0,0.0,0.0,0.0,0.0,0,0,0,
2026-09-30T20:03:39,35.0,25.0,27.0,0.0,0.0,0.0,0.0,0.0,0.0,0,0,0,
2026-09-30T20:03:41,35.0,25.0,27.0,0.0,0.0,0.0,0.0,0.0,0.0,0,0,0,
2026-09-30T20:03:43,35.0,25.0,27.0,0.0,0.0,0.0,0.0,0.0,0.0,0,0,0,
2026-09-30T20:03:45,35.0,25.0,27.0,0.0,0.0,0.0,0.0,0.0,0.0,0,0,0,
2026-09-30T20:03:47,35.0,25.0,27.0,0.0,0.0,0.0,0.0,0.0,0.0,0,0,0,
2026-09-30T20:03:49,35.0,25.0,27.0,0.0,0.0,0.0,0.0,0.0,0.0,0,0,0,
2026-09-30T20:03:51,35.0,25.0,27.0,0.0,0.0,0.0,0.0,0.0,0.0,0,0,0,
2026-09-30T20:03:53,35.0,25.0,27.0,0.0,0.0,0.0,0.0,0.0,0.0,0,0,0,
2026-09-30T20:03:55,35.0,25.0,27.0,0.0,0.0,0.0,0.0,0.0,0.0,0,0,0,
2026-09-30T20:03:57,35.0,25.0,27.0,0.0,0.0,0.0,0.0,0.0,0.0,0,0,0,
2026-09-30T20:03:59,35.0,25.0,27.0,0.0,0.0,0.0,0.0,0.0,0.0,0,0,0,
2026-09-30T20:04:01,35.0,25.0,27.0,0.0,0.0,0.0,0.0,0.0,0.0,0,0,0,
2026-09-30T20:04:03,35.0,25.0,27.0,0.0,0.0,0.0,0.0,0.0,0.0,0,0,0,
2026-09-30T20:04:05,35.0,25.0,27.0,0.0,0.0,0.0,0.0,0.0,0.0,0,0,0,
2026-09-30T20:04:07,35.0,25.0,27.0,0.0,0.0,0.0,0.0,0.0,0.0,0,0,0,
2026-09-30T20:04:09,35.0,25.0,27.0,0.0,0.0,0.0,0.0,0.0,0.0,0,0,0,
2026-09-30T20:04:11,35.0,25.0,27.0,0.0,0.0,0.0,0.0,0.0,0.0,0,0,0,
2026-09-30T20:04:13,35.0,25.0,27.0,0.0,0.0,0.0,0.0,0.0,0.0,0,0,0,
2026-09-30T20:04:15,35.0,25.0,27.0,0.0,0.0,0.0,0.0,0.0,0.0,0,0,0,
2026-09-30T20:04:17,34.0,25.0,27.0,0.0,0.0,0.0,0.0,0.0,0.0,0,0,0,
2026-09-30T20:04:19,34.0,25.0,27.0,0.0,0.0,0.0,0.0,0.0,0.0,0,0,0,
2026-09-30T20:04:21,34.0,25.0,27.0,0.0,0.0,0.0,0.0,0.0,0.0,0,0,0,
2026-09-30T20:04:23,34.0,25.0,27.0,0.0,0.0,0.0,0.0,0.0,0.0,0,0,0,
2026-09-30T20:04:25,34.0,25.0,27.0,0.0,0.0,0.0,0.0,0.0,0.0,0,0,0,
2026-09-30T20:04:27,34.0,25.0,27.0,0.0,0.0,0.0,0.0,0.0,0.0,0,0,0,
2026-09-30T20:04:29,34.0,25.0,27.0,0.0,0.0,0.0,0.0,0.0,0.0,0,0,0,
2026-09-30T20:04:31,34.0,25.0,27.0,0.0,0.0,0.0,0.0,0.0,0.0,0,0,0,
2026-09-30T20:04:33,34.0,25.0,27.0,0.0,0.0,0.0,0.0,0.0,0.0,0,0,0,
2026-09-30T20:04:35,34.0,25.0,27.0,0.0,0.0,0.0,0.0,0.0,0.0,0,0,0,
2026-09-30T20:04:37,34.0,25.0,27.0,0.0,0.0,0.0,0.0,0.0,0.0,0,0,0,
2026-09-30T20:04:39,34.0,25.0,27.0,0.0,0.0,0.0,0.0,0.0,0.0,0,0,0,
2026-09-30T20:04:41,34.0,25.0,27.0,0.0,0.0,0.0,0.0,0.0,0.0,0,0,0,
2026-09-30T20:04:43,34.0,25.0,27.0,0.0,0.0,0.0,0.0,0.0,0.0,0,0,0,
2026-09-30T20:04:45,34.0,25.0,27.0,0.0,0.0,0.0,0.0,0.0,0.0,0,0,0,
2026-09-30T20:04:47,34.0,25.0,27.0,0.0,0.0,0.0,0.0,0.0,0.0,0,0,0,
2026-09-30T20:04:49,34.0,25.0,27.0,0.0,0.0,0.0,0.0,0.0,0.0,0,0,0,
2026-09-30T20:04:51,34.0,25.0,27.0,0.0,0.0,0.0,0.0,0.0,0.0,0,0,0,
2026-09-30T20:04:53,34.0,25.0,27.0,0.0,0.0,0.0,0.0,0.0,0.0,0,0,0,
2026-09-30T20:04:55,34.0,25.0,27.0,0.0,0.0,0.0,0.0,0.0,0.0,0,0,0,
2026-09-30T20:05:03,34.0,25.0,26.0,0.0,0.0,0.0,0.0,0.0,0.0,0,0,0,
2026-09-30T20:05:05,34.0,25.0,26.0,0.0,0.0,0.0,0.0,0.0,0.0,0,0,0,
2026-09-30T20:05:07,34.0,25.0,26.0,0.0,0.0,0.0,0.0,0.0,0.0,0,0,0,
2026-09-30T20:05:09,34.0,25.0,26.0,0.0,0.0,0.0,0.0,0.0,0.0,0,0,0,
