timestamp,zone1_c,zone2_c,zone3_c,zone1_sp_c,zone2_sp_c,zone3_sp_c,zone1_power_pct,zone2_power_pct,zone3_power_pct,zone1_remote,zone2_remote,zone3_remote,alarm
2026-09-29T16:22:18,29.0,24.0,25.0,0.0,0.0,0.0,0.0,0.0,0.0,0,0,0,
2026-09-29T16:22:20,29.0,24.0,25.0,0.0,0.0,0.0,0.0,0.0,0.0,0,0,0,
2026-09-29T16:22:22,29.0,24.0,25.0,0.0,0.0,0.0,0.0,0.0,0.0,0,0,0,
2026-09-29T16:22:24,29.0,24.0,25.0,0.0,0.0,0.0,0.0,0.0,0.0,0,0,0,
2026-09-29T16:22:26,29.0,24.0,25.0,0.0,0.0,0.0,0.0,0.0,0.0,0,0,0,
2026-09-29T16:22:28,29.0,24.0,25.0,0.0,0.0,0.0,0.0,0.0,0.0,0,0,0,
2026-09-29T16:22:30,29.0,24.0,25.0,0.0,0.0,0.0,0.0,0.0,0.0,0,0,0,
2026-09-29T16:22:32,29.0,24.0,25.0,0.0,0.0,0.0,0.0,0.0,0.0,0,0,0,
2026-09-29T16:22:34,29.0,24.0,25.0,0.0,0.0,0.0,0.0,0.0,0.0,0,0,0,
2026-09-29T16:22:36,29.0,24.0,25.0,0.0,0.0,0.0,0.0,0.0,0.0,0,0,0,
2026-09-29T16:22:38,29.0,24.0,25.0,0.0,0.0,0.0,0.0,0.0,0.0,0,0,0,
2026-09-29T16:22:40,28.0,24.0,25.0,0.0,0.0,0.0,0.0,0.0,0.0,0,0,0,
2026-09-29T16:22:42,29.0,24.0,25.0,0.0,0.0,0.0,0.0,0.0,0.0,0,0,0,
2026-09-29T16:22:44,29.0,24.0,25.0,0.0,0.0,0.0,0.0,0.0,0.0,0,0,0,
2026-09-29T16:22:46,29.0,24.0,25.0,0.0,0.0,0.0,0.0,0.0,0.0,0,0,0,
2026-09-29T16:22:48,28.0,24.0,25.0,0.0,0.0,0.0,0.0,0.0,0.0,0,0,0,
2026-09-29T16:22:50,28.0,24.0,25.0,0.0,0.0,0.0,0.0,0.0,0.0,0,0,0,
2026-09-29T16:22:52,28.0,24.0,25.0,0.0,0.0,0.0,0.0,0.0,0.0,0,0,0,
2026-09-29T16:22:54,28.0,24.0,25.0,0.0,0.0,0.0,0.0,0.0,0.0,0,0,0,
2026-09-29T16:22:56,28.0,24.0,25.0,0.0,0.0,0.0,0.0,0.0,0.0,0,0,0,
2026-09-29T16:22:58,28.0,24.0,25.0,0.0,0.0,0.0,0.0,0.0,0.0,0,0,0,
2026-09-29T16:23:00,28.0,24.0,25.0,0.0,0.0,0.0,0.0,0.0,0.0,0,0,0,
2026-09-29T16:23:02,28.0,24.0,25.0,0.0,0.0,0.0,0.0,0.0,0.0,0,0,0,
2026-09-29T16:23:05,28.0,24.0,25.0,0.0,0.0,0.0,0.0,0.0,0.0,0,0,0,
2026-09-29T16:23:07,28.0,24.0,25.0,0.0,0.0,0.0,0.0,0.0,0.0,0,0,0,
2026-09-29T16:23:09,28.0,24.0,25.0,0.0,0.0,0.0,0.0,0.0,0.0,0,0,0,
2026-09-29T16:23:11,28.0,24.0,25.0,0.0,0.0,0.0,0.0,0.0,0.0,0,0,0,
2026-09-29T16:23:13,28.0,24.0,25.0,0.0,0.0,0.0,0.0,0.0,0.0,0,0,0,
2026-09-29T16:23:15,28.0,24.0,25.0,0.0,0.0,0.0,0.0,0.0,0.0,0,0,0,
2026-09-29T16:23:17,28.0,24.0,25.0,0.0,0.0,0.0,0.0,0.0,0.0,0,0,0,
2026-09-29T16:23:19,28.0,24.0,25.0,0.0,0.0,0.0,0.0,0.0,0.0,0,0,0,
2026-09-29T16:23:21,28.0,24.0,25.0,0.0,0.0,0.0,0.0,0.0,0.0,0,0,0,
2026-09-29T16:23:23,28.0,24.0,25.0,0.0,0.0,0.0,0.0,0.0,0.0,0,0,0,
2026-09-29T16:23:25,28.0,24.0,25.0,0.0,0.0,0.0,0.0,0.0,0.0,0,0,0,
2026-09-29T16:23:27,28.0,24.0,25.0,0.0,0.0,0.0,0.0,0.0,0.0,0,0,0,
2026-09-29T16:23:29,28.0,24.0,25.0,0.0,0.0,0.0,0.0,0.0,0.0,0,0,0,
2026-09-29T16:23:31,28.0,24.0,25.0,0.0,0.0,0.0,0.0,0.0,0.0,0,0,0,
2026-09-29T16:23:33,28.0,24.0,25.0,0.0,0.0,0.0,0.0,0.0,0.0,0,0,0,
2026-09-29T16:23:35,28.0,24.0,25.0,0.0,0.0,0.0,0.0,0.0,0.0,0,0,0,
2026-09-29T16:23:37,28.0,24.0,25.0,0.0,0.0,0.0,0.0,0.0,0.0,0,0,0,
2026-09-29T16:23:39,28.0,24.0,25.0,0.0,0.0,0.0,0.0,0.0,0.0,0,0,0,
2026-09-29T16:23:41,28.0,24.0,25.0,0.0,0.0,0.0,0.0,0.0,0.0,0,0,0,
2026-09-29T16:23:43,28.0,24.0,25.0,0.0,0.0,0.0,0.0,0.0,0.0,0,0,0,
2026-09-29T16:23:45,28.0,24.0,25.0,0.0,0.0,0.0,0.0,0.0,0.0,0,0,0,
2026-09-29T16:23:47,28.0,24.0,25.0,0.0,0.0,0.0,0.0,0.0,0.0,0,0,0,
2026-09-29T16:23:49,28.0,24.0,25.0,0.0,0.0,0.0,0.0,0.0,0.0,0,0,0,
2026-09-29T16:23:51,28.0,24.0,25.0,0.0,0.0,0.0,0.0,0.0,0.0,0,0,0,
2026-09-29T16:23:53,28.0,24.0,25.0,0.0,0.0,0.0,0.0,0.0,0.0,0,0,0,
2026-09-29T16:23:55,28.0,24.0,25.0,0.0,0.0,0.0,0.0,0.0,0.0,0,0,0,
2026-09-29T16:23:57,28.0,24.0,25.0,0.0,0.0,0.0,0.0,0.0,0.0,0,0,0,
2026-09-29T16:23:59,28.0,24.0,25.0,0.0,0.0,0.0,0.0,0.0,0.0,0,0,0,
2026-09-29T16:24:01,28.0,24.0,25.0,0.0,0.0,0.0,0.0,0.0,0.0,0,0,0,
2026-09-29T16:24:03,28.0,24.0,25.0,0.0,0.0,0.0,0.0,0.0,0.0,0,0,0,
2026-09-29T16:24:05,28.0,24.0,25.0,0.0,0.0,0.0,0.0,0.0,0.0,0,0,0,
2026-09-29T16:24:07,28.0,24.0,25.0,0.0,0.0,0.0,0.0,0.0,0.0,0,0,0,
2026-09-29T16:24:09,28.0,24.0,25.0,0.0,0.0,0.0,0.0,0.0,0.0,0,0,0,
2026-09-29T16:24:11,28.0,24.0,25.0,0.0,0.0,0.0,0.0,0.0,0.0,0,0,0,
2026-09-29T16:24:13,28.0,24.0,25.0,0.0,0.0,0.0,0.0,0.0,0.0,0,0,0,
2026-09-29T16:24:15,28.0,24.0,25.0,0.0,0.0,0.0,0.0,0.0,0.0,0,0,0,
2026-09-29T16:24:17,28.0,24.0,25.0,0.0,0.0,0.0,0.0,0.0,0.0,0,0,0,
2026-09-29T16:24:19,28.0,24.0,25.0,0.0,0.0,0.0,0.0,0.0,0.0,0,0,0,
2026-09-29T16:24:21,28.0,24.0,25.0,0.0,0.0,0.0,0.0,0.0,0.0,0,0,0,
2026-09-29T16:24:23,28.0,24.0,25.0,0.0,0.0,0.0,0.0,0.0,0.0,0,0,0,
2026-09-29T16:24:25,28.0,24.0,25.0,0.0,0.0,0.0,0.0,0.0,0.0,0,0,0,
2026-09-29T16:24:27,28.0,24.0,25.0,0.0,0.0,0.0,0.0,0.0,0.0,0,0,0,
2026-09-29T16:24:29,28.0,24.0,25.0,0.0,0.0,0.0,0.0,0.0,0.0,0,0,0,
2026-09-29T16:24:31,28.0,24.0,25.0,0.0,0.0,0.0,0.0,0.0,0.0,0,0,0,
2026-09-29T16:24:33,28.0,24.0,25.0,0.0,0.0,0.0,0.0,0.0,0.0,0,0,0,
2026-09-29T16:24:35,28.0,24.0,25.0,0.0,0.0,0.0,0.0,0.0,0.0,0,0,0,
2026-09-29T16:24:37,28.0,24.0,25.0,0.0,0.0,0.0,0.0,0.0,0.0,0,0,0,
2026-09-29T16:24:39,28.0,24.0,25.0,0.0,0.0,0.0,0.0,0.0,0.0,0,0,0,
2026-09-29T16:24:41,28.0,24.0,25.0,0.0,0.0,0.0,0.0,0.0,0.0,0,0,0,
2026-09-29T16:24:43,28.0,24.0,25.0,0.0,0.0,0.0,0.0,0.0,0.0,0,0,0,
2026-09-29T16:24:45,28.0,24.0,25.0,0.0,0.0,0.0,0.0,0.0,0.0,0,0,0,
2026-09-29T16:24:47,28.0,24.0,25.0,0.0,0.0,0.0,0.0,0.0,0.0,0,0,0,
2026-09-29T16:24:49,28.0,24.0,25.0,0.0,0.0,0.0,0.0,0.0,0.0,0,0,0,
2026-09-29T16:24:51,28.0,24.0,25.0,0.0,0.0,0.0,0.0,0.0,0.0,0,0,0,
2026-09-29T16:24:53,28.0,24.0,25.0,0.0,0.0,0.0,0.0,0.0,0.0,0,0,0,
2026-09-29T16:24:55,28.0,24.0,25.0,0.0,0.0,0.0,0.0,0.0,0.0,0,0,0,
2026-09-29T16:24:57,28.0,24.0,25.0,0.0,0.0,0.0,0.0,0.0,0.0,0,0,0,
2026-09-29T16:24:59,28.0,24.0,25.0,0.0,0.0,0.0,0.0,0.0,0.0,0,0,0,
2026-09-29T16:25:01,28.0,24.0,25.0,0.0,0.0,0.0,0.0,0.0,0.0,0,0,0,
2026-09-29T16:25:03,28.0,24.0,25.0,0.0,0.0,0.0,0.0,0.0,0.0,0,0,0,
2026-09-29T16:25:05,28.0,24.0,25.0,0.0,0.0,0.0,0.0,0.0,0.0,0,0,0,
2026-09-29T16:25:07,28.0,24.0,25.0,0.0,0.0,0.0,0.0,0.0,0.0,0,0,0,
2026-09-29T16:25:09,28.0,24.0,25.0,0.0,0.0,0.0,0.0,0.0,0.0,0,0,0,
2026-09-29T16:25:11,28.0,24.0,25.0,0.0,0.0,0.0,0.0,0.0,0.0,0,0,0,
2026-09-29T16:25:13,28.0,24.0,25.0,0.0,0.0,0.0,0.0,0.0,0.0,0,0,0,
2026-09-29T16:25:15,28.0,24.0,25.0,0.0,0.0,0.0,0.0,0.0,0.0,0,0,0,
2026-09-29T16:25:17,28.0,24.0,25.0,0.0,0.0,0.0,0.0,0.0,0.0,0,0,0,
2026-09-29T16:25:19,28.0,24.0,25.0,0.0,0.0,0.0,0.0,0.0,0.0,0,0,0,
2026-09-29T16:25:21,28.0,24.0,25.0,0.0,0.0,0.0,0.0,0.0,0.0,0,0,0,
2026-09-29T16:25:23,27.0,24.0,25.0,0.0,0.0,0.0,0.0,0.0,0.0,0,0,0,
2026-09-29T16:25:25,27.0,24.0,25.0,0.0,0.0,0.0,0.0,0.0,0.0,0,0,0,
2026-09-29T16:25:27,27.0,24.0,25.0,0.0,0.0,0.0,0.0,0.0,0.0,0,0,0,
2026-09-29T16:25:29,27.0,24.0,25.0,0.0,0.0,0.0,0.0,0.0,0.0,0,0,0,
2026-09-29T16:25:31,27.0,24.0,25.0,0.0,0.0,0.0,0.0,0.0,0.0,0,0,0,
2026-09-29T16:25:33,27.0,24.0,25.0,0.0,0.0,0.0,0.0,0.0,0.0,0,0,0,
2026-09-29T16:25:35,27.0,24.0,25.0,0.0,0.0,0.0,0.0,0.0,0.0,0,0,0,
2026-09-29T16:25:37,27.0,24.0,25.0,0.0,0.0,0.0,0.0,0.0,0.0,0,0,0,
2026-09-29T16:25:39,27.0,24.0,25.0,0.0,0.0,0.0,0.0,0.0,0.0,0,0,0,
2026-09-29T16:25:41,27.0,24.0,25.0,0.0,0.0,0.0,0.0,0.0,0.0,0,0,0,
2026-09-29T16:25:43,27.0,24.0,25.0,0.0,0.0,0.0,0.0,0.0,0.0,0,0,0,
2026-09-29T16:25:45,27.0,24.0,25.0,0.0,0.0,0.0,0.0,0.0,0.0,0,0,0,
2026-09-29T16:25:47,27.0,24.0,25.0,0.0,0.0,0.0,0.0,0.0,0.0,0,0,0,
2026-09-29T16:25:49,27.0,24.0,25.0,0.0,0.0,0.0,0.0,0.0,0.0,0,0,0,
2026-09-29T16:25:51,27.0,24.0,25.0,0.0,0.0,0.0,0.0,0.0,0.0,0,0,0,
2026-09-29T16:25:53,27.0,24.0,25.0,0.0,0.0,0.0,0.0,0.0,0.0,0,0,0,
2026-09-29T16:25:55,27.0,24.0,25.0,0.0,0.0,0.0,0.0,0.0,0.0,0,0,0,
2026-09-29T16:25:57,27.0,24.0,25.0,0.0,0.0,0.0,0.0,0.0,0.0,0,0,0,
2026-09-29T16:25:59,27.0,24.0,25.0,0.0,0.0,0.0,0.0,0.0,0.0,0,0,0,
2026-09-29T16:26:01,27.0,24.0,25.0,0.0,0.0,0.0,0.0,0.0,0.0,0,0,0,
2026-09-29T16:26:03,27.0,24.0,25.0,0.0,0.0,0.0,0.0,0.0,0.0,0,0,0,
2026-09-29T16:26:05,27.0,24.0,25.0,0.0,0.0,0.0,0.0,0.0,0.0,0,0,0,
2026-09-29T16:26:07,27.0,24.0,25.0,0.0,0.0,0.0,0.0,0.0,0.0,0,0,0,
2026-09-29T16:26:09,27.0,24.0,25.0,0.0,0.0,0.0,0.0,0.0,0.0,0,0,0,
2026-09-29T16:26:11,27.0,24.0,25.0,0.0,0.0,0.0,0.0,0.0,0.0,0,0,0,
2026-09-29T16:26:13,27.0,24.0,25.0,0.0,0.0,0.0,0.0,0.0,0.0,0,0,0,
2026-09-29T16:26:15,27.0,24.0,25.0,0.0,0.0,0.0,0.0,0.0,0.0,0,0,0,
2026-09-29T16:26:17,27.0,24.0,25.0,0.0,0.0,0.0,0.0,0.0,0.0,0,0,0,
2026-09-29T16:26:19,27.0,24.0,25.0,0.0,0.0,0.0,0.0,0.0,0.0,0,0,0,
2026-09-29T16:26:21,27.0,24.0,25.0,0.0,0.0,0.0,0.0,0.0,0.0,0,0,0,
2026-09-29T16:26:23,27.0,24.0,25.0,0.0,0.0,0.0,0.0,0.0,0.0,0,0,0,
2026-09-29T16:26:25,27.0,24.0,25.0,0.0,0.0,0.0,0.0,0.0,0.0,0,0,0,
2026-09-29T16:26:27,27.0,24.0,25.0,0.0,0.0,0.0,0.0,0.0,0.0,0,0,0,
2026-09-29T16:26:29,27.0,24.0,25.0,0.0,0.0,0.0,0.0,0.0,0.0,0,0,0,
2026-09-29T16:26:31,27.0,24.0,25.0,0.0,0.0,0.0,0.0,0.0,0.0,0,0,0,
2026-09-29T16:26:33,27.0,24.0,25.0,0.0,0.0,0.0,0.0,0.0,0.0,0,0,0,
2026-09-29T16:26:35,27.0,24.0,25.0,0.0,0.0,0.0,0.0,0.0,0.0,0,0,0,
2026-09-29T16:26:37,27.0,24.0,25.0,0.0,0.0,0.0,0.0,0.0,0.0,0,0,0,
2026-09-29T16:26:39,27.0,24.0,25.0,0.0,0.0,0.0,0.0,0.0,0.0,0,0,0,
2026-09-29T16:26:41,27.0,24.0,25.0,0.0,0.0,0.0,0.0,0.0,0.0,0,0,0,
2026-09-29T16:26:43,27.0,24.0,25.0,0.0,0.0,0.0,0.0,0.0,0.0,0,0,0,
2026-09-29T16:26:45,27.0,24.0,25.0,0.0,0.0,0.0,0.0,0.0,0.0,0,0,0,
2026-09-29T16:26:47,27.0,24.0,25.0,0.0,0.0,0.0,0.0,0.0,0.0,0,0,0,
2026-09-29T16:26:49,27.0,24.0,25.0,0.0,0.0,0.0,0.0,0.0,0.0,0,0,0,
2026-09-29T16:26:51,27.0,24.0,25.0,0.0,0.0,0.0,0.0,0.0,0.0,0,0,0,
2026-09-29T16:26:53,27.0,24.0,25.0,0.0,0.0,0.0,0.0,0.0,0.0,0,0,0,
2026-09-29T16:26:55,27.0,24.0,25.0,0.0,0.0,0.0,0.0,0.0,0.0,0,0,0,
2026-09-29T16:26:57,27.0,24.0,25.0,0.0,0.0,0.0,0.0,0.0,0.0,0,0,0,
2026-09-29T16:26:59,27.0,24.0,25.0,0.0,0.0,0.0,0.0,0.0,0.0,0,0,0,
2026-09-29T16:27:01,27.0,24.0,25.0,0.0,0.0,0.0,0.0,0.0,0.0,0,0,0,
2026-09-29T16:27:03,27.0,24.0,25.0,0.0,0.0,0.0,0.0,0.0,0.0,0,0,0,
2026-09-29T16:27:05,27.0,24.0,25.0,0.0,0.0,0.0,0.0,0.0,0.0,0,0,0,
2026-09-29T16:27:07,27.0,24.0,25.0,0.0,0.0,0.0,0.0,0.0,0.0,0,0,0,
2026-09-29T16:27:09,27.0,24.0,25.0,0.0,0.0,0.0,0.0,0.0,0.0,0,0,0,
2026-09-29T16:27:11,27.0,24.0,25.0,0.0,0.0,0.0,0.0,0.0,0.0,0,0,0,
2026-09-29T16:27:13,27.0,24.0,25.0,0.0,0.0,0.0,0.0,0.0,0.0,0,0,0,
2026-09-29T16:27:15,27.0,24.0,25.0,0.0,0.0,0.0,0.0,0.0,0.0,0,0,0,
2026-09-29T16:27:17,27.0,24.0,25.0,0.0,0.0,0.0,0.0,0.0,0.0,0,0,0,
2026-09-29T16:27:19,27.0,24.0,25.0,0.0,0.0,0.0,0.0,0.0,0.0,0,0,0,
2026-09-29T16:27:21,27.0,24.0,25.0,0.0,0.0,0.0,0.0,0.0,0.0,0,0,0,
2026-09-29T16:27:23,27.0,24.0,25.0,0.0,0.0,0.0,0.0,0.0,0.0,0,0,0,
2026-09-29T16:27:25,27.0,24.0,25.0,0.0,0.0,0.0,0.0,0.0,0.0,0,0,0,
2026-09-29T16:27:27,27.0,24.0,25.0,0.0,0.0,0.0,0.0,0.0,0.0,0,0,0,
2026-09-29T16:27:29,27.0,24.0,25.0,0.0,0.0,0.0,0.0,0.0,0.0,0,0,0,
2026-09-29T16:27:31,27.0,24.0,25.0,0.0,0.0,0.0,0.0,0.0,0.0,0,0,0,
2026-09-29T16:27:33,27.0,24.0,25.0,0.0,0.0,0.0,0.0,0.0,0.0,0,0,0,
2026-09-29T16:27:35,27.0,24.0,25.0,0.0,0.0,0.0,0.0,0.0,0.0,0,0,0,
2026-09-29T16:27:37,27.0,24.0,25.0,0.0,0.0,0.0,0.0,0.0,0.0,0,0,0,
2026-09-29T16:27:39,27.0,24.0,25.0,0.0,0.0,0.0,0.0,0.0,0.0,0,0,0,
2026-09-29T16:27:41,27.0,24.0,25.0,0.0,0.0,0.0,0.0,0.0,0.0,0,0,0,
2026-09-29T16:27:44,27.0,24.0,25.0,0.0,0.0,0.0,0.0,0.0,0.0,0,0,0,
2026-09-29T16:27:46,27.0,24.0,25.0,0.0,0.0,0.0,0.0,0.0,0.0,0,0,0,
2026-09-29T16:27:48,27.0,24.0,25.0,0.0,0.0,0.0,0.0,0.0,0.0,0,0,0,
2026-09-29T16:27:50,27.0,24.0,25.0,0.0,0.0,0.0,0.0,0.0,0.0,0,0,0,
2026-09-29T16:27:52,27.0,24.0,25.0,0.0,0.0,0.0,0.0,0.0,0.0,0,0,0,
2026-09-29T16:27:54,27.0,24.0,25.0,0.0,0.0,0.0,0.0,0.0,0.0,0,0,0,
2026-09-29T16:27:56,27.0,24.0,25.0,0.0,0.0,0.0,0.0,0.0,0.0,0,0,0,
2026-09-29T16:27:58,27.0,24.0,25.0,0.0,0.0,0.0,0.0,0.0,0.0,0,0,0,
2026-09-29T16:28:00,27.0,24.0,25.0,0.0,0.0,0.0,0.0,0.0,0.0,0,0,0,
2026-09-29T16:28:02,27.0,24.0,25.0,0.0,0.0,0.0,0.0,0.0,0.0,0,0,0,
2026-09-29T16:28:04,27.0,24.0,25.0,0.0,0.0,0.0,0.0,0.0,0.0,0,0,0,
2026-09-29T16:28:06,27.0,24.0,25.0,0.0,0.0,0.0,0.0,0.0,0.0,0,0,0,
2026-09-29T16:28:08,27.0,24.0,25.0,0.0,0.0,0.0,0.0,0.0,0.0,0,0,0,
2026-09-29T16:28:10,27.0,24.0,25.0,0.0,0.0,0.0,0.0,0.0,0.0,0,0,0,
2026-09-29T16:28:12,27.0,24.0,25.0,0.0,0.0,0.0,0.0,0.0,0.0,0,0,0,
2026-09-29T16:28:14,27.0,24.0,25.0,0.0,0.0,0.0,0.0,0.0,0.0,0,0,0,
2026-09-29T16:28:16,27.0,24.0,25.0,0.0,0.0,0.0,0.0,0.0,0.0,0,0,0,
2026-09-29T16:28:18,27.0,24.0,25.0,0.0,0.0,0.0,0.0,0.0,0.0,0,0,0,
2026-09-29T16:28:20,27.0,24.0,25.0,0.0,0.0,0.0,0.0,0.0,0.0,0,0,0,
2026-09-29T16:28:22,27.0,24.0,25.0,0.0,0.0,0.0,0.0,0.0,0.0,0,0,0,
2026-09-29T16:28:24,27.0,24.0,25.0,0.0,0.0,0.0,0.0,0.0,0.0,0,0,0,
2026-09-29T16:28:26,27.0,24.0,25.0,0.0,0.0,0.0,0.0,0.0,0.0,0,0,0,
2026-09-29T16:28:28,27.0,24.0,25.0,0.0,0.0,0.0,0.0,0.0,0.0,0,0,0,
2026-09-29T16:28:30,27.0,24.0,25.0,0.0,0.0,0.0,0.0,0.0,0.0,0,0,0,
2026-09-29T16:28:32,27.0,24.0,25.0,0.0,0.0,0.0,0.0,0.0,0.0,0,0,0,
2026-09-29T16:28:34,27.0,24.0,25.0,0.0,0.0,0.0,0.0,0.0,0.0,0,0,0,
2026-09-29T16:28:36,27.0,24.0,25.0,0.0,0.0,0.0,0.0,0.0,0.0,0,0,0,
2026-09-29T16:28:38,27.0,24.0,25.0,0.0,0.0,0.0,0.0,0.0,0.0,0,0,0,
2026-09-29T16:28:40,27.0,24.0,25.0,0.0,0.0,0.0,0.0,0.0,0.0,0,0,0,
2026-09-29T16:28:42,27.0,24.0,25.0,0.0,0.0,0.0,0.0,0.0,0.0,0,0,0,
2026-09-29T16:28:44,27.0,24.0,25.0,0.0,0.0,0.0,0.0,0.0,0.0,0,0,0,
2026-09-29T16:28:46,27.0,24.0,25.0,0.0,0.0,0.0,0.0,0.0,0.0,0,0,0,
2026-09-29T16:28:48,27.0,24.0,25.0,0.0,0.0,0.0,0.0,0.0,0.0,0,0,0,
2026-09-29T16:28:50,26.0,24.0,25.0,0.0,0.0,0.0,0.0,0.0,0.0,0,0,0,
2026-09-29T16:28:52,26.0,24.0,25.0,0.0,0.0,0.0,0.0,0.0,0.0,0,0,0,
2026-09-29T16:28:54,26.0,24.0,25.0,0.0,0.0,0.0,0.0,0.0,0.0,0,0,0,
2026-09-29T16:28:56,26.0,24.0,25.0,0.0,0.0,0.0,0.0,0.0,0.0,0,0,0,
2026-09-29T16:28:58,26.0,24.0,25.0,0.0,0.0,0.0,0.0,0.0,0.0,0,0,0,
2026-09-29T16:29:00,26.0,24.0,25.0,0.0,0.0,0.0,0.0,0.0,0.0,0,0,0,
2026-09-29T16:29:02,27.0,24.0,25.0,0.0,0.0,0.0,0.0,0.0,0.0,0,0,0,
2026-09-29T16:29:04,26.0,24.0,25.0,0.0,0.0,0.0,0.0,0.0,0.0,0,0,0,
2026-09-29T16:29:06,26.0,24.0,25.0,0.0,0.0,0.0,0.0,0.0,0.0,0,0,0,
2026-09-29T16:29:08,26.0,24.0,25.0,0.0,0.0,0.0,0.0,0.0,0.0,0,0,0,
2026-09-29T16:29:10,26.0,24.0,25.0,0.0,0.0,0.0,0.0,0.0,0.0,0,0,0,
2026-09-29T16:29:12,26.0,24.0,25.0,0.0,0.0,0.0,0.0,0.0,0.0,0,0,0,
2026-09-29T16:29:14,26.0,24.0,25.0,0.0,0.0,0.0,0.0,0.0,0.0,0,0,0,
2026-09-29T16:29:16,26.0,24.0,25.0,0.0,0.0,0.0,0.0,0.0,0.0,0,0,0,
2026-09-29T16:29:18,26.0,24.0,25.0,0.0,0.0,0.0,0.0,0.0,0.0,0,0,0,
2026-09-29T16:29:20,26.0,24.0,25.0,0.0,0.0,0.0,0.0,0.0,0.0,0,0,0,
2026-09-29T16:29:22,26.0,24.0,25.0,0.0,0.0,0.0,0.0,0.0,0.0,0,0,0,
2026-09-29T16:29:24,26.0,24.0,25.0,0.0,0.0,0.0,0.0,0.0,0.0,0,0,0,
2026-09-29T16:29:26,26.0,24.0,25.0,0.0,0.0,0.0,0.0,0.0,0.0,0,0,0,
2026-09-29T16:29:28,26.0,24.0,25.0,0.0,0.0,0.0,0.0,0.0,0.0,0,0,0,
2026-09-29T16:29:30,26.0,24.0,25.0,0.0,0.0,0.0,0.0,0.0,0.0,0,0,0,
2026-09-29T16:29:32,26.0,24.0,25.0,0.0,0.0,0.0,0.0,0.0,0.0,0,0,0,
2026-09-29T16:29:34,26.0,24.0,25.0,0.0,0.0,0.0,0.0,0.0,0.0,0,0,0,
2026-09-29T16:29:36,26.0,24.0,25.0,0.0,0.0,0.0,0.0,0.0,0.0,0,0,0,
2026-09-29T16:29:38,26.0,24.0,25.0,0.0,0.0,0.0,0.0,0.0,0.0,0,0,0,
2026-09-29T16:29:40,26.0,24.0,25.0,0.0,0.0,0.0,0.0,0.0,0.0,0,0,0,
2026-09-29T16:29:42,26.0,24.0,25.0,0.0,0.0,0.0,0.0,0.0,0.0,0,0,0,
2026-09-29T16:29:44,26.0,24.0,25.0,0.0,0.0,0.0,0.0,0.0,0.0,0,0,0,
2026-09-29T16:29:46,26.0,24.0,25.0,0.0,0.0,0.0,0.0,0.0,0.0,0,0,0,
2026-09-29T16:29:48,26.0,24.0,25.0,0.0,0.0,0.0,0.0,0.0,0.0,0,0,0,
2026-09-29T16:29:50,26.0,24.0,25.0,0.0,0.0,0.0,0.0,0.0,0.0,0,0,0,
2026-09-29T16:29:52,26.0,24.0,25.0,0.0,0.0,0.0,0.0,0.0,0.0,0,0,0,
2026-09-29T16:29:54,26.0,24.0,25.0,0.0,0.0,0.0,0.0,0.0,0.0,0,0,0,
2026-09-29T16:29:56,26.0,24.0,25.0,0.0,0.0,0.0,0.0,0.0,0.0,0,0,0,
2026-09-29T16:29:58,26.0,24.0,25.0,0.0,0.0,0.0,0.0,0.0,0.0,0,0,0,
2026-09-29T16:30:00,26.0,24.0,25.0,0.0,0.0,0.0,0.0,0.0,0.0,0,0,0,
2026-09-29T16:30:02,26.0,24.0,25.0,0.0,0.0,0.0,0.0,0.0,0.0,0,0,0,
2026-09-29T16:30:04,26.0,24.0,25.0,0.0,0.0,0.0,0.0,0.0,0.0,0,0,0,
2026-09-29T16:30:06,26.0,24.0,25.0,0.0,0.0,0.0,0.0,0.0,0.0,0,0,0,
2026-09-29T16:30:08,26.0,24.0,25.0,0.0,0.0,0.0,0.0,0.0,0.0,0,0,0,
2026-09-29T16:30:10,26.0,24.0,25.0,0.0,0.0,0.0,0.0,0.0,0.0,0,0,0,
2026-09-29T16:30:12,26.0,24.0,25.0,0.0,0.0,0.0,0.0,0.0,0.0,0,0,0,
2026-09-29T16:30:14,26.0,24.0,25.0,0.0,0.0,0.0,0.0,0.0,0.0,0,0,0,
2026-09-29T16:30:16,26.0,24.0,25.0,0.0,0.0,0.0,0.0,0.0,0.0,0,0,0,
2026-09-29T16:30:18,26.0,24.0,25.0,0.0,0.0,0.0,0.0,0.0,0.0,0,0,0,
2026-09-29T16:30:20,26.0,24.0,25.0,0.0,0.0,0.0,0.0,0.0,0.0,0,0,0,
2026-09-29T16:30:22,26.0,24.0,25.0,0.0,0.0,0.0,0.0,0.0,0.0,0,0,0,
2026-09-29T16:30:24,26.0,24.0,25.0,0.0,0.0,0.0,0.0,0.0,0.0,0,0,0,
2026-09-29T16:30:26,26.0,24.0,25.0,0.0,0.0,0.0,0.0,0.0,0.0,0,0,0,
2026-09-29T16:30:28,26.0,24.0,25.0,0.0,0.0,0.0,0.0,0.0,0.0,0,0,0,
2026-09-29T16:30:30,26.0,24.0,25.0,0.0,0.0,0.0,0.0,0.0,0.0,0,0,0,
2026-09-29T16:30:32,26.0,24.0,25.0,0.0,0.0,0.0,0.0,0.0,0.0,0,0,0,
2026-09-29T16:30:34,26.0,24.0,25.0,0.0,0.0,0.0,0.0,0.0,0.0,0,0,0,
2026-09-29T16:30:36,26.0,24.0,25.0,0.0,0.0,0.0,0.0,0.0,0.0,0,0,0,
2026-09-29T16:30:38,26.0,24.0,25.0,0.0,0.0,0.0,0.0,0.0,0.0,0,0,0,
2026-09-29T16:30:40,26.0,24.0,25.0,0.0,0.0,0.0,0.0,0.0,0.0,0,0,0,
2026-09-29T16:30:42,26.0,24.0,25.0,0.0,0.0,0.0,0.0,0.0,0.0,0,0,0,
2026-09-29T16:30:44,26.0,24.0,25.0,0.0,0.0,0.0,0.0,0.0,0.0,0,0,0,
2026-09-29T16:30:46,26.0,24.0,25.0,0.0,0.0,0.0,0.0,0.0,0.0,0,0,0,
2026-09-29T16:30:48,26.0,24.0,25.0,0.0,0.0,0.0,0.0,0.0,0.0,0,0,0,
2026-09-29T16:30:50,26.0,24.0,25.0,0.0,0.0,0.0,0.0,0.0,0.0,0,0,0,
2026-09-29T16:30:52,26.0,24.0,25.0,0.0,0.0,0.0,0.0,0.0,0.0,0,0,0,
2026-09-29T16:30:54,26.0,24.0,25.0,0.0,0.0,0.0,0.0,0.0,0.0,0,0,0,
2026-09-29T16:30:56,26.0,24.0,25.0,0.0,0.0,0.0,0.0,0.0,0.0,0,0,0,
2026-09-29T16:30:58,26.0,24.0,25.0,0.0,0.0,0.0,0.0,0.0,0.0,0,0,0,
2026-09-29T16:31:00,26.0,24.0,25.0,0.0,0.0,0.0,0.0,0.0,0.0,0,0,0,
2026-09-29T16:31:02,26.0,24.0,25.0,0.0,0.0,0.0,0.0,0.0,0.0,0,0,0,
2026-09-29T16:31:04,26.0,24.0,25.0,0.0,0.0,0.0,0.0,0.0,0.0,0,0,0,
2026-09-29T16:31:06,26.0,24.0,25.0,0.0,0.0,0.0,0.0,0.0,0.0,0,0,0,
2026-09-29T16:31:08,26.0,24.0,25.0,0.0,0.0,0.0,0.0,0.0,0.0,0,0,0,
2026-09-29T16:31:10,26.0,24.0,25.0,0.0,0.0,0.0,0.0,0.0,0.0,0,0,0,
2026-09-29T16:31:12,26.0,24.0,25.0,0.0,0.0,0.0,0.0,0.0,0.0,0,0,0,
2026-09-29T16:31:14,26.0,24.0,25.0,0.0,0.0,0.0,0.0,0.0,0.0,0,0,0,
2026-09-29T16:31:16,26.0,24.0,25.0,0.0,0.0,0.0,0.0,0.0,0.0,0,0,0,
2026-09-29T16:31:18,26.0,24.0,25.0,0.0,0.0,0.0,0.0,0.0,0.0,0,0,0,
2026-09-29T16:31:20,26.0,24.0,25.0,0.0,0.0,0.0,0.0,0.0,0.0,0,0,0,
2026-09-29T16:31:22,26.0,24.0,25.0,0.0,0.0,0.0,0.0,0.0,0.0,0,0,0,
2026-09-29T16:31:24,26.0,24.0,25.0,0.0,0.0,0.0,0.0,0.0,0.0,0,0,0,
2026-09-29T16:31:26,26.0,24.0,25.0,0.0,0.0,0.0,0.0,0.0,0.0,0,0,0,
2026-09-29T16:31:28,26.0,24.0,25.0,0.0,0.0,0.0,0.0,0.0,0.0,0,0,0,
2026-09-29T16:31:30,26.0,24.0,25.0,0.0,0.0,0.0,0.0,0.0,0.0,0,0,0,
2026-09-29T16:31:32,26.0,24.0,25.0,0.0,0.0,0.0,0.0,0.0,0.0,0,0,0,
2026-09-29T16:31:34,26.0,24.0,25.0,0.0,0.0,0.0,0.0,0.0,0.0,0,0,0,
2026-09-29T16:31:36,26.0,24.0,25.0,0.0,0.0,0.0,0.0,0.0,0.0,0,0,0,
2026-09-29T16:31:38,26.0,24.0,25.0,0.0,0.0,0.0,0.0,0.0,0.0,0,0,0,
2026-09-29T16:31:40,26.0,24.0,25.0,0.0,0.0,0.0,0.0,0.0,0.0,0,0,0,
2026-09-29T16:31:42,26.0,24.0,25.0,0.0,0.0,0.0,0.0,0.0,0.0,0,0,0,
2026-09-29T16:31:44,26.0,24.0,25.0,0.0,0.0,0.0,0.0,0.0,0.0,0,0,0,
2026-09-29T16:31:46,26.0,24.0,25.0,0.0,0.0,0.0,0.0,0.0,0.0,0,0,0,
2026-09-29T16:31:48,26.0,24.0,25.0,0.0,0.0,0.0,0.0,0.0,0.0,0,0,0,
2026-09-29T16:31:50,26.0,24.0,25.0,0.0,0.0,0.0,0.0,0.0,0.0,0,0,0,
2026-09-29T16:31:52,26.0,24.0,25.0,0.0,0.0,0.0,0.0,0.0,0.0,0,0,0,
2026-09-29T16:31:54,26.0,24.0,25.0,0.0,0.0,0.0,0.0,0.0,0.0,0,0,0,
2026-09-29T16:31:56,26.0,24.0,25.0,0.0,0.0,0.0,0.0,0.0,0.0,0,0,0,
2026-09-29T16:31:58,26.0,24.0,25.0,0.0,0.0,0.0,0.0,0.0,0.0,0,0,0,
2026-09-29T16:32:00,26.0,24.0,25.0,0.0,0.0,0.0,0.0,0.0,0.0,0,0,0,
2026-09-29T16:32:02,26.0,24.0,25.0,0.0,0.0,0.0,0.0,0.0,0.0,0,0,0,
2026-09-29T16:32:04,26.0,24.0,25.0,0.0,0.0,0.0,0.0,0.0,0.0,0,0,0,
2026-09-29T16:32:06,26.0,24.0,25.0,0.0,0.0,0.0,0.0,0.0,0.0,0,0,0,
2026-09-29T16:32:08,26.0,24.0,25.0,0.0,0.0,0.0,0.0,0.0,0.0,0,0,0,
2026-09-29T16:32:11,26.0,24.0,25.0,0.0,0.0,0.0,0.0,0.0,0.0,0,0,0,
2026-09-29T16:32:13,26.0,24.0,25.0,0.0,0.0,0.0,0.0,0.0,0.0,0,0,0,
2026-09-29T16:32:15,26.0,24.0,25.0,0.0,0.0,0.0,0.0,0.0,0.0,0,0,0,
2026-09-29T16:32:17,26.0,24.0,25.0,0.0,0.0,0.0,0.0,0.0,0.0,0,0,0,
2026-09-29T16:32:19,26.0,24.0,25.0,0.0,0.0,0.0,0.0,0.0,0.0,0,0,0,
2026-09-29T16:32:21,26.0,24.0,25.0,0.0,0.0,0.0,0.0,0.0,0.0,0,0,0,
2026-09-29T16:32:23,26.0,24.0,25.0,0.0,0.0,0.0,0.0,0.0,0.0,0,0,0,
2026-09-29T16:32:25,26.0,24.0,25.0,0.0,0.0,0.0,0.0,0.0,0.0,0,0,0,
2026-09-29T16:32:27,26.0,24.0,25.0,0.0,0.0,0.0,0.0,0.0,0.0,0,0,0,
2026-09-29T16:32:29,26.0,24.0,25.0,0.0,0.0,0.0,0.0,0.0,0.0,0,0,0,
2026-09-29T16:32:31,26.0,24.0,25.0,0.0,0.0,0.0,0.0,0.0,0.0,0,0,0,
2026-09-29T16:32:33,26.0,24.0,25.0,0.0,0.0,0.0,0.0,0.0,0.0,0,0,0,
2026-09-29T16:32:35,26.0,24.0,25.0,0.0,0.0,0.0,0.0,0.0,0.0,0,0,0,
2026-09-29T16:32:37,26.0,24.0,25.0,0.0,0.0,0.0,0.0,0.0,0.0,0,0,0,
2026-09-29T16:32:39,26.0,24.0,25.0,0.0,0.0,0.0,0.0,0.0,0.0,0,0,0,
2026-09-29T16:32:41,26.0,24.0,25.0,0.0,0.0,0.0,0.0,0.0,0.0,0,0,0,
2026-09-29T16:32:43,26.0,24.0,25.0,0.0,0.0,0.0,0.0,0.0,0.0,0,0,0,
2026-09-29T16:32:45,26.0,24.0,25.0,0.0,0.0,0.0,0.0,0.0,0.0,0,0,0,
2026-09-29T16:32:47,26.0,24.0,25.0,0.0,0.0,0.0,0.0,0.0,0.0,0,0,0,
2026-09-29T16:32:49,26.0,24.0,25.0,0.0,0.0,0.0,0.0,0.0,0.0,0,0,0,
2026-09-29T16:32:51,26.0,24.0,25.0,0.0,0.0,0.0,0.0,0.0,0.0,0,0,0,
2026-09-29T16:32:53,26.0,24.0,25.0,0.0,0.0,0.0,0.0,0.0,0.0,0,0,0,
2026-09-29T16:32:55,26.0,24.0,25.0,0.0,0.0,0.0,0.0,0.0,0.0,0,0,0,
2026-09-29T16:32:57,26.0,24.0,25.0,0.0,0.0,0.0,0.0,0.0,0.0,0,0,0,
2026-09-29T16:32:59,26.0,24.0,25.0,0.0,0.0,0.0,0.0,0.0,0.0,0,0,0,
2026-09-29T16:33:01,26.0,24.0,25.0,0.0,0.0,0.0,0.0,0.0,0.0,0,0,0,
2026-09-29T16:33:03,26.0,24.0,25.0,0.0,0.0,0.0,0.0,0.0,0.0,0,0,0,
2026-09-29T16:33:05,26.0,24.0,25.0,0.0,0.0,0.0,0.0,0.0,0.0,0,0,0,
2026-09-29T16:33:07,26.0,24.0,25.0,0.0,0.0,0.0,0.0,0.0,0.0,0,0,0,
2026-09-29T16:33:09,26.0,24.0,25.0,0.0,0.0,0.0,0.0,0.0,0.0,0,0,0,
2026-09-29T16:33:11,26.0,24.0,25.0,0.0,0.0,0.0,0.0,0.0,0.0,0,0,0,
2026-09-29T16:33:13,26.0,24.0,25.0,0.0,0.0,0.0,0.0,0.0,0.0,0,0,0,
2026-09-29T16:33:15,26.0,24.0,25.0,0.0,0.0,0.0,0.0,0.0,0.0,0,0,0,
2026-09-29T16:33:17,26.0,24.0,25.0,0.0,0.0,0.0,0.0,0.0,0.0,0,0,0,
2026-09-29T16:33:19,26.0,24.0,25.0,0.0,0.0,0.0,0.0,0.0,0.0,0,0,0,
2026-09-29T16:33:21,26.0,24.0,25.0,0.0,0.0,0.0,0.0,0.0,0.0,0,0,0,
2026-09-29T16:33:23,26.0,24.0,25.0,0.0,0.0,0.0,0.0,0.0,0.0,0,0,0,
2026-09-29T16:33:25,26.0,24.0,25.0,0.0,0.0,0.0,0.0,0.0,0.0,0,0,0,
2026-09-29T16:33:27,26.0,24.0,25.0,0.0,0.0,0.0,0.0,0.0,0.0,0,0,0,
2026-09-29T16:33:29,26.0,24.0,25.0,0.0,0.0,0.0,0.0,0.0,0.0,0,0,0,
2026-09-29T16:33:31,26.0,24.0,25.0,0.0,0.0,0.0,0.0,0.0,0.0,0,0,0,
2026-09-29T16:33:33,26.0,24.0,25.0,0.0,0.0,0.0,0.0,0.0,0.0,0,0,0,
2026-09-29T16:33:35,26.0,24.0,25.0,0.0,0.0,0.0,0.0,0.0,0.0,0,0,0,
2026-09-29T16:33:37,26.0,24.0,25.0,0.0,0.0,0.0,0.0,0.0,0.0,0,0,0,
2026-09-29T16:33:39,26.0,24.0,25.0,0.0,0.0,0.0,0.0,0.0,0.0,0,0,0,
2026-09-29T16:33:41,26.0,24.0,25.0,0.0,0.0,0.0,0.0,0.0,0.0,0,0,0,
2026-09-29T16:33:43,26.0,24.0,25.0,0.0,0.0,0.0,0.0,0.0,0.0,0,0,0,
2026-09-29T16:33:45,26.0,24.0,25.0,0.0,0.0,0.0,0.0,0.0,0.0,0,0,0,
2026-09-29T16:33:47,26.0,24.0,25.0,0.0,0.0,0.0,0.0,0.0,0.0,0,0,0,
2026-09-29T16:33:49,26.0,24.0,25.0,0.0,0.0,0.0,0.0,0.0,0.0,0,0,0,
2026-09-29T16:33:51,26.0,24.0,25.0,0.0,0.0,0.0,0.0,0.0,0.0,0,0,0,
2026-09-29T16:33:53,26.0,24.0,25.0,0.0,0.0,0.0,0.0,0.0,0.0,0,0,0,
2026-09-29T16:33:55,26.0,24.0,25.0,0.0,0.0,0.0,0.0,0.0,0.0,0,0,0,
2026-09-29T16:33:57,26.0,24.0,25.0,0.0,0.0,0.0,0.0,0.0,0.0,0,0,0,
2026-09-29T16:33:59,26.0,24.0,25.0,0.0,0.0,0.0,0.0,0.0,0.0,0,0,0,
2026-09-29T16:34:01,26.0,24.0,25.0,0.0,0.0,0.0,0.0,0.0,0.0,0,0,0,
2026-09-29T16:34:03,26.0,24.0,25.0,0.0,0.0,0.0,0.0,0.0,0.0,0,0,0,
2026-09-29T16:34:05,26.0,24.0,25.0,0.0,0.0,0.0,0.0,0.0,0.0,0,0,0,
2026-09-29T16:34:07,26.0,24.0,25.0,0.0,0.0,0.0,0.0,0.0,0.0,0,0,0,
2026-09-29T16:34:09,26.0,24.0,25.0,0.0,0.0,0.0,0.0,0.0,0.0,0,0,0,
2026-09-29T16:34:11,25.0,24.0,25.0,0.0,0.0,0.0,0.0,0.0,0.0,0,0,0,
2026-09-29T16:34:13,26.0,24.0,25.0,0.0,0.0,0.0,0.0,0.0,0.0,0,0,0,
2026-09-29T16:34:15,25.0,24.0,25.0,0.0,0.0,0.0,0.0,0.0,0.0,0,0,0,
2026-09-29T16:34:17,25.0,24.0,25.0,0.0,0.0,0.0,0.0,0.0,0.0,0,0,0,
2026-09-29T16:34:19,25.0,24.0,25.0,0.0,0.0,0.0,0.0,0.0,0.0,0,0,0,
2026-09-29T16:34:21,25.0,24.0,25.0,0.0,0.0,0.0,0.0,0.0,0.0,0,0,0,
2026-09-29T16:34:23,25.0,24.0,25.0,0.0,0.0,0.0,0.0,0.0,0.0,0,0,0,
2026-09-29T16:34:25,26.0,24.0,25.0,0.0,0.0,0.0,0.0,0.0,0.0,0,0,0,
2026-09-29T16:34:27,25.0,24.0,25.0,0.0,0.0,0.0,0.0,0.0,0.0,0,0,0,
2026-09-29T16:34:29,25.0,24.0,25.0,0.0,0.0,0.0,0.0,0.0,0.0,0,0,0,
2026-09-29T16:34:31,25.0,24.0,25.0,0.0,0.0,0.0,0.0,0.0,0.0,0,0,0,
2026-09-29T16:34:33,25.0,24.0,25.0,0.0,0.0,0.0,0.0,0.0,0.0,0,0,0,
2026-09-29T16:34:35,25.0,24.0,25.0,0.0,0.0,0.0,0.0,0.0,0.0,0,0,0,
2026-09-29T16:34:37,25.0,24.0,25.0,0.0,0.0,0.0,0.0,0.0,0.0,0,0,0,
2026-09-29T16:34:39,25.0,24.0,25.0,0.0,0.0,0.0,0.0,0.0,0.0,0,0,0,
2026-09-29T16:34:41,25.0,24.0,25.0,0.0,0.0,0.0,0.0,0.0,0.0,0,0,0,
2026-09-29T16:34:43,25.0,24.0,25.0,0.0,0.0,0.0,0.0,0.0,0.0,0,0,0,
2026-09-29T16:34:45,25.0,24.0,25.0,0.0,0.0,0.0,0.0,0.0,0.0,0,0,0,
2026-09-29T16:34:47,25.0,24.0,25.0,0.0,0.0,0.0,0.0,0.0,0.0,0,0,0,
2026-09-29T16:34:49,25.0,24.0,25.0,0.0,0.0,0.0,0.0,0.0,0.0,0,0,0,
2026-09-29T16:34:51,25.0,24.0,25.0,0.0,0.0,0.0,0.0,0.0,0.0,0,0,0,
2026-09-29T16:34:53,25.0,24.0,25.0,0.0,0.0,0.0,0.0,0.0,0.0,0,0,0,
2026-09-29T16:34:55,25.0,24.0,25.0,0.0,0.0,0.0,0.0,0.0,0.0,0,0,0,
2026-09-29T16:34:57,25.0,24.0,25.0,0.0,0.0,0.0,0.0,0.0,0.0,0,0,0,
2026-09-29T16:34:59,25.0,24.0,25.0,0.0,0.0,0.0,0.0,0.0,0.0,0,0,0,
2026-09-29T16:35:01,25.0,24.0,25.0,0.0,0.0,0.0,0.0,0.0,0.0,0,0,0,
2026-09-29T16:35:03,25.0,24.0,25.0,0.0,0.0,0.0,0.0,0.0,0.0,0,0,0,
2026-09-29T16:35:05,25.0,24.0,25.0,0.0,0.0,0.0,0.0,0.0,0.0,0,0,0,
2026-09-29T16:35:07,25.0,24.0,25.0,0.0,0.0,0.0,0.0,0.0,0.0,0,0,0,
2026-09-29T16:35:09,25.0,24.0,25.0,0.0,0.0,0.0,0.0,0.0,0.0,0,0,0,
2026-09-29T16:35:11,25.0,24.0,25.0,0.0,0.0,0.0,0.0,0.0,0.0,0,0,0,
2026-09-29T16:35:13,25.0,24.0,25.0,0.0,0.0,0.0,0.0,0.0,0.0,0,0,0,
2026-09-29T16:35:15,25.0,24.0,25.0,0.0,0.0,0.0,0.0,0.0,0.0,0,0,0,
2026-09-29T16:35:17,25.0,24.0,25.0,0.0,0.0,0.0,0.0,0.0,0.0,0,0,0,
2026-09-29T16:35:19,25.0,24.0,25.0,0.0,0.0,0.0,0.0,0.0,0.0,0,0,0,
2026-09-29T16:35:21,25.0,24.0,25.0,0.0,0.0,0.0,0.0,0.0,0.0,0,0,0,
2026-09-29T16:35:23,25.0,24.0,25.0,0.0,0.0,0.0,0.0,0.0,0.0,0,0,0,
2026-09-29T16:35:25,25.0,24.0,25.0,0.0,0.0,0.0,0.0,0.0,0.0,0,0,0,
2026-09-29T16:35:27,25.0,24.0,25.0,0.0,0.0,0.0,0.0,0.0,0.0,0,0,0,
2026-09-29T16:35:29,25.0,24.0,25.0,0.0,0.0,0.0,0.0,0.0,0.0,0,0,0,
2026-09-29T16:35:31,25.0,24.0,25.0,0.0,0.0,0.0,0.0,0.0,0.0,0,0,0,
2026-09-29T16:35:33,25.0,24.0,25.0,0.0,0.0,0.0,0.0,0.0,0.0,0,0,0,
2026-09-29T16:35:35,25.0,24.0,25.0,0.0,0.0,0.0,0.0,0.0,0.0,0,0,0,
2026-09-29T16:35:37,25.0,24.0,25.0,0.0,0.0,0.0,0.0,0.0,0.0,0,0,0,
2026-09-29T16:35:39,25.0,24.0,25.0,0.0,0.0,0.0,0.0,0.0,0.0,0,0,0,
2026-09-29T16:35:41,25.0,24.0,25.0,0.0,0.0,0.0,0.0,0.0,0.0,0,0,0,
2026-09-29T16:35:43,25.0,24.0,25.0,0.0,0.0,0.0,0.0,0.0,0.0,0,0,0,
2026-09-29T16:35:45,25.0,24.0,25.0,0.0,0.0,0.0,0.0,0.0,0.0,0,0,0,
2026-09-29T16:35:47,25.0,24.0,25.0,0.0,0.0,0.0,0.0,0.0,0.0,0,0,0,
2026-09-29T16:35:49,25.0,24.0,25.0,0.0,0.0,0.0,0.0,0.0,0.0,0,0,0,
2026-09-29T16:35:51,25.0,24.0,25.0,0.0,0.0,0.0,0.0,0.0,0.0,0,0,0,
2026-09-29T16:35:53,25.0,24.0,25.0,0.0,0.0,0.0,0.0,0.0,0.0,0,0,0,
2026-09-29T16:35:55,25.0,24.0,25.0,0.0,0.0,0.0,0.0,0.0,0.0,0,0,0,
2026-09-29T16:35:57,25.0,24.0,25.0,0.0,0.0,0.0,0.0,0.0,0.0,0,0,0,
2026-09-29T16:35:59,25.0,24.0,25.0,0.0,0.0,0.0,0.0,0.0,0.0,0,0,0,
2026-09-29T16:36:01,25.0,24.0,25.0,0.0,0.0,0.0,0.0,0.0,0.0,0,0,0,
2026-09-29T16:36:03,25.0,24.0,25.0,0.0,0.0,0.0,0.0,0.0,0.0,0,0,0,
2026-09-29T16:36:05,25.0,24.0,25.0,0.0,0.0,0.0,0.0,0.0,0.0,0,0,0,
2026-09-29T16:36:07,25.0,24.0,25.0,0.0,0.0,0.0,0.0,0.0,0.0,0,0,0,
2026-09-29T16:36:09,25.0,24.0,25.0,0.0,0.0,0.0,0.0,0.0,0.0,0,0,0,
2026-09-29T16:36:11,25.0,24.0,25.0,0.0,0.0,0.0,0.0,0.0,0.0,0,0,0,
2026-09-29T16:36:13,25.0,24.0,25.0,0.0,0.0,0.0,0.0,0.0,0.0,0,0,0,
2026-09-29T16:36:15,25.0,24.0,25.0,0.0,0.0,0.0,0.0,0.0,0.0,0,0,0,
2026-09-29T16:36:17,25.0,24.0,25.0,0.0,0.0,0.0,0.0,0.0,0.0,0,0,0,
2026-09-29T16:36:19,25.0,24.0,25.0,0.0,0.0,0.0,0.0,0.0,0.0,0,0,0,
2026-09-29T16:36:21,25.0,24.0,25.0,0.0,0.0,0.0,0.0,0.0,0.0,0,0,0,
2026-09-29T16:36:23,25.0,24.0,25.0,0.0,0.0,0.0,0.0,0.0,0.0,0,0,0,
2026-09-29T16:36:25,25.0,24.0,25.0,0.0,0.0,0.0,0.0,0.0,0.0,0,0,0,
2026-09-29T16:36:27,25.0,24.0,25.0,0.0,0.0,0.0,0.0,0.0,0.0,0,0,0,
2026-09-29T16:36:29,25.0,24.0,25.0,0.0,0.0,0.0,0.0,0.0,0.0,0,0,0,
2026-09-29T16:36:31,25.0,24.0,25.0,0.0,0.0,0.0,0.0,0.0,0.0,0,0,0,
2026-09-29T16:36:33,25.0,24.0,25.0,0.0,0.0,0.0,0.0,0.0,0.0,0,0,0,
2026-09-29T16:36:35,25.0,24.0,25.0,0.0,0.0,0.0,0.0,0.0,0.0,0,0,0,
2026-09-29T16:36:38,25.0,24.0,25.0,0.0,0.0,0.0,0.0,0.0,0.0,0,0,0,
2026-09-29T16:36:40,25.0,24.0,25.0,0.0,0.0,0.0,0.0,0.0,0.0,0,0,0,
2026-09-29T16:36:42,25.0,24.0,25.0,0.0,0.0,0.0,0.0,0.0,0.0,0,0,0,
2026-09-29T16:36:44,25.0,24.0,25.0,0.0,0.0,0.0,0.0,0.0,0.0,0,0,0,
2026-09-29T16:36:46,25.0,24.0,25.0,0.0,0.0,0.0,0.0,0.0,0.0,0,0,0,
2026-09-29T16:36:48,25.0,24.0,25.0,0.0,0.0,0.0,0.0,0.0,0.0,0,0,0,
2026-09-29T16:36:50,25.0,24.0,25.0,0.0,0.0,0.0,0.0,0.0,0.0,0,0,0,
2026-09-29T16:36:52,25.0,24.0,25.0,0.0,0.0,0.0,0.0,0.0,0.0,0,0,0,
2026-09-29T16:36:54,25.0,24.0,25.0,0.0,0.0,0.0,0.0,0.0,0.0,0,0,0,
2026-09-29T16:36:56,25.0,24.0,25.0,0.0,0.0,0.0,0.0,0.0,0.0,0,0,0,
2026-09-29T16:36:58,25.0,24.0,25.0,0.0,0.0,0.0,0.0,0.0,0.0,0,0,0,
2026-09-29T16:37:00,25.0,24.0,25.0,0.0,0.0,0.0,0.0,0.0,0.0,0,0,0,
2026-09-29T16:37:02,25.0,24.0,25.0,0.0,0.0,0.0,0.0,0.0,0.0,0,0,0,
2026-09-29T16:37:04,25.0,24.0,25.0,0.0,0.0,0.0,0.0,0.0,0.0,0,0,0,
2026-09-29T16:37:06,25.0,24.0,25.0,0.0,0.0,0.0,0.0,0.0,0.0,0,0,0,
2026-09-29T16:37:08,25.0,24.0,25.0,0.0,0.0,0.0,0.0,0.0,0.0,0,0,0,
2026-09-29T16:37:10,25.0,24.0,25.0,0.0,0.0,0.0,0.0,0.0,0.0,0,0,0,
2026-09-29T16:37:12,25.0,24.0,25.0,0.0,0.0,0.0,0.0,0.0,0.0,0,0,0,
2026-09-29T16:37:14,25.0,24.0,25.0,0.0,0.0,0.0,0.0,0.0,0.0,0,0,0,
2026-09-29T16:37:16,25.0,24.0,25.0,0.0,0.0,0.0,0.0,0.0,0.0,0,0,0,
2026-09-29T16:37:18,25.0,24.0,25.0,0.0,0.0,0.0,0.0,0.0,0.0,0,0,0,
2026-09-29T16:37:20,25.0,24.0,25.0,0.0,0.0,0.0,0.0,0.0,0.0,0,0,0,
2026-09-29T16:37:22,25.0,24.0,25.0,0.0,0.0,0.0,0.0,0.0,0.0,0,0,0,
2026-09-29T16:37:24,25.0,24.0,25.0,0.0,0.0,0.0,0.0,0.0,0.0,0,0,0,
2026-09-29T16:37:26,25.0,24.0,25.0,0.0,0.0,0.0,0.0,0.0,0.0,0,0,0,
2026-09-29T16:37:28,25.0,24.0,25.0,0.0,0.0,0.0,0.0,0.0,0.0,0,0,0,
2026-09-29T16:37:30,25.0,24.0,25.0,0.0,0.0,0.0,0.0,0.0,0.0,0,0,0,
2026-09-29T16:37:32,25.0,24.0,25.0,0.0,0.0,0.0,0.0,0.0,0.0,0,0,0,
2026-09-29T16:37:34,25.0,24.0,25.0,0.0,0.0,0.0,0.0,0.0,0.0,0,0,0,
2026-09-29T16:37:36,25.0,24.0,25.0,0.0,0.0,0.0,0.0,0.0,0.0,0,0,0,
2026-09-29T16:37:38,25.0,24.0,25.0,0.0,0.0,0.0,0.0,0.0,0.0,0,0,0,
2026-09-29T16:37:40,25.0,24.0,25.0,0.0,0.0,0.0,0.0,0.0,0.0,0,0,0,
2026-09-29T16:37:42,25.0,24.0,25.0,0.0,0.0,0.0,0.0,0.0,0.0,0,0,0,
2026-09-29T16:37:44,25.0,24.0,25.0,0.0,0.0,0.0,0.0,0.0,0.0,0,0,0,
2026-09-29T16:37:46,25.0,24.0,25.0,0.0,0.0,0.0,0.0,0.0,0.0,0,0,0,
2026-09-29T16:37:48,25.0,24.0,25.0,0.0,0.0,0.0,0.0,0.0,0.0,0,0,0,
2026-09-29T16:37:50,25.0,24.0,25.0,0.0,0.0,0.0,0.0,0.0,0.0,0,0,0,
2026-09-29T16:37:52,25.0,24.0,25.0,0.0,0.0,0.0,0.0,0.0,0.0,0,0,0,
2026-09-29T16:37:54,25.0,24.0,25.0,0.0,0.0,0.0,0.0,0.0,0.0,0,0,0,
2026-09-29T16:37:56,25.0,24.0,25.0,0.0,0.0,0.0,0.0,0.0,0.0,0,0,0,
2026-09-29T16:37:58,25.0,24.0,25.0,0.0,0.0,0.0,0.0,0.0,0.0,0,0,0,
2026-09-29T16:38:00,25.0,24.0,25.0,0.0,0.0,0.0,0.0,0.0,0.0,0,0,0,
2026-09-29T16:38:02,25.0,24.0,25.0,0.0,0.0,0.0,0.0,0.0,0.0,0,0,0,
2026-09-29T16:38:04,25.0,24.0,25.0,0.0,0.0,0.0,0.0,0.0,0.0,0,0,0,
2026-09-29T16:38:06,25.0,24.0,25.0,0.0,0.0,0.0,0.0,0.0,0.0,0,0,0,
2026-09-29T16:38:08,25.0,24.0,25.0,0.0,0.0,0.0,0.0,0.0,0.0,0,0,0,
2026-09-29T16:38:10,25.0,24.0,25.0,0.0,0.0,0.0,0.0,0.0,0.0,0,0,0,
2026-09-29T16:38:12,25.0,24.0,25.0,0.0,0.0,0.0,0.0,0.0,0.0,0,0,0,
2026-09-29T16:38:14,25.0,24.0,25.0,0.0,0.0,0.0,0.0,0.0,0.0,0,0,0,
2026-09-29T16:38:16,25.0,24.0,25.0,0.0,0.0,0.0,0.0,0.0,0.0,0,0,0,
2026-09-29T16:38:18,25.0,24.0,25.0,0.0,0.0,0.0,0.0,0.0,0.0,0,0,0,
2026-09-29T16:38:20,25.0,24.0,25.0,0.0,0.0,0.0,0.0,0.0,0.0,0,0,0,
2026-09-29T16:38:22,25.0,24.0,25.0,0.0,0.0,0.0,0.0,0.0,0.0,0,0,0,
2026-09-29T16:38:24,25.0,24.0,25.0,0.0,0.0,0.0,0.0,0.0,0.0,0,0,0,
2026-09-29T16:38:26,25.0,24.0,25.0,0.0,0.0,0.0,0.0,0.0,0.0,0,0,0,
2026-09-29T16:38:28,25.0,24.0,25.0,0.0,0.0,0.0,0.0,0.0,0.0,0,0,0,
2026-09-29T16:38:30,25.0,24.0,25.0,0.0,0.0,0.0,0.0,0.0,0.0,0,0,0,
2026-09-29T16:38:32,25.0,24.0,25.0,0.0,0.0,0.0,0.0,0.0,0.0,0,0,0,
2026-09-29T16:38:34,25.0,24.0,25.0,0.0,0.0,0.0,0.0,0.0,0.0,0,0,0,
2026-09-29T16:38:36,25.0,24.0,25.0,0.0,0.0,0.0,0.0,0.0,0.0,0,0,0,
2026-09-29T16:38:38,25.0,24.0,25.0,0.0,0.0,0.0,0.0,0.0,0.0,0,0,0,
2026-09-29T16:38:40,25.0,24.0,25.0,0.0,0.0,0.0,0.0,0.0,0.0,0,0,0,
2026-09-29T16:38:42,25.0,24.0,25.0,0.0,0.0,0.0,0.0,0.0,0.0,0,0,0,
2026-09-29T16:38:44,25.0,24.0,25.0,0.0,0.0,0.0,0.0,0.0,0.0,0,0,0,
2026-09-29T16:38:46,25.0,24.0,25.0,0.0,0.0,0.0,0.0,0.0,0.0,0,0,0,
2026-09-29T16:38:48,25.0,24.0,25.0,0.0,0.0,0.0,0.0,0.0,0.0,0,0,0,
2026-09-29T16:38:50,25.0,24.0,25.0,0.0,0.0,0.0,0.0,0.0,0.0,0,0,0,
2026-09-29T16:38:52,25.0,24.0,25.0,0.0,0.0,0.0,0.0,0.0,0.0,0,0,0,
2026-09-29T16:38:54,25.0,24.0,25.0,0.0,0.0,0.0,0.0,0.0,0.0,0,0,0,
2026-09-29T16:38:56,25.0,24.0,25.0,0.0,0.0,0.0,0.0,0.0,0.0,0,0,0,
2026-09-29T16:38:58,25.0,24.0,25.0,0.0,0.0,0.0,0.0,0.0,0.0,0,0,0,
2026-09-29T16:39:00,25.0,24.0,25.0,0.0,0.0,0.0,0.0,0.0,0.0,0,0,0,
2026-09-29T16:39:02,25.0,24.0,25.0,0.0,0.0,0.0,0.0,0.0,0.0,0,0,0,
2026-09-29T16:39:04,25.0,24.0,25.0,0.0,0.0,0.0,0.0,0.0,0.0,0,0,0,
2026-09-29T16:39:06,25.0,24.0,25.0,0.0,0.0,0.0,0.0,0.0,0.0,0,0,0,
2026-09-29T16:39:08,25.0,24.0,25.0,0.0,0.0,0.0,0.0,0.0,0.0,0,0,0,
2026-09-29T16:39:10,25.0,24.0,25.0,0.0,0.0,0.0,0.0,0.0,0.0,0,0,0,
2026-09-29T16:39:12,25.0,24.0,25.0,0.0,0.0,0.0,0.0,0.0,0.0,0,0,0,
2026-09-29T16:39:14,25.0,24.0,25.0,0.0,0.0,0.0,0.0,0.0,0.0,0,0,0,
2026-09-29T16:39:16,25.0,24.0,25.0,0.0,0.0,0.0,0.0,0.0,0.0,0,0,0,
2026-09-29T16:39:18,25.0,24.0,25.0,0.0,0.0,0.0,0.0,0.0,0.0,0,0,0,
2026-09-29T16:39:20,25.0,24.0,25.0,0.0,0.0,0.0,0.0,0.0,0.0,0,0,0,
2026-09-29T16:39:22,25.0,24.0,25.0,0.0,0.0,0.0,0.0,0.0,0.0,0,0,0,
2026-09-29T16:39:24,25.0,24.0,25.0,0.0,0.0,0.0,0.0,0.0,0.0,0,0,0,
2026-09-29T16:39:26,25.0,24.0,25.0,0.0,0.0,0.0,0.0,0.0,0.0,0,0,0,
2026-09-29T16:39:28,25.0,24.0,25.0,0.0,0.0,0.0,0.0,0.0,0.0,0,0,0,
2026-09-29T16:39:30,25.0,24.0,25.0,0.0,0.0,0.0,0.0,0.0,0.0,0,0,0,
2026-09-29T16:39:32,25.0,24.0,25.0,0.0,0.0,0.0,0.0,0.0,0.0,0,0,0,
2026-09-29T16:39:34,25.0,24.0,25.0,0.0,0.0,0.0,0.0,0.0,0.0,0,0,0,
2026-09-29T16:39:36,25.0,24.0,25.0,0.0,0.0,0.0,0.0,0.0,0.0,0,0,0,
2026-09-29T16:39:38,25.0,24.0,25.0,0.0,0.0,0.0,0.0,0.0,0.0,0,0,0,
2026-09-29T16:39:40,25.0,24.0,25.0,0.0,0.0,0.0,0.0,0.0,0.0,0,0,0,
2026-09-29T16:39:42,25.0,24.0,25.0,0.0,0.0,0.0,0.0,0.0,0.0,0,0,0,
2026-09-29T16:39:44,25.0,24.0,25.0,0.0,0.0,0.0,0.0,0.0,0.0,0,0,0,
2026-09-29T16:39:46,25.0,24.0,25.0,0.0,0.0,0.0,0.0,0.0,0.0,0,0,0,
2026-09-29T16:39:48,25.0,24.0,25.0,0.0,0.0,0.0,0.0,0.0,0.0,0,0,0,
2026-09-29T16:39:50,25.0,24.0,25.0,0.0,0.0,0.0,0.0,0.0,0.0,0,0,0,
2026-09-29T16:39:52,25.0,24.0,25.0,0.0,0.0,0.0,0.0,0.0,0.0,0,0,0,
2026-09-29T16:39:54,25.0,24.0,25.0,0.0,0.0,0.0,0.0,0.0,0.0,0,0,0,
2026-09-29T16:39:56,25.0,24.0,25.0,0.0,0.0,0.0,0.0,0.0,0.0,0,0,0,
2026-09-29T16:39:58,25.0,24.0,25.0,0.0,0.0,0.0,0.0,0.0,0.0,0,0,0,
2026-09-29T16:40:00,25.0,24.0,25.0,0.0,0.0,0.0,0.0,0.0,0.0,0,0,0,
2026-09-29T16:40:02,25.0,24.0,25.0,0.0,0.0,0.0,0.0,0.0,0.0,0,0,0,
2026-09-29T16:40:04,25.0,24.0,25.0,0.0,0.0,0.0,0.0,0.0,0.0,0,0,0,
2026-09-29T16:40:06,25.0,24.0,25.0,0.0,0.0,0.0,0.0,0.0,0.0,0,0,0,
2026-09-29T16:40:08,25.0,24.0,25.0,0.0,0.0,0.0,0.0,0.0,0.0,0,0,0,
2026-09-29T16:40:10,25.0,24.0,25.0,0.0,0.0,0.0,0.0,0.0,0.0,0,0,0,
2026-09-29T16:40:12,25.0,24.0,25.0,0.0,0.0,0.0,0.0,0.0,0.0,0,0,0,
2026-09-29T16:40:14,25.0,24.0,25.0,0.0,0.0,0.0,0.0,0.0,0.0,0,0,0,
2026-09-29T16:40:16,25.0,24.0,25.0,0.0,0.0,0.0,0.0,0.0,0.0,0,0,0,
2026-09-29T16:40:18,25.0,24.0,25.0,0.0,0.0,0.0,0.0,0.0,0.0,0,0,0,
2026-09-29T16:40:20,25.0,24.0,25.0,0.0,0.0,0.0,0.0,0.0,0.0,0,0,0,
2026-09-29T16:40:22,25.0,24.0,25.0,0.0,0.0,0.0,0.0,0.0,0.0,0,0,0,
2026-09-29T16:40:24,25.0,24.0,25.0,0.0,0.0,0.0,0.0,0.0,0.0,0,0,0,
2026-09-29T16:40:27,25.0,24.0,25.0,0.0,0.0,0.0,0.0,0.0,0.0,0,0,0,
2026-09-29T16:40:29,25.0,24.0,25.0,0.0,0.0,0.0,0.0,0.0,0.0,0,0,0,
2026-09-29T16:40:31,25.0,24.0,25.0,0.0,0.0,0.0,0.0,0.0,0.0,0,0,0,
2026-09-29T16:40:33,25.0,24.0,25.0,0.0,0.0,0.0,0.0,0.0,0.0,0,0,0,
2026-09-29T16:40:35,25.0,24.0,25.0,0.0,0.0,0.0,0.0,0.0,0.0,0,0,0,
2026-09-29T16:40:37,25.0,24.0,25.0,0.0,0.0,0.0,0.0,0.0,0.0,0,0,0,
2026-09-29T16:40:39,25.0,24.0,25.0,0.0,0.0,0.0,0.0,0.0,0.0,0,0,0,
2026-09-29T16:40:41,25.0,24.0,25.0,0.0,0.0,0.0,0.0,0.0,0.0,0,0,0,
2026-09-29T16:40:43,25.0,24.0,25.0,0.0,0.0,0.0,0.0,0.0,0.0,0,0,0,
2026-09-29T16:40:45,25.0,24.0,25.0,0.0,0.0,0.0,0.0,0.0,0.0,0,0,0,
2026-09-29T16:40:47,25.0,24.0,25.0,0.0,0.0,0.0,0.0,0.0,0.0,0,0,0,
2026-09-29T16:40:49,25.0,24.0,25.0,0.0,0.0,0.0,0.0,0.0,0.0,0,0,0,
2026-09-29T16:40:51,25.0,24.0,25.0,0.0,0.0,0.0,0.0,0.0,0.0,0,0,0,
2026-09-29T16:40:53,25.0,24.0,25.0,0.0,0.0,0.0,0.0,0.0,0.0,0,0,0,
2026-09-29T16:40:55,25.0,24.0,25.0,0.0,0.0,0.0,0.0,0.0,0.0,0,0,0,
2026-09-29T16:40:57,25.0,24.0,25.0,0.0,0.0,0.0,0.0,0.0,0.0,0,0,0,
2026-09-29T16:40:59,25.0,24.0,25.0,0.0,0.0,0.0,0.0,0.0,0.0,0,0,0,
2026-09-29T16:41:01,25.0,24.0,25.0,0.0,0.0,0.0,0.0,0.0,0.0,0,0,0,
2026-09-29T16:41:03,25.0,24.0,25.0,0.0,0.0,0.0,0.0,0.0,0.0,0,0,0,
2026-09-29T16:41:05,25.0,24.0,25.0,0.0,0.0,0.0,0.0,0.0,0.0,0,0,0,
2026-09-29T16:41:07,25.0,24.0,25.0,0.0,0.0,0.0,0.0,0.0,0.0,0,0,0,
2026-09-29T16:41:09,25.0,24.0,25.0,0.0,0.0,0.0,0.0,0.0,0.0,0,0,0,
2026-09-29T16:41:11,25.0,24.0,25.0,0.0,0.0,0.0,0.0,0.0,0.0,0,0,0,
2026-09-29T16:41:13,25.0,24.0,25.0,0.0,0.0,0.0,0.0,0.0,0.0,0,0,0,
2026-09-29T16:41:15,25.0,24.0,25.0,0.0,0.0,0.0,0.0,0.0,0.0,0,0,0,
2026-09-29T16:41:17,25.0,24.0,25.0,0.0,0.0,0.0,0.0,0.0,0.0,0,0,0,
2026-09-29T16:41:19,25.0,24.0,25.0,0.0,0.0,0.0,0.0,0.0,0.0,0,0,0,
2026-09-29T16:41:21,25.0,24.0,25.0,0.0,0.0,0.0,0.0,0.0,0.0,0,0,0,
2026-09-29T16:41:23,25.0,24.0,25.0,0.0,0.0,0.0,0.0,0.0,0.0,0,0,0,
2026-09-29T16:41:25,25.0,24.0,25.0,0.0,0.0,0.0,0.0,0.0,0.0,0,0,0,
2026-09-29T16:41:27,25.0,24.0,25.0,0.0,0.0,0.0,0.0,0.0,0.0,0,0,0,
2026-09-29T16:41:29,25.0,24.0,25.0,0.0,0.0,0.0,0.0,0.0,0.0,0,0,0,
2026-09-29T16:41:31,25.0,24.0,25.0,0.0,0.0,0.0,0.0,0.0,0.0,0,0,0,
2026-09-29T16:41:33,25.0,24.0,25.0,0.0,0.0,0.0,0.0,0.0,0.0,0,0,0,
2026-09-29T16:41:35,25.0,24.0,25.0,0.0,0.0,0.0,0.0,0.0,0.0,0,0,0,
2026-09-29T16:41:37,25.0,24.0,25.0,0.0,0.0,0.0,0.0,0.0,0.0,0,0,0,
2026-09-29T16:41:39,25.0,24.0,25.0,0.0,0.0,0.0,0.0,0.0,0.0,0,0,0,
2026-09-29T16:41:41,25.0,24.0,25.0,0.0,0.0,0.0,0.0,0.0,0.0,0,0,0,
2026-09-29T16:41:43,25.0,24.0,25.0,0.0,0.0,0.0,0.0,0.0,0.0,0,0,0,
2026-09-29T16:41:45,25.0,24.0,25.0,0.0,0.0,0.0,0.0,0.0,0.0,0,0,0,
2026-09-29T16:41:47,25.0,24.0,25.0,0.0,0.0,0.0,0.0,0.0,0.0,0,0,0,
2026-09-29T16:41:49,25.0,24.0,25.0,0.0,0.0,0.0,0.0,0.0,0.0,0,0,0,
2026-09-29T16:41:51,25.0,24.0,25.0,0.0,0.0,0.0,0.0,0.0,0.0,0,0,0,
2026-09-29T16:41:53,25.0,24.0,25.0,0.0,0.0,0.0,0.0,0.0,0.0,0,0,0,
2026-09-29T16:41:55,25.0,24.0,25.0,0.0,0.0,0.0,0.0,0.0,0.0,0,0,0,
2026-09-29T16:41:57,25.0,24.0,25.0,0.0,0.0,0.0,0.0,0.0,0.0,0,0,0,
2026-09-29T16:41:59,25.0,24.0,25.0,0.0,0.0,0.0,0.0,0.0,0.0,0,0,0,
2026-09-29T16:42:01,25.0,24.0,25.0,0.0,0.0,0.0,0.0,0.0,0.0,0,0,0,
2026-09-29T16:42:03,25.0,24.0,25.0,0.0,0.0,0.0,0.0,0.0,0.0,0,0,0,
2026-09-29T16:42:05,25.0,24.0,25.0,0.0,0.0,0.0,0.0,0.0,0.0,0,0,0,
2026-09-29T16:42:07,25.0,24.0,25.0,0.0,0.0,0.0,0.0,0.0,0.0,0,0,0,
2026-09-29T16:42:09,25.0,24.0,25.0,0.0,0.0,0.0,0.0,0.0,0.0,0,0,0,
2026-09-29T16:42:11,25.0,24.0,25.0,0.0,0.0,0.0,0.0,0.0,0.0,0,0,0,
2026-09-29T16:42:13,25.0,24.0,25.0,0.0,0.0,0.0,0.0,0.0,0.0,0,0,0,
2026-09-29T16:42:15,25.0,24.0,25.0,0.0,0.0,0.0,0.0,0.0,0.0,0,0,0,
2026-09-29T16:42:17,25.0,24.0,25.0,0.0,0.0,0.0,0.0,0.0,0.0,0,0,0,
2026-09-29T16:42:19,25.0,24.0,25.0,0.0,0.0,0.0,0.0,0.0,0.0,0,0,0,
2026-09-29T16:42:21,25.0,24.0,25.0,0.0,0.0,0.0,0.0,0.0,0.0,0,0,0,
2026-09-29T16:42:23,25.0,24.0,25.0,0.0,0.0,0.0,0.0,0.0,0.0,0,0,0,
2026-09-29T16:42:25,25.0,24.0,25.0,0.0,0.0,0.0,0.0,0.0,0.0,0,0,0,
2026-09-29T16:42:27,25.0,24.0,25.0,0.0,0.0,0.0,0.0,0.0,0.0,0,0,0,
2026-09-29T16:42:29,25.0,24.0,25.0,0.0,0.0,0.0,0.0,0.0,0.0,0,0,0,
2026-09-29T16:42:31,25.0,24.0,25.0,0.0,0.0,0.0,0.0,0.0,0.0,0,0,0,
2026-09-29T16:42:33,25.0,24.0,25.0,0.0,0.0,0.0,0.0,0.0,0.0,0,0,0,
2026-09-29T16:42:35,25.0,24.0,25.0,0.0,0.0,0.0,0.0,0.0,0.0,0,0,0,
2026-09-29T16:42:37,25.0,24.0,25.0,0.0,0.0,0.0,0.0,0.0,0.0,0,0,0,
2026-09-29T16:42:39,25.0,24.0,25.0,0.0,0.0,0.0,0.0,0.0,0.0,0,0,0,
2026-09-29T16:42:41,25.0,24.0,25.0,0.0,0.0,0.0,0.0,0.0,0.0,0,0,0,
2026-09-29T16:42:43,25.0,24.0,25.0,0.0,0.0,0.0,0.0,0.0,0.0,0,0,0,
2026-09-29T16:42:45,25.0,24.0,25.0,0.0,0.0,0.0,0.0,0.0,0.0,0,0,0,
2026-09-29T16:42:47,25.0,24.0,25.0,0.0,0.0,0.0,0.0,0.0,0.0,0,0,0,
2026-09-29T16:42:49,25.0,24.0,25.0,0.0,0.0,0.0,0.0,0.0,0.0,0,0,0,
2026-09-29T16:42:51,25.0,24.0,25.0,0.0,0.0,0.0,0.0,0.0,0.0,0,0,0,
2026-09-29T16:42:53,25.0,24.0,25.0,0.0,0.0,0.0,0.0,0.0,0.0,0,0,0,
2026-09-29T16:42:55,25.0,24.0,25.0,0.0,0.0,0.0,0.0,0.0,0.0,0,0,0,
2026-09-29T16:42:57,25.0,24.0,25.0,0.0,0.0,0.0,0.0,0.0,0.0,0,0,0,
2026-09-29T16:42:59,25.0,24.0,25.0,0.0,0.0,0.0,0.0,0.0,0.0,0,0,0,
2026-09-29T16:43:01,25.0,24.0,25.0,0.0,0.0,0.0,0.0,0.0,0.0,0,0,0,
2026-09-29T16:43:03,25.0,24.0,25.0,0.0,0.0,0.0,0.0,0.0,0.0,0,0,0,
2026-09-29T16:43:05,25.0,24.0,25.0,0.0,0.0,0.0,0.0,0.0,0.0,0,0,0,
2026-09-29T16:43:07,25.0,24.0,25.0,0.0,0.0,0.0,0.0,0.0,0.0,0,0,0,
2026-09-29T16:43:09,25.0,24.0,25.0,0.0,0.0,0.0,0.0,0.0,0.0,0,0,0,
2026-09-29T16:43:11,25.0,24.0,25.0,0.0,0.0,0.0,0.0,0.0,0.0,0,0,0,
2026-09-29T16:43:13,25.0,24.0,25.0,0.0,0.0,0.0,0.0,0.0,0.0,0,0,0,
2026-09-29T16:43:15,25.0,24.0,25.0,0.0,0.0,0.0,0.0,0.0,0.0,0,0,0,
2026-09-29T16:43:17,25.0,24.0,25.0,0.0,0.0,0.0,0.0,0.0,0.0,0,0,0,
2026-09-29T16:43:19,25.0,24.0,25.0,0.0,0.0,0.0,0.0,0.0,0.0,0,0,0,
2026-09-29T16:43:21,25.0,24.0,25.0,0.0,0.0,0.0,0.0,0.0,0.0,0,0,0,
2026-09-29T16:43:23,25.0,24.0,25.0,0.0,0.0,0.0,0.0,0.0,0.0,0,0,0,
2026-09-29T16:43:25,25.0,24.0,25.0,0.0,0.0,0.0,0.0,0.0,0.0,0,0,0,
2026-09-29T16:43:27,25.0,24.0,25.0,0.0,0.0,0.0,0.0,0.0,0.0,0,0,0,
2026-09-29T16:43:29,25.0,24.0,25.0,0.0,0.0,0.0,0.0,0.0,0.0,0,0,0,
2026-09-29T16:43:31,25.0,24.0,25.0,0.0,0.0,0.0,0.0,0.0,0.0,0,0,0,
2026-09-29T16:43:33,25.0,24.0,25.0,0.0,0.0,0.0,0.0,0.0,0.0,0,0,0,
2026-09-29T16:43:35,25.0,24.0,25.0,0.0,0.0,0.0,0.0,0.0,0.0,0,0,0,
2026-09-29T16:43:37,25.0,24.0,25.0,0.0,0.0,0.0,0.0,0.0,0.0,0,0,0,
2026-09-29T16:43:39,25.0,24.0,25.0,0.0,0.0,0.0,0.0,0.0,0.0,0,0,0,
2026-09-29T16:43:41,25.0,24.0,25.0,0.0,0.0,0.0,0.0,0.0,0.0,0,0,0,
2026-09-29T16:43:43,25.0,24.0,25.0,0.0,0.0,0.0,0.0,0.0,0.0,0,0,0,
2026-09-29T16:43:45,25.0,24.0,25.0,0.0,0.0,0.0,0.0,0.0,0.0,0,0,0,
2026-09-29T16:43:47,25.0,24.0,25.0,0.0,0.0,0.0,0.0,0.0,0.0,0,0,0,
2026-09-29T16:43:49,25.0,24.0,25.0,0.0,0.0,0.0,0.0,0.0,0.0,0,0,0,
2026-09-29T16:43:51,25.0,24.0,25.0,0.0,0.0,0.0,0.0,0.0,0.0,0,0,0,
2026-09-29T16:43:53,25.0,24.0,25.0,0.0,0.0,0.0,0.0,0.0,0.0,0,0,0,
2026-09-29T16:43:55,25.0,24.0,25.0,0.0,0.0,0.0,0.0,0.0,0.0,0,0,0,
2026-09-29T16:43:57,25.0,24.0,25.0,0.0,0.0,0.0,0.0,0.0,0.0,0,0,0,
2026-09-29T16:43:59,25.0,24.0,25.0,0.0,0.0,0.0,0.0,0.0,0.0,0,0,0,
2026-09-29T16:44:01,25.0,24.0,25.0,0.0,0.0,0.0,0.0,0.0,0.0,0,0,0,
2026-09-29T16:44:03,25.0,24.0,25.0,0.0,0.0,0.0,0.0,0.0,0.0,0,0,0,
2026-09-29T16:44:05,25.0,24.0,25.0,0.0,0.0,0.0,0.0,0.0,0.0,0,0,0,
2026-09-29T16:44:07,25.0,24.0,25.0,0.0,0.0,0.0,0.0,0.0,0.0,0,0,0,
2026-09-29T16:44:09,25.0,24.0,25.0,0.0,0.0,0.0,0.0,0.0,0.0,0,0,0,
2026-09-29T16:44:11,25.0,24.0,25.0,0.0,0.0,0.0,0.0,0.0,0.0,0,0,0,
2026-09-29T16:44:13,25.0,24.0,25.0,0.0,0.0,0.0,0.0,0.0,0.0,0,0,0,
2026-09-29T16:44:15,25.0,24.0,25.0,0.0,0.0,0.0,0.0,0.0,0.0,0,0,0,
2026-09-29T16:44:17,25.0,24.0,25.0,0.0,0.0,0.0,0.0,0.0,0.0,0,0,0,
2026-09-29T16:44:19,25.0,24.0,25.0,0.0,0.0,0.0,0.0,0.0,0.0,0,0,0,
2026-09-29T16:44:21,25.0,24.0,25.0,0.0,0.0,0.0,0.0,0.0,0.0,0,0,0,
2026-09-29T16:44:23,25.0,24.0,25.0,0.0,0.0,0.0,0.0,0.0,0.0,0,0,0,
2026-09-29T16:44:25,25.0,24.0,25.0,0.0,0.0,0.0,0.0,0.0,0.0,0,0,0,
2026-09-29T16:44:27,25.0,24.0,25.0,0.0,0.0,0.0,0.0,0.0,0.0,0,0,0,
2026-09-29T16:44:29,25.0,24.0,25.0,0.0,0.0,0.0,0.0,0.0,0.0,0,0,0,
2026-09-29T16:44:31,25.0,24.0,25.0,0.0,0.0,0.0,0.0,0.0,0.0,0,0,0,
2026-09-29T16:44:33,25.0,24.0,25.0,0.0,0.0,0.0,0.0,0.0,0.0,0,0,0,
2026-09-29T16:44:35,25.0,24.0,25.0,0.0,0.0,0.0,0.0,0.0,0.0,0,0,0,
2026-09-29T16:44:38,25.0,24.0,25.0,0.0,0.0,0.0,0.0,0.0,0.0,0,0,0,
2026-09-29T16:44:39,25.0,24.0,25.0,0.0,0.0,0.0,0.0,0.0,0.0,0,0,0,
2026-09-29T16:44:42,25.0,24.0,25.0,0.0,0.0,0.0,0.0,0.0,0.0,0,0,0,
2026-09-29T16:44:44,25.0,24.0,25.0,0.0,0.0,0.0,0.0,0.0,0.0,0,0,0,
2026-09-29T16:44:46,25.0,24.0,25.0,0.0,0.0,0.0,0.0,0.0,0.0,0,0,0,
2026-09-29T16:44:48,25.0,24.0,25.0,0.0,0.0,0.0,0.0,0.0,0.0,0,0,0,
2026-09-29T16:44:50,25.0,24.0,25.0,0.0,0.0,0.0,0.0,0.0,0.0,0,0,0,
2026-09-29T16:44:52,25.0,24.0,25.0,0.0,0.0,0.0,0.0,0.0,0.0,0,0,0,
2026-09-29T16:44:54,25.0,24.0,25.0,0.0,0.0,0.0,0.0,0.0,0.0,0,0,0,
2026-09-29T16:44:56,25.0,24.0,25.0,0.0,0.0,0.0,0.0,0.0,0.0,0,0,0,
2026-09-29T16:44:58,25.0,24.0,25.0,0.0,0.0,0.0,0.0,0.0,0.0,0,0,0,
2026-09-29T16:45:00,25.0,24.0,25.0,0.0,0.0,0.0,0.0,0.0,0.0,0,0,0,
2026-09-29T16:45:02,25.0,24.0,25.0,0.0,0.0,0.0,0.0,0.0,0.0,0,0,0,
2026-09-29T16:45:04,25.0,24.0,25.0,0.0,0.0,0.0,0.0,0.0,0.0,0,0,0,
2026-09-29T16:45:06,25.0,24.0,25.0,0.0,0.0,0.0,0.0,0.0,0.0,0,0,0,
2026-09-29T16:45:08,25.0,24.0,25.0,0.0,0.0,0.0,0.0,0.0,0.0,0,0,0,
2026-09-29T16:45:10,25.0,24.0,25.0,0.0,0.0,0.0,0.0,0.0,0.0,0,0,0,
2026-09-29T16:45:12,25.0,24.0,25.0,0.0,0.0,0.0,0.0,0.0,0.0,0,0,0,
2026-09-29T16:45:14,25.0,24.0,25.0,0.0,0.0,0.0,0.0,0.0,0.0,0,0,0,
2026-09-29T16:45:16,25.0,24.0,25.0,0.0,0.0,0.0,0.0,0.0,0.0,0,0,0,
2026-09-29T16:45:18,25.0,24.0,25.0,0.0,0.0,0.0,0.0,0.0,0.0,0,0,0,
2026-09-29T16:45:20,25.0,24.0,25.0,0.0,0.0,0.0,0.0,0.0,0.0,0,0,0,
2026-09-29T16:45:22,25.0,24.0,25.0,0.0,0.0,0.0,0.0,0.0,0.0,0,0,0,
2026-09-29T16:45:24,25.0,24.0,25.0,0.0,0.0,0.0,0.0,0.0,0.0,0,0,0,
2026-09-29T16:45:26,25.0,24.0,25.0,0.0,0.0,0.0,0.0,0.0,0.0,0,0,0,
2026-09-29T16:45:28,25.0,24.0,25.0,0.0,0.0,0.0,0.0,0.0,0.0,0,0,0,
2026-09-29T16:45:30,25.0,24.0,25.0,0.0,0.0,0.0,0.0,0.0,0.0,0,0,0,
2026-09-29T16:45:32,25.0,24.0,25.0,0.0,0.0,0.0,0.0,0.0,0.0,0,0,0,
2026-09-29T16:45:34,25.0,24.0,25.0,0.0,0.0,0.0,0.0,0.0,0.0,0,0,0,
2026-09-29T16:45:36,25.0,24.0,25.0,0.0,0.0,0.0,0.0,0.0,0.0,0,0,0,
2026-09-29T16:45:38,24.0,24.0,25.0,0.0,0.0,0.0,0.0,0.0,0.0,0,0,0,
2026-09-29T16:45:40,25.0,24.0,25.0,0.0,0.0,0.0,0.0,0.0,0.0,0,0,0,
2026-09-29T16:45:42,25.0,24.0,25.0,0.0,0.0,0.0,0.0,0.0,0.0,0,0,0,
2026-09-29T16:45:44,24.0,24.0,25.0,0.0,0.0,0.0,0.0,0.0,0.0,0,0,0,
2026-09-29T16:45:46,25.0,24.0,25.0,0.0,0.0,0.0,0.0,0.0,0.0,0,0,0,
2026-09-29T16:45:48,25.0,24.0,25.0,0.0,0.0,0.0,0.0,0.0,0.0,0,0,0,
2026-09-29T16:45:50,25.0,24.0,25.0,0.0,0.0,0.0,0.0,0.0,0.0,0,0,0,
2026-09-29T16:45:52,24.0,24.0,25.0,0.0,0.0,0.0,0.0,0.0,0.0,0,0,0,
2026-09-29T16:45:54,25.0,24.0,25.0,0.0,0.0,0.0,0.0,0.0,0.0,0,0,0,
2026-09-29T16:45:56,25.0,24.0,25.0,0.0,0.0,0.0,0.0,0.0,0.0,0,0,0,
2026-09-29T16:45:58,24.0,24.0,25.0,0.0,0.0,0.0,0.0,0.0,0.0,0,0,0,
2026-09-29T16:46:00,24.0,24.0,25.0,0.0,0.0,0.0,0.0,0.0,0.0,0,0,0,
2026-09-29T16:46:02,25.0,24.0,25.0,0.0,0.0,0.0,0.0,0.0,0.0,0,0,0,
2026-09-29T16:46:04,24.0,24.0,25.0,0.0,0.0,0.0,0.0,0.0,0.0,0,0,0,
2026-09-29T16:46:06,25.0,24.0,25.0,0.0,0.0,0.0,0.0,0.0,0.0,0,0,0,
2026-09-29T16:46:08,24.0,24.0,25.0,0.0,0.0,0.0,0.0,0.0,0.0,0,0,0,
2026-09-29T16:46:10,25.0,24.0,25.0,0.0,0.0,0.0,0.0,0.0,0.0,0,0,0,
2026-09-29T16:46:12,24.0,24.0,25.0,0.0,0.0,0.0,0.0,0.0,0.0,0,0,0,
2026-09-29T16:46:14,24.0,24.0,25.0,0.0,0.0,0.0,0.0,0.0,0.0,0,0,0,
2026-09-29T16:46:16,24.0,24.0,25.0,0.0,0.0,0.0,0.0,0.0,0.0,0,0,0,
2026-09-29T16:46:18,24.0,24.0,25.0,0.0,0.0,0.0,0.0,0.0,0.0,0,0,0,
2026-09-29T16:46:20,24.0,24.0,25.0,0.0,0.0,0.0,0.0,0.0,0.0,0,0,0,
2026-09-29T16:46:22,24.0,24.0,25.0,0.0,0.0,0.0,0.0,0.0,0.0,0,0,0,
2026-09-29T16:46:24,24.0,24.0,25.0,0.0,0.0,0.0,0.0,0.0,0.0,0,0,0,
2026-09-29T16:46:26,24.0,24.0,25.0,0.0,0.0,0.0,0.0,0.0,0.0,0,0,0,
2026-09-29T16:46:28,24.0,24.0,25.0,0.0,0.0,0.0,0.0,0.0,0.0,0,0,0,
2026-09-29T16:46:30,24.0,24.0,25.0,0.0,0.0,0.0,0.0,0.0,0.0,0,0,0,
2026-09-29T16:46:32,24.0,24.0,25.0,0.0,0.0,0.0,0.0,0.0,0.0,0,0,0,
2026-09-29T16:46:34,24.0,24.0,25.0,0.0,0.0,0.0,0.0,0.0,0.0,0,0,0,
2026-09-29T16:46:36,25.0,24.0,25.0,0.0,0.0,0.0,0.0,0.0,0.0,0,0,0,
2026-09-29T16:46:38,24.0,24.0,25.0,0.0,0.0,0.0,0.0,0.0,0.0,0,0,0,
2026-09-29T16:46:40,24.0,24.0,25.0,0.0,0.0,0.0,0.0,0.0,0.0,0,0,0,
2026-09-29T16:46:42,24.0,24.0,25.0,0.0,0.0,0.0,0.0,0.0,0.0,0,0,0,
2026-09-29T16:46:44,24.0,24.0,25.0,0.0,0.0,0.0,0.0,0.0,0.0,0,0,0,
2026-09-29T16:46:46,24.0,24.0,25.0,0.0,0.0,0.0,0.0,0.0,0.0,0,0,0,
2026-09-29T16:46:48,24.0,24.0,25.0,0.0,0.0,0.0,0.0,0.0,0.0,0,0,0,
2026-09-29T16:46:50,24.0,24.0,25.0,0.0,0.0,0.0,0.0,0.0,0.0,0,0,0,
2026-09-29T16:46:52,24.0,24.0,25.0,0.0,0.0,0.0,0.0,0.0,0.0,0,0,0,
2026-09-29T16:46:54,24.0,24.0,25.0,0.0,0.0,0.0,0.0,0.0,0.0,0,0,0,
2026-09-29T16:46:56,24.0,24.0,25.0,0.0,0.0,0.0,0.0,0.0,0.0,0,0,0,
2026-09-29T16:46:58,24.0,24.0,25.0,0.0,0.0,0.0,0.0,0.0,0.0,0,0,0,
2026-09-29T16:47:00,24.0,24.0,25.0,0.0,0.0,0.0,0.0,0.0,0.0,0,0,0,
2026-09-29T16:47:02,24.0,24.0,25.0,0.0,0.0,0.0,0.0,0.0,0.0,0,0,0,
2026-09-29T16:47:04,24.0,24.0,25.0,0.0,0.0,0.0,0.0,0.0,0.0,0,0,0,
2026-09-29T16:47:06,24.0,24.0,25.0,0.0,0.0,0.0,0.0,0.0,0.0,0,0,0,
2026-09-29T16:47:08,24.0,24.0,25.0,0.0,0.0,0.0,0.0,0.0,0.0,0,0,0,
2026-09-29T16:47:10,24.0,24.0,25.0,0.0,0.0,0.0,0.0,0.0,0.0,0,0,0,
2026-09-29T16:47:12,24.0,24.0,25.0,0.0,0.0,0.0,0.0,0.0,0.0,0,0,0,
2026-09-29T16:47:14,24.0,24.0,25.0,0.0,0.0,0.0,0.0,0.0,0.0,0,0,0,
2026-09-29T16:47:16,24.0,24.0,25.0,0.0,0.0,0.0,0.0,0.0,0.0,0,0,0,
2026-09-29T16:47:18,24.0,24.0,25.0,0.0,0.0,0.0,0.0,0.0,0.0,0,0,0,
2026-09-29T16:47:20,24.0,24.0,25.0,0.0,0.0,0.0,0.0,0.0,0.0,0,0,0,
2026-09-29T16:47:22,24.0,24.0,25.0,0.0,0.0,0.0,0.0,0.0,0.0,0,0,0,
2026-09-29T16:47:24,24.0,24.0,25.0,0.0,0.0,0.0,0.0,0.0,0.0,0,0,0,
2026-09-29T16:47:26,24.0,24.0,25.0,0.0,0.0,0.0,0.0,0.0,0.0,0,0,0,
2026-09-29T16:47:28,24.0,24.0,25.0,0.0,0.0,0.0,0.0,0.0,0.0,0,0,0,
2026-09-29T16:47:30,24.0,24.0,25.0,0.0,0.0,0.0,0.0,0.0,0.0,0,0,0,
2026-09-29T16:47:32,24.0,24.0,25.0,0.0,0.0,0.0,0.0,0.0,0.0,0,0,0,
2026-09-29T16:47:34,24.0,24.0,25.0,0.0,0.0,0.0,0.0,0.0,0.0,0,0,0,
2026-09-29T16:47:36,24.0,24.0,25.0,0.0,0.0,0.0,0.0,0.0,0.0,0,0,0,
2026-09-29T16:47:38,24.0,24.0,25.0,0.0,0.0,0.0,0.0,0.0,0.0,0,0,0,
2026-09-29T16:47:40,24.0,24.0,25.0,0.0,0.0,0.0,0.0,0.0,0.0,0,0,0,
2026-09-29T16:47:42,24.0,24.0,25.0,0.0,0.0,0.0,0.0,0.0,0.0,0,0,0,
2026-09-29T16:47:44,24.0,24.0,25.0,0.0,0.0,0.0,0.0,0.0,0.0,0,0,0,
2026-09-29T16:47:46,24.0,24.0,25.0,0.0,0.0,0.0,0.0,0.0,0.0,0,0,0,
2026-09-29T16:47:48,24.0,24.0,25.0,0.0,0.0,0.0,0.0,0.0,0.0,0,0,0,
2026-09-29T16:47:50,24.0,24.0,25.0,0.0,0.0,0.0,0.0,0.0,0.0,0,0,0,
2026-09-29T16:47:52,24.0,24.0,25.0,0.0,0.0,0.0,0.0,0.0,0.0,0,0,0,
2026-09-29T16:47:54,24.0,24.0,25.0,0.0,0.0,0.0,0.0,0.0,0.0,0,0,0,
2026-09-29T16:47:56,24.0,24.0,25.0,0.0,0.0,0.0,0.0,0.0,0.0,0,0,0,
2026-09-29T16:47:58,24.0,24.0,25.0,0.0,0.0,0.0,0.0,0.0,0.0,0,0,0,
2026-09-29T16:48:00,24.0,24.0,25.0,0.0,0.0,0.0,0.0,0.0,0.0,0,0,0,
2026-09-29T16:48:02,24.0,24.0,25.0,0.0,0.0,0.0,0.0,0.0,0.0,0,0,0,
2026-09-29T16:48:04,24.0,24.0,25.0,0.0,0.0,0.0,0.0,0.0,0.0,0,0,0,
2026-09-29T16:48:06,24.0,24.0,25.0,0.0,0.0,0.0,0.0,0.0,0.0,0,0,0,
2026-09-29T16:48:08,24.0,24.0,25.0,0.0,0.0,0.0,0.0,0.0,0.0,0,0,0,
2026-09-29T16:48:10,24.0,24.0,25.0,0.0,0.0,0.0,0.0,0.0,0.0,0,0,0,
2026-09-29T16:48:12,24.0,24.0,25.0,0.0,0.0,0.0,0.0,0.0,0.0,0,0,0,
2026-09-29T16:48:14,24.0,24.0,25.0,0.0,0.0,0.0,0.0,0.0,0.0,0,0,0,
2026-09-29T16:48:16,24.0,24.0,25.0,0.0,0.0,0.0,0.0,0.0,0.0,0,0,0,
2026-09-29T16:48:18,24.0,24.0,25.0,0.0,0.0,0.0,0.0,0.0,0.0,0,0,0,
2026-09-29T16:48:20,24.0,24.0,25.0,0.0,0.0,0.0,0.0,0.0,0.0,0,0,0,
2026-09-29T16:48:22,24.0,24.0,25.0,0.0,0.0,0.0,0.0,0.0,0.0,0,0,0,
2026-09-29T16:48:24,24.0,24.0,25.0,0.0,0.0,0.0,0.0,0.0,0.0,0,0,0,
2026-09-29T16:48:26,24.0,24.0,25.0,0.0,0.0,0.0,0.0,0.0,0.0,0,0,0,
2026-09-29T16:48:28,24.0,24.0,25.0,0.0,0.0,0.0,0.0,0.0,0.0,0,0,0,
2026-09-29T16:48:30,24.0,24.0,25.0,0.0,0.0,0.0,0.0,0.0,0.0,0,0,0,
2026-09-29T16:48:32,24.0,24.0,25.0,0.0,0.0,0.0,0.0,0.0,0.0,0,0,0,
2026-09-29T16:48:34,24.0,24.0,25.0,0.0,0.0,0.0,0.0,0.0,0.0,0,0,0,
2026-09-29T16:48:36,24.0,24.0,25.0,0.0,0.0,0.0,0.0,0.0,0.0,0,0,0,
2026-09-29T16:48:38,24.0,24.0,25.0,0.0,0.0,0.0,0.0,0.0,0.0,0,0,0,
2026-09-29T16:48:40,24.0,24.0,25.0,0.0,0.0,0.0,0.0,0.0,0.0,0,0,0,
2026-09-29T16:48:42,24.0,24.0,25.0,0.0,0.0,0.0,0.0,0.0,0.0,0,0,0,
2026-09-29T16:48:44,24.0,24.0,25.0,0.0,0.0,0.0,0.0,0.0,0.0,0,0,0,
2026-09-29T16:48:46,24.0,24.0,25.0,0.0,0.0,0.0,0.0,0.0,0.0,0,0,0,
2026-09-29T16:48:48,24.0,24.0,25.0,0.0,0.0,0.0,0.0,0.0,0.0,0,0,0,
2026-09-29T16:48:50,24.0,24.0,25.0,0.0,0.0,0.0,0.0,0.0,0.0,0,0,0,
2026-09-29T16:48:52,24.0,24.0,25.0,0.0,0.0,0.0,0.0,0.0,0.0,0,0,0,
2026-09-29T16:48:54,24.0,24.0,25.0,0.0,0.0,0.0,0.0,0.0,0.0,0,0,0,
2026-09-29T16:48:56,24.0,24.0,25.0,0.0,0.0,0.0,0.0,0.0,0.0,0,0,0,
2026-09-29T16:48:58,24.0,24.0,25.0,0.0,0.0,0.0,0.0,0.0,0.0,0,0,0,
2026-09-29T16:49:00,24.0,24.0,25.0,0.0,0.0,0.0,0.0,0.0,0.0,0,0,0,
2026-09-29T16:49:02,24.0,24.0,25.0,0.0,0.0,0.0,0.0,0.0,0.0,0,0,0,
2026-09-29T16:49:04,24.0,24.0,25.0,0.0,0.0,0.0,0.0,0.0,0.0,0,0,0,
2026-09-29T16:49:06,24.0,24.0,25.0,0.0,0.0,0.0,0.0,0.0,0.0,0,0,0,
2026-09-29T16:49:08,24.0,24.0,25.0,0.0,0.0,0.0,0.0,0.0,0.0,0,0,0,
2026-09-29T16:49:10,24.0,24.0,25.0,0.0,0.0,0.0,0.0,0.0,0.0,0,0,0,
2026-09-29T16:49:12,24.0,24.0,25.0,0.0,0.0,0.0,0.0,0.0,0.0,0,0,0,
2026-09-29T16:49:14,24.0,24.0,25.0,0.0,0.0,0.0,0.0,0.0,0.0,0,0,0,
2026-09-29T16:49:16,24.0,24.0,25.0,0.0,0.0,0.0,0.0,0.0,0.0,0,0,0,
2026-09-29T16:49:18,24.0,24.0,25.0,0.0,0.0,0.0,0.0,0.0,0.0,0,0,0,
2026-09-29T16:49:21,24.0,24.0,25.0,0.0,0.0,0.0,0.0,0.0,0.0,0,0,0,
2026-09-29T16:49:23,24.0,24.0,25.0,0.0,0.0,0.0,0.0,0.0,0.0,0,0,0,
2026-09-29T16:49:25,24.0,24.0,25.0,0.0,0.0,0.0,0.0,0.0,0.0,0,0,0,
2026-09-29T16:49:27,24.0,24.0,25.0,0.0,0.0,0.0,0.0,0.0,0.0,0,0,0,
2026-09-29T16:49:29,24.0,24.0,25.0,0.0,0.0,0.0,0.0,0.0,0.0,0,0,0,
2026-09-29T16:49:31,24.0,24.0,25.0,0.0,0.0,0.0,0.0,0.0,0.0,0,0,0,
2026-09-29T16:49:33,24.0,24.0,25.0,0.0,0.0,0.0,0.0,0.0,0.0,0,0,0,
2026-09-29T16:49:35,24.0,24.0,25.0,0.0,0.0,0.0,0.0,0.0,0.0,0,0,0,
2026-09-29T16:49:37,24.0,24.0,25.0,0.0,0.0,0.0,0.0,0.0,0.0,0,0,0,
2026-09-29T16:49:39,24.0,24.0,25.0,0.0,0.0,0.0,0.0,0.0,0.0,0,0,0,
2026-09-29T16:49:41,24.0,24.0,25.0,0.0,0.0,0.0,0.0,0.0,0.0,0,0,0,
2026-09-29T16:49:43,24.0,24.0,25.0,0.0,0.0,0.0,0.0,0.0,0.0,0,0,0,
2026-09-29T16:49:45,24.0,24.0,25.0,0.0,0.0,0.0,0.0,0.0,0.0,0,0,0,
2026-09-29T16:49:47,24.0,24.0,25.0,0.0,0.0,0.0,0.0,0.0,0.0,0,0,0,
2026-09-29T16:49:49,24.0,24.0,25.0,0.0,0.0,0.0,0.0,0.0,0.0,0,0,0,
2026-09-29T16:49:51,24.0,24.0,25.0,0.0,0.0,0.0,0.0,0.0,0.0,0,0,0,
2026-09-29T16:49:53,24.0,24.0,25.0,0.0,0.0,0.0,0.0,0.0,0.0,0,0,0,
2026-09-29T16:49:55,24.0,24.0,25.0,0.0,0.0,0.0,0.0,0.0,0.0,0,0,0,
2026-09-29T16:49:57,24.0,24.0,25.0,0.0,0.0,0.0,0.0,0.0,0.0,0,0,0,
2026-09-29T16:49:59,24.0,24.0,25.0,0.0,0.0,0.0,0.0,0.0,0.0,0,0,0,
2026-09-29T16:50:01,24.0,24.0,25.0,0.0,0.0,0.0,0.0,0.0,0.0,0,0,0,
2026-09-29T16:50:03,24.0,24.0,25.0,0.0,0.0,0.0,0.0,0.0,0.0,0,0,0,
2026-09-29T16:50:05,24.0,24.0,25.0,0.0,0.0,0.0,0.0,0.0,0.0,0,0,0,
2026-09-29T16:50:07,24.0,24.0,25.0,0.0,0.0,0.0,0.0,0.0,0.0,0,0,0,
2026-09-29T16:50:09,24.0,24.0,25.0,0.0,0.0,0.0,0.0,0.0,0.0,0,0,0,
2026-09-29T16:50:11,24.0,24.0,25.0,0.0,0.0,0.0,0.0,0.0,0.0,0,0,0,
2026-09-29T16:50:13,24.0,24.0,25.0,0.0,0.0,0.0,0.0,0.0,0.0,0,0,0,
2026-09-29T16:50:15,24.0,24.0,25.0,0.0,0.0,0.0,0.0,0.0,0.0,0,0,0,
2026-09-29T16:50:17,24.0,24.0,25.0,0.0,0.0,0.0,0.0,0.0,0.0,0,0,0,
2026-09-29T16:50:19,24.0,24.0,25.0,0.0,0.0,0.0,0.0,0.0,0.0,0,0,0,
2026-09-29T16:50:21,24.0,24.0,25.0,0.0,0.0,0.0,0.0,0.0,0.0,0,0,0,
2026-09-29T16:50:23,24.0,24.0,25.0,0.0,0.0,0.0,0.0,0.0,0.0,0,0,0,
2026-09-29T16:50:25,24.0,24.0,25.0,0.0,0.0,0.0,0.0,0.0,0.0,0,0,0,
2026-09-29T16:50:27,24.0,24.0,25.0,0.0,0.0,0.0,0.0,0.0,0.0,0,0,0,
2026-09-29T16:50:29,24.0,24.0,25.0,0.0,0.0,0.0,0.0,0.0,0.0,0,0,0,
2026-09-29T16:50:31,24.0,24.0,25.0,0.0,0.0,0.0,0.0,0.0,0.0,0,0,0,
2026-09-29T16:50:33,24.0,24.0,25.0,0.0,0.0,0.0,0.0,0.0,0.0,0,0,0,
2026-09-29T16:50:35,24.0,24.0,25.0,0.0,0.0,0.0,0.0,0.0,0.0,0,0,0,
2026-09-29T16:50:37,24.0,24.0,25.0,0.0,0.0,0.0,0.0,0.0,0.0,0,0,0,
2026-09-29T16:50:39,24.0,24.0,25.0,0.0,0.0,0.0,0.0,0.0,0.0,0,0,0,
2026-09-29T16:50:41,24.0,24.0,25.0,0.0,0.0,0.0,0.0,0.0,0.0,0,0,0,
2026-09-29T16:50:43,24.0,24.0,25.0,0.0,0.0,0.0,0.0,0.0,0.0,0,0,0,
2026-09-29T16:50:45,24.0,24.0,25.0,0.0,0.0,0.0,0.0,0.0,0.0,0,0,0,
2026-09-29T16:50:47,24.0,24.0,25.0,0.0,0.0,0.0,0.0,0.0,0.0,0,0,0,
2026-09-29T16:50:49,24.0,24.0,25.0,0.0,0.0,0.0,0.0,0.0,0.0,0,0,0,
2026-09-29T16:50:51,24.0,24.0,25.0,0.0,0.0,0.0,0.0,0.0,0.0,0,0,0,
2026-09-29T16:50:53,24.0,24.0,25.0,0.0,0.0,0.0,0.0,0.0,0.0,0,0,0,
2026-09-29T16:50:55,24.0,24.0,25.0,0.0,0.0,0.0,0.0,0.0,0.0,0,0,0,
2026-09-29T16:50:57,24.0,24.0,25.0,0.0,0.0,0.0,0.0,0.0,0.0,0,0,0,
2026-09-29T16:50:59,24.0,24.0,25.0,0.0,0.0,0.0,0.0,0.0,0.0,0,0,0,
2026-09-29T16:51:01,24.0,24.0,25.0,0.0,0.0,0.0,0.0,0.0,0.0,0,0,0,
2026-09-29T16:51:03,24.0,24.0,25.0,0.0,0.0,0.0,0.0,0.0,0.0,0,0,0,
2026-09-29T16:51:05,24.0,24.0,25.0,0.0,0.0,0.0,0.0,0.0,0.0,0,0,0,
2026-09-29T16:51:07,24.0,24.0,25.0,0.0,0.0,0.0,0.0,0.0,0.0,0,0,0,
2026-09-29T16:51:09,24.0,24.0,25.0,0.0,0.0,0.0,0.0,0.0,0.0,0,0,0,
2026-09-29T16:51:11,24.0,24.0,25.0,0.0,0.0,0.0,0.0,0.0,0.0,0,0,0,
2026-09-29T16:51:13,24.0,24.0,25.0,0.0,0.0,0.0,0.0,0.0,0.0,0,0,0,
2026-09-29T16:51:15,24.0,24.0,25.0,0.0,0.0,0.0,0.0,0.0,0.0,0,0,0,
2026-09-29T16:51:17,24.0,24.0,25.0,0.0,0.0,0.0,0.0,0.0,0.0,0,0,0,
2026-09-29T16:51:19,24.0,24.0,25.0,0.0,0.0,0.0,0.0,0.0,0.0,0,0,0,
2026-09-29T16:51:21,24.0,24.0,25.0,0.0,0.0,0.0,0.0,0.0,0.0,0,0,0,
2026-09-29T16:51:23,24.0,24.0,25.0,0.0,0.0,0.0,0.0,0.0,0.0,0,0,0,
2026-09-29T16:51:25,24.0,24.0,25.0,0.0,0.0,0.0,0.0,0.0,0.0,0,0,0,
2026-09-29T16:51:27,24.0,24.0,25.0,0.0,0.0,0.0,0.0,0.0,0.0,0,0,0,
2026-09-29T16:51:29,24.0,24.0,25.0,0.0,0.0,0.0,0.0,0.0,0.0,0,0,0,
2026-09-29T16:51:31,24.0,24.0,25.0,0.0,0.0,0.0,0.0,0.0,0.0,0,0,0,
2026-09-29T16:51:33,24.0,24.0,25.0,0.0,0.0,0.0,0.0,0.0,0.0,0,0,0,
2026-09-29T16:51:35,24.0,24.0,25.0,0.0,0.0,0.0,0.0,0.0,0.0,0,0,0,
2026-09-29T16:51:37,24.0,24.0,25.0,0.0,0.0,0.0,0.0,0.0,0.0,0,0,0,
2026-09-29T16:51:39,24.0,24.0,25.0,0.0,0.0,0.0,0.0,0.0,0.0,0,0,0,
2026-09-29T16:51:41,24.0,24.0,25.0,0.0,0.0,0.0,0.0,0.0,0.0,0,0,0,
2026-09-29T16:51:43,24.0,24.0,25.0,0.0,0.0,0.0,0.0,0.0,0.0,0,0,0,
2026-09-29T16:51:45,24.0,24.0,25.0,0.0,0.0,0.0,0.0,0.0,0.0,0,0,0,
2026-09-29T16:51:47,24.0,24.0,25.0,0.0,0.0,0.0,0.0,0.0,0.0,0,0,0,
2026-09-29T16:51:49,24.0,24.0,25.0,0.0,0.0,0.0,0.0,0.0,0.0,0,0,0,
2026-09-29T16:51:51,24.0,24.0,25.0,0.0,0.0,0.0,0.0,0.0,0.0,0,0,0,
2026-09-29T16:51:53,24.0,24.0,25.0,0.0,0.0,0.0,0.0,0.0,0.0,0,0,0,
2026-09-29T16:51:55,24.0,24.0,25.0,0.0,0.0,0.0,0.0,0.0,0.0,0,0,0,
2026-09-29T16:51:57,24.0,24.0,25.0,0.0,0.0,0.0,0.0,0.0,0.0,0,0,0,
2026-09-29T16:51:59,24.0,24.0,25.0,0.0,0.0,0.0,0.0,0.0,0.0,0,0,0,
2026-09-29T16:52:01,24.0,24.0,25.0,0.0,0.0,0.0,0.0,0.0,0.0,0,0,0,
2026-09-29T16:52:03,24.0,24.0,25.0,0.0,0.0,0.0,0.0,0.0,0.0,0,0,0,
2026-09-29T16:52:05,24.0,24.0,25.0,0.0,0.0,0.0,0.0,0.0,0.0,0,0,0,
2026-09-29T16:52:07,24.0,24.0,25.0,0.0,0.0,0.0,0.0,0.0,0.0,0,0,0,
2026-09-29T16:52:09,24.0,24.0,25.0,0.0,0.0,0.0,0.0,0.0,0.0,0,0,0,
2026-09-29T16:52:11,24.0,24.0,25.0,0.0,0.0,0.0,0.0,0.0,0.0,0,0,0,
2026-09-29T16:52:13,24.0,24.0,25.0,0.0,0.0,0.0,0.0,0.0,0.0,0,0,0,
2026-09-29T16:52:15,24.0,24.0,25.0,0.0,0.0,0.0,0.0,0.0,0.0,0,0,0,
2026-09-29T16:52:17,24.0,24.0,25.0,0.0,0.0,0.0,0.0,0.0,0.0,0,0,0,
2026-09-29T16:52:19,24.0,24.0,25.0,0.0,0.0,0.0,0.0,0.0,0.0,0,0,0,
2026-09-29T16:52:21,24.0,24.0,25.0,0.0,0.0,0.0,0.0,0.0,0.0,0,0,0,
2026-09-29T16:52:23,24.0,24.0,25.0,0.0,0.0,0.0,0.0,0.0,0.0,0,0,0,
2026-09-29T16:52:25,24.0,24.0,25.0,0.0,0.0,0.0,0.0,0.0,0.0,0,0,0,
2026-09-29T16:52:27,24.0,24.0,25.0,0.0,0.0,0.0,0.0,0.0,0.0,0,0,0,
2026-09-29T16:52:29,24.0,24.0,25.0,0.0,0.0,0.0,0.0,0.0,0.0,0,0,0,
2026-09-29T16:52:31,24.0,24.0,25.0,0.0,0.0,0.0,0.0,0.0,0.0,0,0,0,
2026-09-29T16:52:33,24.0,24.0,25.0,0.0,0.0,0.0,0.0,0.0,0.0,0,0,0,
2026-09-29T16:52:35,24.0,24.0,25.0,0.0,0.0,0.0,0.0,0.0,0.0,0,0,0,
2026-09-29T16:52:37,24.0,24.0,25.0,0.0,0.0,0.0,0.0,0.0,0.0,0,0,0,
2026-09-29T16:52:39,24.0,24.0,25.0,0.0,0.0,0.0,0.0,0.0,0.0,0,0,0,
2026-09-29T16:52:41,24.0,24.0,25.0,0.0,0.0,0.0,0.0,0.0,0.0,0,0,0,
2026-09-29T16:52:43,24.0,24.0,25.0,0.0,0.0,0.0,0.0,0.0,0.0,0,0,0,
2026-09-29T16:52:45,24.0,24.0,25.0,0.0,0.0,0.0,0.0,0.0,0.0,0,0,0,
2026-09-29T16:52:47,24.0,24.0,25.0,0.0,0.0,0.0,0.0,0.0,0.0,0,0,0,
2026-09-29T16:52:49,24.0,24.0,25.0,0.0,0.0,0.0,0.0,0.0,0.0,0,0,0,
2026-09-29T16:52:51,24.0,24.0,25.0,0.0,0.0,0.0,0.0,0.0,0.0,0,0,0,
2026-09-29T16:52:53,24.0,24.0,25.0,0.0,0.0,0.0,0.0,0.0,0.0,0,0,0,
2026-09-29T16:52:55,24.0,24.0,25.0,0.0,0.0,0.0,0.0,0.0,0.0,0,0,0,
2026-09-29T16:52:57,24.0,24.0,25.0,0.0,0.0,0.0,0.0,0.0,0.0,0,0,0,
2026-09-29T16:52:59,24.0,24.0,25.0,0.0,0.0,0.0,0.0,0.0,0.0,0,0,0,
2026-09-29T16:53:01,24.0,24.0,25.0,0.0,0.0,0.0,0.0,0.0,0.0,0,0,0,
2026-09-29T16:53:03,24.0,24.0,25.0,0.0,0.0,0.0,0.0,0.0,0.0,0,0,0,
2026-09-29T16:53:05,24.0,24.0,25.0,0.0,0.0,0.0,0.0,0.0,0.0,0,0,0,
2026-09-29T16:53:07,24.0,24.0,25.0,0.0,0.0,0.0,0.0,0.0,0.0,0,0,0,
2026-09-29T16:53:09,24.0,24.0,25.0,0.0,0.0,0.0,0.0,0.0,0.0,0,0,0,
2026-09-29T16:53:11,24.0,24.0,25.0,0.0,0.0,0.0,0.0,0.0,0.0,0,0,0,
2026-09-29T16:53:13,24.0,24.0,25.0,0.0,0.0,0.0,0.0,0.0,0.0,0,0,0,
2026-09-29T16:53:15,24.0,24.0,25.0,0.0,0.0,0.0,0.0,0.0,0.0,0,0,0,
2026-09-29T16:53:17,24.0,24.0,25.0,0.0,0.0,0.0,0.0,0.0,0.0,0,0,0,
2026-09-29T16:53:19,24.0,24.0,25.0,0.0,0.0,0.0,0.0,0.0,0.0,0,0,0,
2026-09-29T16:53:21,24.0,24.0,25.0,0.0,0.0,0.0,0.0,0.0,0.0,0,0,0,
2026-09-29T16:53:23,24.0,24.0,25.0,0.0,0.0,0.0,0.0,0.0,0.0,0,0,0,
2026-09-29T16:53:25,24.0,24.0,25.0,0.0,0.0,0.0,0.0,0.0,0.0,0,0,0,
2026-09-29T16:53:27,24.0,24.0,25.0,0.0,0.0,0.0,0.0,0.0,0.0,0,0,0,
2026-09-29T16:53:29,24.0,24.0,25.0,0.0,0.0,0.0,0.0,0.0,0.0,0,0,0,
2026-09-29T16:53:31,24.0,24.0,25.0,0.0,0.0,0.0,0.0,0.0,0.0,0,0,0,
2026-09-29T16:53:33,24.0,24.0,25.0,0.0,0.0,0.0,0.0,0.0,0.0,0,0,0,
2026-09-29T16:53:35,24.0,24.0,25.0,0.0,0.0,0.0,0.0,0.0,0.0,0,0,0,
2026-09-29T16:53:37,24.0,24.0,25.0,0.0,0.0,0.0,0.0,0.0,0.0,0,0,0,
2026-09-29T16:53:39,24.0,24.0,25.0,0.0,0.0,0.0,0.0,0.0,0.0,0,0,0,
2026-09-29T16:53:41,24.0,24.0,25.0,0.0,0.0,0.0,0.0,0.0,0.0,0,0,0,
2026-09-29T16:53:43,24.0,24.0,25.0,0.0,0.0,0.0,0.0,0.0,0.0,0,0,0,
2026-09-29T16:53:45,24.0,24.0,25.0,0.0,0.0,0.0,0.0,0.0,0.0,0,0,0,
2026-09-29T16:53:48,24.0,24.0,25.0,0.0,0.0,0.0,0.0,0.0,0.0,0,0,0,
2026-09-29T16:53:50,24.0,24.0,25.0,0.0,0.0,0.0,0.0,0.0,0.0,0,0,0,
2026-09-29T16:53:52,24.0,24.0,25.0,0.0,0.0,0.0,0.0,0.0,0.0,0,0,0,
2026-09-29T16:53:54,24.0,24.0,25.0,0.0,0.0,0.0,0.0,0.0,0.0,0,0,0,
2026-09-29T16:53:56,24.0,24.0,25.0,0.0,0.0,0.0,0.0,0.0,0.0,0,0,0,
2026-09-29T16:53:58,24.0,24.0,25.0,0.0,0.0,0.0,0.0,0.0,0.0,0,0,0,
2026-09-29T16:54:00,24.0,24.0,25.0,0.0,0.0,0.0,0.0,0.0,0.0,0,0,0,
2026-09-29T16:54:02,24.0,24.0,25.0,0.0,0.0,0.0,0.0,0.0,0.0,0,0,0,
2026-09-29T16:54:04,24.0,24.0,25.0,0.0,0.0,0.0,0.0,0.0,0.0,0,0,0,
2026-09-29T16:54:06,24.0,24.0,25.0,0.0,0.0,0.0,0.0,0.0,0.0,0,0,0,
2026-09-29T16:54:08,24.0,24.0,25.0,0.0,0.0,0.0,0.0,0.0,0.0,0,0,0,
2026-09-29T16:54:10,24.0,24.0,25.0,0.0,0.0,0.0,0.0,0.0,0.0,0,0,0,
2026-09-29T16:54:12,24.0,24.0,25.0,0.0,0.0,0.0,0.0,0.0,0.0,0,0,0,
2026-09-29T16:54:14,24.0,24.0,25.0,0.0,0.0,0.0,0.0,0.0,0.0,0,0,0,
2026-09-29T16:54:16,24.0,24.0,25.0,0.0,0.0,0.0,0.0,0.0,0.0,0,0,0,
2026-09-29T16:54:18,24.0,24.0,25.0,0.0,0.0,0.0,0.0,0.0,0.0,0,0,0,
2026-09-29T16:54:20,24.0,24.0,25.0,0.0,0.0,0.0,0.0,0.0,0.0,0,0,0,
2026-09-29T16:54:22,24.0,24.0,25.0,0.0,0.0,0.0,0.0,0.0,0.0,0,0,0,
2026-09-29T16:54:24,24.0,24.0,25.0,0.0,0.0,0.0,0.0,0.0,0.0,0,0,0,
2026-09-29T16:54:26,24.0,24.0,25.0,0.0,0.0,0.0,0.0,0.0,0.0,0,0,0,
2026-09-29T16:54:28,24.0,24.0,25.0,0.0,0.0,0.0,0.0,0.0,0.0,0,0,0,
2026-09-29T16:54:30,24.0,24.0,25.0,0.0,0.0,0.0,0.0,0.0,0.0,0,0,0,
2026-09-29T16:54:32,24.0,24.0,25.0,0.0,0.0,0.0,0.0,0.0,0.0,0,0,0,
2026-09-29T16:54:34,24.0,24.0,25.0,0.0,0.0,0.0,0.0,0.0,0.0,0,0,0,
2026-09-29T16:54:36,24.0,24.0,25.0,0.0,0.0,0.0,0.0,0.0,0.0,0,0,0,
2026-09-29T16:54:38,24.0,24.0,25.0,0.0,0.0,0.0,0.0,0.0,0.0,0,0,0,
2026-09-29T16:54:40,24.0,24.0,25.0,0.0,0.0,0.0,0.0,0.0,0.0,0,0,0,
2026-09-29T16:54:42,24.0,24.0,25.0,0.0,0.0,0.0,0.0,0.0,0.0,0,0,0,
2026-09-29T16:54:44,24.0,24.0,25.0,0.0,0.0,0.0,0.0,0.0,0.0,0,0,0,
2026-09-29T16:54:46,24.0,24.0,25.0,0.0,0.0,0.0,0.0,0.0,0.0,0,0,0,
2026-09-29T16:54:48,24.0,24.0,25.0,0.0,0.0,0.0,0.0,0.0,0.0,0,0,0,
2026-09-29T16:54:50,24.0,24.0,25.0,0.0,0.0,0.0,0.0,0.0,0.0,0,0,0,
2026-09-29T16:54:52,24.0,24.0,25.0,0.0,0.0,0.0,0.0,0.0,0.0,0,0,0,
2026-09-29T16:54:54,24.0,24.0,25.0,0.0,0.0,0.0,0.0,0.0,0.0,0,0,0,
2026-09-29T16:54:56,24.0,24.0,25.0,0.0,0.0,0.0,0.0,0.0,0.0,0,0,0,
2026-09-29T16:54:58,24.0,24.0,25.0,0.0,0.0,0.0,0.0,0.0,0.0,0,0,0,
2026-09-29T16:55:00,24.0,24.0,25.0,0.0,0.0,0.0,0.0,0.0,0.0,0,0,0,
2026-09-29T16:55:02,24.0,24.0,25.0,0.0,0.0,0.0,0.0,0.0,0.0,0,0,0,
2026-09-29T16:55:04,24.0,24.0,25.0,0.0,0.0,0.0,0.0,0.0,0.0,0,0,0,
2026-09-29T16:55:06,24.0,24.0,25.0,0.0,0.0,0.0,0.0,0.0,0.0,0,0,0,
2026-09-29T16:55:08,24.0,24.0,25.0,0.0,0.0,0.0,0.0,0.0,0.0,0,0,0,
2026-09-29T16:55:10,24.0,24.0,25.0,0.0,0.0,0.0,0.0,0.0,0.0,0,0,0,
2026-09-29T16:55:12,24.0,24.0,25.0,0.0,0.0,0.0,0.0,0.0,0.0,0,0,0,
2026-09-29T16:55:14,24.0,24.0,25.0,0.0,0.0,0.0,0.0,0.0,0.0,0,0,0,
2026-09-29T16:55:16,24.0,24.0,25.0,0.0,0.0,0.0,0.0,0.0,0.0,0,0,0,
2026-09-29T16:55:18,24.0,24.0,25.0,0.0,0.0,0.0,0.0,0.0,0.0,0,0,0,
2026-09-29T16:55:20,24.0,24.0,25.0,0.0,0.0,0.0,0.0,0.0,0.0,0,0,0,
2026-09-29T16:55:22,24.0,24.0,25.0,0.0,0.0,0.0,0.0,0.0,0.0,0,0,0,
2026-09-29T16:55:24,24.0,24.0,25.0,0.0,0.0,0.0,0.0,0.0,0.0,0,0,0,
2026-09-29T16:55:26,24.0,24.0,25.0,0.0,0.0,0.0,0.0,0.0,0.0,0,0,0,
2026-09-29T16:55:28,24.0,24.0,25.0,0.0,0.0,0.0,0.0,0.0,0.0,0,0,0,
2026-09-29T16:55:30,24.0,24.0,25.0,0.0,0.0,0.0,0.0,0.0,0.0,0,0,0,
2026-09-29T16:55:32,24.0,24.0,25.0,0.0,0.0,0.0,0.0,0.0,0.0,0,0,0,
2026-09-29T16:55:34,24.0,24.0,25.0,0.0,0.0,0.0,0.0,0.0,0.0,0,0,0,
2026-09-29T16:55:36,24.0,24.0,25.0,0.0,0.0,0.0,0.0,0.0,0.0,0,0,0,
2026-09-29T16:55:38,24.0,24.0,25.0,0.0,0.0,0.0,0.0,0.0,0.0,0,0,0,
2026-09-29T16:55:40,24.0,24.0,25.0,0.0,0.0,0.0,0.0,0.0,0.0,0,0,0,
2026-09-29T16:55:42,24.0,24.0,25.0,0.0,0.0,0.0,0.0,0.0,0.0,0,0,0,
2026-09-29T16:55:44,24.0,24.0,25.0,0.0,0.0,0.0,0.0,0.0,0.0,0,0,0,
2026-09-29T16:55:46,24.0,24.0,25.0,0.0,0.0,0.0,0.0,0.0,0.0,0,0,0,
2026-09-29T16:55:48,24.0,24.0,25.0,0.0,0.0,0.0,0.0,0.0,0.0,0,0,0,
2026-09-29T16:55:50,24.0,24.0,25.0,0.0,0.0,0.0,0.0,0.0,0.0,0,0,0,
2026-09-29T16:55:52,24.0,24.0,25.0,0.0,0.0,0.0,0.0,0.0,0.0,0,0,0,
2026-09-29T16:55:54,24.0,24.0,25.0,0.0,0.0,0.0,0.0,0.0,0.0,0,0,0,
2026-09-29T16:55:56,24.0,24.0,25.0,0.0,0.0,0.0,0.0,0.0,0.0,0,0,0,
2026-09-29T16:55:58,24.0,24.0,25.0,0.0,0.0,0.0,0.0,0.0,0.0,0,0,0,
2026-09-29T16:56:00,24.0,24.0,25.0,0.0,0.0,0.0,0.0,0.0,0.0,0,0,0,
2026-09-29T16:56:02,24.0,24.0,25.0,0.0,0.0,0.0,0.0,0.0,0.0,0,0,0,
2026-09-29T16:56:04,24.0,24.0,25.0,0.0,0.0,0.0,0.0,0.0,0.0,0,0,0,
2026-09-29T16:56:06,24.0,24.0,25.0,0.0,0.0,0.0,0.0,0.0,0.0,0,0,0,
2026-09-29T16:56:08,24.0,24.0,25.0,0.0,0.0,0.0,0.0,0.0,0.0,0,0,0,
2026-09-29T16:56:10,24.0,24.0,25.0,0.0,0.0,0.0,0.0,0.0,0.0,0,0,0,
2026-09-29T16:56:12,24.0,24.0,25.0,0.0,0.0,0.0,0.0,0.0,0.0,0,0,0,
2026-09-29T16:56:14,24.0,24.0,25.0,0.0,0.0,0.0,0.0,0.0,0.0,0,0,0,
2026-09-29T16:56:16,24.0,24.0,25.0,0.0,0.0,0.0,0.0,0.0,0.0,0,0,0,
2026-09-29T16:56:18,24.0,24.0,25.0,0.0,0.0,0.0,0.0,0.0,0.0,0,0,0,
2026-09-29T16:56:20,24.0,24.0,25.0,0.0,0.0,0.0,0.0,0.0,0.0,0,0,0,
2026-09-29T16:56:22,24.0,24.0,25.0,0.0,0.0,0.0,0.0,0.0,0.0,0,0,0,
2026-09-29T16:56:24,24.0,24.0,25.0,0.0,0.0,0.0,0.0,0.0,0.0,0,0,0,
2026-09-29T16:56:26,24.0,24.0,25.0,0.0,0.0,0.0,0.0,0.0,0.0,0,0,0,
2026-09-29T16:56:28,24.0,24.0,25.0,0.0,0.0,0.0,0.0,0.0,0.0,0,0,0,
2026-09-29T16:56:30,24.0,24.0,25.0,0.0,0.0,0.0,0.0,0.0,0.0,0,0,0,
2026-09-29T16:56:32,24.0,24.0,25.0,0.0,0.0,0.0,0.0,0.0,0.0,0,0,0,
2026-09-29T16:56:34,24.0,24.0,25.0,0.0,0.0,0.0,0.0,0.0,0.0,0,0,0,
2026-09-29T16:56:36,24.0,24.0,25.0,0.0,0.0,0.0,0.0,0.0,0.0,0,0,0,
2026-09-29T16:56:38,24.0,24.0,25.0,0.0,0.0,0.0,0.0,0.0,0.0,0,0,0,
2026-09-29T16:56:40,24.0,24.0,25.0,0.0,0.0,0.0,0.0,0.0,0.0,0,0,0,
2026-09-29T16:56:42,24.0,24.0,25.0,0.0,0.0,0.0,0.0,0.0,0.0,0,0,0,
2026-09-29T16:56:44,24.0,24.0,25.0,0.0,0.0,0.0,0.0,0.0,0.0,0,0,0,
2026-09-29T16:56:46,24.0,24.0,25.0,0.0,0.0,0.0,0.0,0.0,0.0,0,0,0,
2026-09-29T16:56:48,24.0,24.0,25.0,0.0,0.0,0.0,0.0,0.0,0.0,0,0,0,
2026-09-29T16:56:50,24.0,24.0,25.0,0.0,0.0,0.0,0.0,0.0,0.0,0,0,0,
2026-09-29T16:56:52,24.0,24.0,25.0,0.0,0.0,0.0,0.0,0.0,0.0,0,0,0,
2026-09-29T16:56:54,24.0,24.0,25.0,0.0,0.0,0.0,0.0,0.0,0.0,0,0,0,
2026-09-29T16:56:56,24.0,24.0,25.0,0.0,0.0,0.0,0.0,0.0,0.0,0,0,0,
2026-09-29T16:56:58,24.0,24.0,25.0,0.0,0.0,0.0,0.0,0.0,0.0,0,0,0,
2026-09-29T16:57:00,24.0,24.0,25.0,0.0,0.0,0.0,0.0,0.0,0.0,0,0,0,
2026-09-29T16:57:02,24.0,24.0,25.0,0.0,0.0,0.0,0.0,0.0,0.0,0,0,0,
2026-09-29T16:57:04,24.0,24.0,25.0,0.0,0.0,0.0,0.0,0.0,0.0,0,0,0,
2026-09-29T16:57:06,24.0,24.0,25.0,0.0,0.0,0.0,0.0,0.0,0.0,0,0,0,
2026-09-29T16:57:08,24.0,24.0,25.0,0.0,0.0,0.0,0.0,0.0,0.0,0,0,0,
2026-09-29T16:57:10,24.0,24.0,25.0,0.0,0.0,0.0,0.0,0.0,0.0,0,0,0,
2026-09-29T16:57:12,24.0,24.0,25.0,0.0,0.0,0.0,0.0,0.0,0.0,0,0,0,
2026-09-29T16:57:14,24.0,24.0,25.0,0.0,0.0,0.0,0.0,0.0,0.0,0,0,0,
2026-09-29T16:57:16,24.0,24.0,25.0,0.0,0.0,0.0,0.0,0.0,0.0,0,0,0,
2026-09-29T16:57:18,24.0,24.0,25.0,0.0,0.0,0.0,0.0,0.0,0.0,0,0,0,
2026-09-29T16:57:20,24.0,24.0,25.0,0.0,0.0,0.0,0.0,0.0,0.0,0,0,0,
2026-09-29T16:57:22,24.0,24.0,25.0,0.0,0.0,0.0,0.0,0.0,0.0,0,0,0,
2026-09-29T16:57:24,24.0,24.0,25.0,0.0,0.0,0.0,0.0,0.0,0.0,0,0,0,
2026-09-29T16:57:26,24.0,24.0,25.0,0.0,0.0,0.0,0.0,0.0,0.0,0,0,0,
2026-09-29T16:57:28,24.0,24.0,25.0,0.0,0.0,0.0,0.0,0.0,0.0,0,0,0,
2026-09-29T16:57:30,24.0,24.0,25.0,0.0,0.0,0.0,0.0,0.0,0.0,0,0,0,
2026-09-29T16:57:32,24.0,24.0,25.0,0.0,0.0,0.0,0.0,0.0,0.0,0,0,0,
2026-09-29T16:57:34,24.0,24.0,25.0,0.0,0.0,0.0,0.0,0.0,0.0,0,0,0,
2026-09-29T16:57:36,24.0,24.0,25.0,0.0,0.0,0.0,0.0,0.0,0.0,0,0,0,
2026-09-29T16:57:38,24.0,24.0,25.0,0.0,0.0,0.0,0.0,0.0,0.0,0,0,0,
2026-09-29T16:57:40,24.0,24.0,25.0,0.0,0.0,0.0,0.0,0.0,0.0,0,0,0,
2026-09-29T16:57:42,24.0,24.0,25.0,0.0,0.0,0.0,0.0,0.0,0.0,0,0,0,
2026-09-29T16:57:44,24.0,24.0,25.0,0.0,0.0,0.0,0.0,0.0,0.0,0,0,0,
2026-09-29T16:57:46,24.0,24.0,25.0,0.0,0.0,0.0,0.0,0.0,0.0,0,0,0,
2026-09-29T16:57:48,24.0,24.0,25.0,0.0,0.0,0.0,0.0,0.0,0.0,0,0,0,
2026-09-29T16:57:50,24.0,24.0,25.0,0.0,0.0,0.0,0.0,0.0,0.0,0,0,0,
2026-09-29T16:57:52,24.0,24.0,25.0,0.0,0.0,0.0,0.0,0.0,0.0,0,0,0,
2026-09-29T16:57:54,24.0,24.0,25.0,0.0,0.0,0.0,0.0,0.0,0.0,0,0,0,
2026-09-29T16:57:56,24.0,24.0,25.0,0.0,0.0,0.0,0.0,0.0,0.0,0,0,0,
2026-09-29T16:57:58,24.0,24.0,25.0,0.0,0.0,0.0,0.0,0.0,0.0,0,0,0,
2026-09-29T16:58:00,24.0,24.0,25.0,0.0,0.0,0.0,0.0,0.0,0.0,0,0,0,
2026-09-29T16:58:02,24.0,24.0,25.0,0.0,0.0,0.0,0.0,0.0,0.0,0,0,0,
2026-09-29T16:58:04,24.0,24.0,25.0,0.0,0.0,0.0,0.0,0.0,0.0,0,0,0,
2026-09-29T16:58:06,24.0,24.0,25.0,0.0,0.0,0.0,0.0,0.0,0.0,0,0,0,
2026-09-29T16:58:08,24.0,24.0,25.0,0.0,0.0,0.0,0.0,0.0,0.0,0,0,0,
2026-09-29T16:58:10,24.0,24.0,25.0,0.0,0.0,0.0,0.0,0.0,0.0,0,0,0,
2026-09-29T16:58:12,24.0,24.0,25.0,0.0,0.0,0.0,0.0,0.0,0.0,0,0,0,
2026-09-29T16:58:14,24.0,24.0,25.0,0.0,0.0,0.0,0.0,0.0,0.0,0,0,0,
2026-09-29T16:58:16,24.0,24.0,25.0,0.0,0.0,0.0,0.0,0.0,0.0,0,0,0,
2026-09-29T16:58:18,24.0,24.0,25.0,0.0,0.0,0.0,0.0,0.0,0.0,0,0,0,
2026-09-29T16:58:20,24.0,24.0,25.0,0.0,0.0,0.0,0.0,0.0,0.0,0,0,0,
2026-09-29T16:58:22,24.0,24.0,25.0,0.0,0.0,0.0,0.0,0.0,0.0,0,0,0,
2026-09-29T16:58:24,24.0,24.0,25.0,0.0,0.0,0.0,0.0,0.0,0.0,0,0,0,
2026-09-29T16:58:26,24.0,24.0,25.0,0.0,0.0,0.0,0.0,0.0,0.0,0,0,0,
2026-09-29T16:58:28,24.0,24.0,25.0,0.0,0.0,0.0,0.0,0.0,0.0,0,0,0,
2026-09-29T16:58:31,24.0,24.0,25.0,0.0,0.0,0.0,0.0,0.0,0.0,0,0,0,
2026-09-29T16:58:33,24.0,24.0,25.0,0.0,0.0,0.0,0.0,0.0,0.0,0,0,0,
2026-09-29T16:58:35,24.0,24.0,25.0,0.0,0.0,0.0,0.0,0.0,0.0,0,0,0,
2026-09-29T16:58:37,24.0,24.0,25.0,0.0,0.0,0.0,0.0,0.0,0.0,0,0,0,
2026-09-29T16:58:39,24.0,24.0,25.0,0.0,0.0,0.0,0.0,0.0,0.0,0,0,0,
2026-09-29T16:58:41,24.0,24.0,25.0,0.0,0.0,0.0,0.0,0.0,0.0,0,0,0,
2026-09-29T16:58:43,24.0,24.0,25.0,0.0,0.0,0.0,0.0,0.0,0.0,0,0,0,
2026-09-29T16:58:45,24.0,24.0,25.0,0.0,0.0,0.0,0.0,0.0,0.0,0,0,0,
2026-09-29T16:58:47,24.0,24.0,25.0,0.0,0.0,0.0,0.0,0.0,0.0,0,0,0,
2026-09-29T16:58:49,24.0,24.0,25.0,0.0,0.0,0.0,0.0,0.0,0.0,0,0,0,
2026-09-29T16:58:51,24.0,24.0,25.0,0.0,0.0,0.0,0.0,0.0,0.0,0,0,0,
2026-09-29T16:58:53,24.0,24.0,25.0,0.0,0.0,0.0,0.0,0.0,0.0,0,0,0,
2026-09-29T16:58:55,24.0,24.0,25.0,0.0,0.0,0.0,0.0,0.0,0.0,0,0,0,
2026-09-29T16:58:57,24.0,24.0,25.0,0.0,0.0,0.0,0.0,0.0,0.0,0,0,0,
2026-09-29T16:58:59,24.0,24.0,25.0,0.0,0.0,0.0,0.0,0.0,0.0,0,0,0,
2026-09-29T16:59:01,24.0,24.0,25.0,0.0,0.0,0.0,0.0,0.0,0.0,0,0,0,
2026-09-29T16:59:03,24.0,24.0,25.0,0.0,0.0,0.0,0.0,0.0,0.0,0,0,0,
2026-09-29T16:59:05,24.0,24.0,25.0,0.0,0.0,0.0,0.0,0.0,0.0,0,0,0,
2026-09-29T16:59:07,24.0,24.0,25.0,0.0,0.0,0.0,0.0,0.0,0.0,0,0,0,
2026-09-29T16:59:09,24.0,24.0,25.0,0.0,0.0,0.0,0.0,0.0,0.0,0,0,0,
2026-09-29T16:59:11,24.0,24.0,25.0,0.0,0.0,0.0,0.0,0.0,0.0,0,0,0,
2026-09-29T16:59:13,24.0,24.0,25.0,0.0,0.0,0.0,0.0,0.0,0.0,0,0,0,
2026-09-29T16:59:15,24.0,24.0,25.0,0.0,0.0,0.0,0.0,0.0,0.0,0,0,0,
2026-09-29T16:59:17,24.0,24.0,25.0,0.0,0.0,0.0,0.0,0.0,0.0,0,0,0,
2026-09-29T16:59:19,24.0,24.0,25.0,0.0,0.0,0.0,0.0,0.0,0.0,0,0,0,
2026-09-29T16:59:21,24.0,24.0,25.0,0.0,0.0,0.0,0.0,0.0,0.0,0,0,0,
2026-09-29T16:59:23,24.0,24.0,25.0,0.0,0.0,0.0,0.0,0.0,0.0,0,0,0,
2026-09-29T16:59:25,24.0,24.0,25.0,0.0,0.0,0.0,0.0,0.0,0.0,0,0,0,
2026-09-29T16:59:27,24.0,24.0,25.0,0.0,0.0,0.0,0.0,0.0,0.0,0,0,0,
2026-09-29T16:59:29,24.0,24.0,25.0,0.0,0.0,0.0,0.0,0.0,0.0,0,0,0,
2026-09-29T16:59:31,24.0,24.0,25.0,0.0,0.0,0.0,0.0,0.0,0.0,0,0,0,
2026-09-29T16:59:33,24.0,24.0,25.0,0.0,0.0,0.0,0.0,0.0,0.0,0,0,0,
2026-09-29T16:59:35,24.0,24.0,25.0,0.0,0.0,0.0,0.0,0.0,0.0,0,0,0,
2026-09-29T16:59:37,24.0,24.0,25.0,0.0,0.0,0.0,0.0,0.0,0.0,0,0,0,
2026-09-29T16:59:39,24.0,24.0,25.0,0.0,0.0,0.0,0.0,0.0,0.0,0,0,0,
2026-09-29T16:59:41,24.0,24.0,25.0,0.0,0.0,0.0,0.0,0.0,0.0,0,0,0,
2026-09-29T16:59:43,24.0,24.0,25.0,0.0,0.0,0.0,0.0,0.0,0.0,0,0,0,
2026-09-29T16:59:45,24.0,24.0,25.0,0.0,0.0,0.0,0.0,0.0,0.0,0,0,0,
2026-09-29T16:59:47,24.0,24.0,25.0,0.0,0.0,0.0,0.0,0.0,0.0,0,0,0,
2026-09-29T16:59:49,24.0,24.0,25.0,0.0,0.0,0.0,0.0,0.0,0.0,0,0,0,
2026-09-29T16:59:51,24.0,24.0,25.0,0.0,0.0,0.0,0.0,0.0,0.0,0,0,0,
2026-09-29T16:59:53,24.0,24.0,25.0,0.0,0.0,0.0,0.0,0.0,0.0,0,0,0,
2026-09-29T16:59:55,24.0,24.0,25.0,0.0,0.0,0.0,0.0,0.0,0.0,0,0,0,
2026-09-29T16:59:57,24.0,24.0,25.0,0.0,0.0,0.0,0.0,0.0,0.0,0,0,0,
2026-09-29T16:59:59,24.0,24.0,25.0,0.0,0.0,0.0,0.0,0.0,0.0,0,0,0,
2026-09-29T17:00:01,24.0,24.0,25.0,0.0,0.0,0.0,0.0,0.0,0.0,0,0,0,
2026-09-29T17:00:03,24.0,24.0,25.0,0.0,0.0,0.0,0.0,0.0,0.0,0,0,0,
2026-09-29T17:00:05,24.0,24.0,25.0,0.0,0.0,0.0,0.0,0.0,0.0,0,0,0,
2026-09-29T17:00:07,24.0,24.0,25.0,0.0,0.0,0.0,0.0,0.0,0.0,0,0,0,
2026-09-29T17:00:09,24.0,24.0,25.0,0.0,0.0,0.0,0.0,0.0,0.0,0,0,0,
2026-09-29T17:00:11,24.0,24.0,25.0,0.0,0.0,0.0,0.0,0.0,0.0,0,0,0,
2026-09-29T17:00:13,24.0,24.0,25.0,0.0,0.0,0.0,0.0,0.0,0.0,0,0,0,
2026-09-29T17:00:15,24.0,24.0,25.0,0.0,0.0,0.0,0.0,0.0,0.0,0,0,0,
2026-09-29T17:00:17,24.0,24.0,25.0,0.0,0.0,0.0,0.0,0.0,0.0,0,0,0,
2026-09-29T17:00:19,24.0,24.0,25.0,0.0,0.0,0.0,0.0,0.0,0.0,0,0,0,
2026-09-29T17:00:21,24.0,24.0,25.0,0.0,0.0,0.0,0.0,0.0,0.0,0,0,0,
2026-09-29T17:00:23,24.0,24.0,25.0,0.0,0.0,0.0,0.0,0.0,0.0,0,0,0,
2026-09-29T17:00:25,24.0,24.0,25.0,0.0,0.0,0.0,0.0,0.0,0.0,0,0,0,
2026-09-29T17:00:27,24.0,24.0,25.0,0.0,0.0,0.0,0.0,0.0,0.0,0,0,0,
2026-09-29T17:00:29,24.0,24.0,25.0,0.0,0.0,0.0,0.0,0.0,0.0,0,0,0,
2026-09-29T17:00:31,24.0,24.0,25.0,0.0,0.0,0.0,0.0,0.0,0.0,0,0,0,
2026-09-29T17:00:33,24.0,24.0,25.0,0.0,0.0,0.0,0.0,0.0,0.0,0,0,0,
2026-09-29T17:00:35,24.0,24.0,25.0,0.0,0.0,0.0,0.0,0.0,0.0,0,0,0,
2026-09-29T17:00:37,24.0,24.0,25.0,0.0,0.0,0.0,0.0,0.0,0.0,0,0,0,
2026-09-29T17:00:39,24.0,24.0,25.0,0.0,0.0,0.0,0.0,0.0,0.0,0,0,0,
2026-09-29T17:00:41,24.0,24.0,25.0,0.0,0.0,0.0,0.0,0.0,0.0,0,0,0,
2026-09-29T17:00:43,24.0,24.0,25.0,0.0,0.0,0.0,0.0,0.0,0.0,0,0,0,
2026-09-29T17:00:45,24.0,24.0,25.0,0.0,0.0,0.0,0.0,0.0,0.0,0,0,0,
2026-09-29T17:00:47,24.0,24.0,25.0,0.0,0.0,0.0,0.0,0.0,0.0,0,0,0,
2026-09-29T17:00:49,24.0,24.0,25.0,0.0,0.0,0.0,0.0,0.0,0.0,0,0,0,
2026-09-29T17:00:51,24.0,24.0,25.0,0.0,0.0,0.0,0.0,0.0,0.0,0,0,0,
2026-09-29T17:00:53,24.0,24.0,25.0,0.0,0.0,0.0,0.0,0.0,0.0,0,0,0,
2026-09-29T17:00:55,24.0,24.0,25.0,0.0,0.0,0.0,0.0,0.0,0.0,0,0,0,
2026-09-29T17:00:57,24.0,24.0,25.0,0.0,0.0,0.0,0.0,0.0,0.0,0,0,0,
2026-09-29T17:00:59,24.0,24.0,25.0,0.0,0.0,0.0,0.0,0.0,0.0,0,0,0,
2026-09-29T17:01:01,24.0,24.0,25.0,0.0,0.0,0.0,0.0,0.0,0.0,0,0,0,
2026-09-29T17:01:03,24.0,24.0,25.0,0.0,0.0,0.0,0.0,0.0,0.0,0,0,0,
2026-09-29T17:01:05,24.0,24.0,25.0,0.0,0.0,0.0,0.0,0.0,0.0,0,0,0,
2026-09-29T17:01:07,24.0,24.0,25.0,0.0,0.0,0.0,0.0,0.0,0.0,0,0,0,
2026-09-29T17:01:09,24.0,24.0,25.0,0.0,0.0,0.0,0.0,0.0,0.0,0,0,0,
2026-09-29T17:01:11,24.0,24.0,25.0,0.0,0.0,0.0,0.0,0.0,0.0,0,0,0,
2026-09-29T17:01:13,24.0,24.0,25.0,0.0,0.0,0.0,0.0,0.0,0.0,0,0,0,
2026-09-29T17:01:15,24.0,24.0,25.0,0.0,0.0,0.0,0.0,0.0,0.0,0,0,0,
2026-09-29T17:01:17,24.0,24.0,25.0,0.0,0.0,0.0,0.0,0.0,0.0,0,0,0,
2026-09-29T17:01:19,24.0,24.0,25.0,0.0,0.0,0.0,0.0,0.0,0.0,0,0,0,
2026-09-29T17:01:21,24.0,24.0,25.0,0.0,0.0,0.0,0.0,0.0,0.0,0,0,0,
2026-09-29T17:01:23,24.0,24.0,25.0,0.0,0.0,0.0,0.0,0.0,0.0,0,0,0,
2026-09-29T17:01:25,24.0,24.0,25.0,0.0,0.0,0.0,0.0,0.0,0.0,0,0,0,
2026-09-29T17:01:27,24.0,24.0,25.0,0.0,0.0,0.0,0.0,0.0,0.0,0,0,0,
2026-09-29T17:01:29,24.0,24.0,25.0,0.0,0.0,0.0,0.0,0.0,0.0,0,0,0,
2026-09-29T17:01:31,24.0,24.0,25.0,0.0,0.0,0.0,0.0,0.0,0.0,0,0,0,
2026-09-29T17:01:33,24.0,24.0,25.0,0.0,0.0,0.0,0.0,0.0,0.0,0,0,0,
2026-09-29T17:01:35,24.0,24.0,25.0,0.0,0.0,0.0,0.0,0.0,0.0,0,0,0,
2026-09-29T17:01:37,24.0,24.0,25.0,0.0,0.0,0.0,0.0,0.0,0.0,0,0,0,
2026-09-29T17:01:39,24.0,24.0,25.0,0.0,0.0,0.0,0.0,0.0,0.0,0,0,0,
2026-09-29T17:01:41,24.0,24.0,25.0,0.0,0.0,0.0,0.0,0.0,0.0,0,0,0,
2026-09-29T17:01:43,24.0,24.0,25.0,0.0,0.0,0.0,0.0,0.0,0.0,0,0,0,
2026-09-29T17:01:45,24.0,24.0,25.0,0.0,0.0,0.0,0.0,0.0,0.0,0,0,0,
2026-09-29T17:01:47,24.0,24.0,25.0,0.0,0.0,0.0,0.0,0.0,0.0,0,0,0,
2026-09-29T17:01:49,24.0,24.0,25.0,0.0,0.0,0.0,0.0,0.0,0.0,0,0,0,
2026-09-29T17:01:51,24.0,24.0,25.0,0.0,0.0,0.0,0.0,0.0,0.0,0,0,0,
2026-09-29T17:01:53,24.0,24.0,25.0,0.0,0.0,0.0,0.0,0.0,0.0,0,0,0,
2026-09-29T17:01:55,24.0,24.0,25.0,0.0,0.0,0.0,0.0,0.0,0.0,0,0,0,
2026-09-29T17:01:57,24.0,24.0,25.0,0.0,0.0,0.0,0.0,0.0,0.0,0,0,0,
2026-09-29T17:01:59,24.0,24.0,25.0,0.0,0.0,0.0,0.0,0.0,0.0,0,0,0,
2026-09-29T17:02:01,24.0,24.0,25.0,0.0,0.0,0.0,0.0,0.0,0.0,0,0,0,
2026-09-29T17:02:03,24.0,24.0,25.0,0.0,0.0,0.0,0.0,0.0,0.0,0,0,0,
2026-09-29T17:02:05,24.0,24.0,25.0,0.0,0.0,0.0,0.0,0.0,0.0,0,0,0,
2026-09-29T17:02:07,24.0,24.0,25.0,0.0,0.0,0.0,0.0,0.0,0.0,0,0,0,
2026-09-29T17:02:09,24.0,24.0,25.0,0.0,0.0,0.0,0.0,0.0,0.0,0,0,0,
2026-09-29T17:02:11,24.0,24.0,25.0,0.0,0.0,0.0,0.0,0.0,0.0,0,0,0,
2026-09-29T17:02:13,24.0,24.0,25.0,0.0,0.0,0.0,0.0,0.0,0.0,0,0,0,
2026-09-29T17:02:15,24.0,24.0,25.0,0.0,0.0,0.0,0.0,0.0,0.0,0,0,0,
2026-09-29T17:02:17,24.0,24.0,25.0,0.0,0.0,0.0,0.0,0.0,0.0,0,0,0,
2026-09-29T17:02:19,24.0,24.0,25.0,0.0,0.0,0.0,0.0,0.0,0.0,0,0,0,
2026-09-29T17:02:21,24.0,24.0,25.0,0.0,0.0,0.0,0.0,0.0,0.0,0,0,0,
2026-09-29T17:02:23,24.0,24.0,25.0,0.0,0.0,0.0,0.0,0.0,0.0,0,0,0,
2026-09-29T17:02:25,24.0,24.0,25.0,0.0,0.0,0.0,0.0,0.0,0.0,0,0,0,
2026-09-29T17:02:27,24.0,24.0,25.0,0.0,0.0,0.0,0.0,0.0,0.0,0,0,0,
2026-09-29T17:02:29,24.0,24.0,25.0,0.0,0.0,0.0,0.0,0.0,0.0,0,0,0,
2026-09-29T17:02:31,24.0,24.0,25.0,0.0,0.0,0.0,0.0,0.0,0.0,0,0,0,
2026-09-29T17:02:33,24.0,24.0,25.0,0.0,0.0,0.0,0.0,0.0,0.0,0,0,0,
2026-09-29T17:02:35,24.0,24.0,25.0,0.0,0.0,0.0,0.0,0.0,0.0,0,0,0,
2026-09-29T17:02:37,24.0,24.0,25.0,0.0,0.0,0.0,0.0,0.0,0.0,0,0,0,
2026-09-29T17:02:39,24.0,24.0,25.0,0.0,0.0,0.0,0.0,0.0,0.0,0,0,0,
2026-09-29T17:02:41,24.0,24.0,25.0,0.0,0.0,0.0,0.0,0.0,0.0,0,0,0,
2026-09-29T17:02:43,24.0,24.0,25.0,0.0,0.0,0.0,0.0,0.0,0.0,0,0,0,
2026-09-29T17:02:46,24.0,24.0,25.0,0.0,0.0,0.0,0.0,0.0,0.0,0,0,0,
2026-09-29T17:02:48,24.0,24.0,25.0,0.0,0.0,0.0,0.0,0.0,0.0,0,0,0,
2026-09-29T17:02:50,24.0,24.0,25.0,0.0,0.0,0.0,0.0,0.0,0.0,0,0,0,
2026-09-29T17:02:52,24.0,24.0,25.0,0.0,0.0,0.0,0.0,0.0,0.0,0,0,0,
2026-09-29T17:02:54,24.0,24.0,25.0,0.0,0.0,0.0,0.0,0.0,0.0,0,0,0,
2026-09-29T17:02:56,24.0,24.0,25.0,0.0,0.0,0.0,0.0,0.0,0.0,0,0,0,
2026-09-29T17:02:58,24.0,24.0,25.0,0.0,0.0,0.0,0.0,0.0,0.0,0,0,0,
2026-09-29T17:03:00,24.0,24.0,25.0,0.0,0.0,0.0,0.0,0.0,0.0,0,0,0,
2026-09-29T17:03:02,24.0,24.0,25.0,0.0,0.0,0.0,0.0,0.0,0.0,0,0,0,
2026-09-29T17:03:04,24.0,24.0,25.0,0.0,0.0,0.0,0.0,0.0,0.0,0,0,0,
2026-09-29T17:03:06,24.0,24.0,25.0,0.0,0.0,0.0,0.0,0.0,0.0,0,0,0,
2026-09-29T17:03:08,24.0,24.0,25.0,0.0,0.0,0.0,0.0,0.0,0.0,0,0,0,
2026-09-29T17:03:10,24.0,24.0,25.0,0.0,0.0,0.0,0.0,0.0,0.0,0,0,0,
2026-09-29T17:03:12,24.0,24.0,25.0,0.0,0.0,0.0,0.0,0.0,0.0,0,0,0,
2026-09-29T17:03:14,24.0,24.0,25.0,0.0,0.0,0.0,0.0,0.0,0.0,0,0,0,
2026-09-29T17:03:16,24.0,24.0,25.0,0.0,0.0,0.0,0.0,0.0,0.0,0,0,0,
2026-09-29T17:03:18,24.0,24.0,25.0,0.0,0.0,0.0,0.0,0.0,0.0,0,0,0,
2026-09-29T17:03:20,24.0,24.0,25.0,0.0,0.0,0.0,0.0,0.0,0.0,0,0,0,
2026-09-29T17:03:22,24.0,24.0,25.0,0.0,0.0,0.0,0.0,0.0,0.0,0,0,0,
2026-09-29T17:03:24,24.0,24.0,25.0,0.0,0.0,0.0,0.0,0.0,0.0,0,0,0,
2026-09-29T17:03:26,24.0,24.0,25.0,0.0,0.0,0.0,0.0,0.0,0.0,0,0,0,
2026-09-29T17:03:28,24.0,24.0,25.0,0.0,0.0,0.0,0.0,0.0,0.0,0,0,0,
2026-09-29T17:03:30,24.0,24.0,25.0,0.0,0.0,0.0,0.0,0.0,0.0,0,0,0,
2026-09-29T17:03:32,24.0,24.0,25.0,0.0,0.0,0.0,0.0,0.0,0.0,0,0,0,
2026-09-29T17:03:34,24.0,24.0,25.0,0.0,0.0,0.0,0.0,0.0,0.0,0,0,0,
2026-09-29T17:03:36,24.0,24.0,25.0,0.0,0.0,0.0,0.0,0.0,0.0,0,0,0,
2026-09-29T17:03:38,24.0,24.0,25.0,0.0,0.0,0.0,0.0,0.0,0.0,0,0,0,
2026-09-29T17:03:40,24.0,24.0,25.0,0.0,0.0,0.0,0.0,0.0,0.0,0,0,0,
2026-09-29T17:03:42,24.0,24.0,25.0,0.0,0.0,0.0,0.0,0.0,0.0,0,0,0,
2026-09-29T17:03:44,24.0,24.0,25.0,0.0,0.0,0.0,0.0,0.0,0.0,0,0,0,
2026-09-29T17:03:46,24.0,24.0,25.0,0.0,0.0,0.0,0.0,0.0,0.0,0,0,0,
2026-09-29T17:03:48,24.0,24.0,25.0,0.0,0.0,0.0,0.0,0.0,0.0,0,0,0,
2026-09-29T17:03:50,24.0,24.0,25.0,0.0,0.0,0.0,0.0,0.0,0.0,0,0,0,
2026-09-29T17:03:52,24.0,24.0,25.0,0.0,0.0,0.0,0.0,0.0,0.0,0,0,0,
2026-09-29T17:03:54,24.0,24.0,25.0,0.0,0.0,0.0,0.0,0.0,0.0,0,0,0,
2026-09-29T17:03:56,24.0,24.0,25.0,0.0,0.0,0.0,0.0,0.0,0.0,0,0,0,
2026-09-29T17:03:58,24.0,24.0,25.0,0.0,0.0,0.0,0.0,0.0,0.0,0,0,0,
2026-09-29T17:04:00,24.0,24.0,25.0,0.0,0.0,0.0,0.0,0.0,0.0,0,0,0,
2026-09-29T17:04:02,24.0,24.0,25.0,0.0,0.0,0.0,0.0,0.0,0.0,0,0,0,
2026-09-29T17:04:04,24.0,24.0,25.0,0.0,0.0,0.0,0.0,0.0,0.0,0,0,0,
2026-09-29T17:04:06,24.0,24.0,25.0,0.0,0.0,0.0,0.0,0.0,0.0,0,0,0,
2026-09-29T17:04:08,24.0,24.0,25.0,0.0,0.0,0.0,0.0,0.0,0.0,0,0,0,
2026-09-29T17:04:10,24.0,24.0,25.0,0.0,0.0,0.0,0.0,0.0,0.0,0,0,0,
2026-09-29T17:04:12,24.0,24.0,25.0,0.0,0.0,0.0,0.0,0.0,0.0,0,0,0,
2026-09-29T17:04:14,24.0,24.0,25.0,0.0,0.0,0.0,0.0,0.0,0.0,0,0,0,
2026-09-29T17:04:16,24.0,24.0,25.0,0.0,0.0,0.0,0.0,0.0,0.0,0,0,0,
2026-09-29T17:04:18,24.0,24.0,25.0,0.0,0.0,0.0,0.0,0.0,0.0,0,0,0,
2026-09-29T17:04:20,24.0,24.0,25.0,0.0,0.0,0.0,0.0,0.0,0.0,0,0,0,
2026-09-29T17:04:22,24.0,24.0,25.0,0.0,0.0,0.0,0.0,0.0,0.0,0,0,0,
2026-09-29T17:04:24,24.0,24.0,25.0,0.0,0.0,0.0,0.0,0.0,0.0,0,0,0,
2026-09-29T17:04:26,24.0,24.0,25.0,0.0,0.0,0.0,0.0,0.0,0.0,0,0,0,
2026-09-29T17:04:28,24.0,24.0,25.0,0.0,0.0,0.0,0.0,0.0,0.0,0,0,0,
2026-09-29T17:04:30,24.0,24.0,25.0,0.0,0.0,0.0,0.0,0.0,0.0,0,0,0,
2026-09-29T17:04:32,24.0,24.0,25.0,0.0,0.0,0.0,0.0,0.0,0.0,0,0,0,
2026-09-29T17:04:34,24.0,24.0,25.0,0.0,0.0,0.0,0.0,0.0,0.0,0,0,0,
2026-09-29T17:04:36,24.0,24.0,25.0,0.0,0.0,0.0,0.0,0.0,0.0,0,0,0,
2026-09-29T17:04:38,24.0,24.0,25.0,0.0,0.0,0.0,0.0,0.0,0.0,0,0,0,
2026-09-29T17:04:40,24.0,24.0,25.0,0.0,0.0,0.0,0.0,0.0,0.0,0,0,0,
2026-09-29T17:04:42,24.0,24.0,25.0,0.0,0.0,0.0,0.0,0.0,0.0,0,0,0,
2026-09-29T17:04:44,24.0,24.0,25.0,0.0,0.0,0.0,0.0,0.0,0.0,0,0,0,
2026-09-29T17:04:46,24.0,24.0,25.0,0.0,0.0,0.0,0.0,0.0,0.0,0,0,0,
2026-09-29T17:04:48,24.0,24.0,25.0,0.0,0.0,0.0,0.0,0.0,0.0,0,0,0,
2026-09-29T17:04:50,24.0,24.0,25.0,0.0,0.0,0.0,0.0,0.0,0.0,0,0,0,
2026-09-29T17:04:52,24.0,24.0,25.0,0.0,0.0,0.0,0.0,0.0,0.0,0,0,0,
2026-09-29T17:04:54,24.0,24.0,25.0,0.0,0.0,0.0,0.0,0.0,0.0,0,0,0,
2026-09-29T17:04:56,24.0,24.0,25.0,0.0,0.0,0.0,0.0,0.0,0.0,0,0,0,
2026-09-29T17:04:58,24.0,24.0,25.0,0.0,0.0,0.0,0.0,0.0,0.0,0,0,0,
2026-09-29T17:05:00,24.0,24.0,25.0,0.0,0.0,0.0,0.0,0.0,0.0,0,0,0,
2026-09-29T17:05:02,24.0,24.0,25.0,0.0,0.0,0.0,0.0,0.0,0.0,0,0,0,
2026-09-29T17:05:04,24.0,24.0,25.0,0.0,0.0,0.0,0.0,0.0,0.0,0,0,0,
2026-09-29T17:05:06,24.0,24.0,25.0,0.0,0.0,0.0,0.0,0.0,0.0,0,0,0,
2026-09-29T17:05:08,24.0,24.0,25.0,0.0,0.0,0.0,0.0,0.0,0.0,0,0,0,
2026-09-29T17:05:10,24.0,24.0,25.0,0.0,0.0,0.0,0.0,0.0,0.0,0,0,0,
2026-09-29T17:05:12,24.0,24.0,25.0,0.0,0.0,0.0,0.0,0.0,0.0,0,0,0,
2026-09-29T17:05:14,24.0,24.0,25.0,0.0,0.0,0.0,0.0,0.0,0.0,0,0,0,
2026-09-29T17:05:16,24.0,24.0,25.0,0.0,0.0,0.0,0.0,0.0,0.0,0,0,0,
2026-09-29T17:05:18,24.0,24.0,25.0,0.0,0.0,0.0,0.0,0.0,0.0,0,0,0,
2026-09-29T17:05:20,24.0,24.0,25.0,0.0,0.0,0.0,0.0,0.0,0.0,0,0,0,
2026-09-29T17:05:22,24.0,24.0,25.0,0.0,0.0,0.0,0.0,0.0,0.0,0,0,0,
2026-09-29T17:05:24,24.0,24.0,25.0,0.0,0.0,0.0,0.0,0.0,0.0,0,0,0,
2026-09-29T17:05:26,24.0,24.0,25.0,0.0,0.0,0.0,0.0,0.0,0.0,0,0,0,
2026-09-29T17:05:28,24.0,24.0,25.0,0.0,0.0,0.0,0.0,0.0,0.0,0,0,0,
2026-09-29T17:05:30,24.0,24.0,25.0,0.0,0.0,0.0,0.0,0.0,0.0,0,0,0,
2026-09-29T17:05:32,24.0,24.0,25.0,0.0,0.0,0.0,0.0,0.0,0.0,0,0,0,
2026-09-29T17:05:34,24.0,24.0,25.0,0.0,0.0,0.0,0.0,0.0,0.0,0,0,0,
2026-09-29T17:05:36,24.0,24.0,25.0,0.0,0.0,0.0,0.0,0.0,0.0,0,0,0,
2026-09-29T17:05:38,24.0,24.0,25.0,0.0,0.0,0.0,0.0,0.0,0.0,0,0,0,
2026-09-29T17:05:40,24.0,24.0,25.0,0.0,0.0,0.0,0.0,0.0,0.0,0,0,0,
2026-09-29T17:05:42,24.0,24.0,25.0,0.0,0.0,0.0,0.0,0.0,0.0,0,0,0,
2026-09-29T17:05:44,24.0,24.0,25.0,0.0,0.0,0.0,0.0,0.0,0.0,0,0,0,
2026-09-29T17:05:46,24.0,24.0,25.0,0.0,0.0,0.0,0.0,0.0,0.0,0,0,0,
2026-09-29T17:05:48,24.0,24.0,25.0,0.0,0.0,0.0,0.0,0.0,0.0,0,0,0,
2026-09-29T17:05:50,24.0,24.0,25.0,0.0,0.0,0.0,0.0,0.0,0.0,0,0,0,
2026-09-29T17:05:52,24.0,24.0,25.0,0.0,0.0,0.0,0.0,0.0,0.0,0,0,0,
2026-09-29T17:05:54,24.0,24.0,25.0,0.0,0.0,0.0,0.0,0.0,0.0,0,0,0,
2026-09-29T17:05:56,24.0,24.0,25.0,0.0,0.0,0.0,0.0,0.0,0.0,0,0,0,
2026-09-29T17:05:58,24.0,24.0,25.0,0.0,0.0,0.0,0.0,0.0,0.0,0,0,0,
2026-09-29T17:06:00,24.0,24.0,25.0,0.0,0.0,0.0,0.0,0.0,0.0,0,0,0,
2026-09-29T17:06:02,24.0,24.0,25.0,0.0,0.0,0.0,0.0,0.0,0.0,0,0,0,
2026-09-29T17:06:04,24.0,24.0,25.0,0.0,0.0,0.0,0.0,0.0,0.0,0,0,0,
2026-09-29T17:06:06,24.0,24.0,25.0,0.0,0.0,0.0,0.0,0.0,0.0,0,0,0,
2026-09-29T17:06:08,24.0,24.0,25.0,0.0,0.0,0.0,0.0,0.0,0.0,0,0,0,
2026-09-29T17:06:10,24.0,24.0,25.0,0.0,0.0,0.0,0.0,0.0,0.0,0,0,0,
2026-09-29T17:06:12,24.0,24.0,25.0,0.0,0.0,0.0,0.0,0.0,0.0,0,0,0,
2026-09-29T17:06:14,24.0,24.0,25.0,0.0,0.0,0.0,0.0,0.0,0.0,0,0,0,
2026-09-29T17:06:16,24.0,24.0,25.0,0.0,0.0,0.0,0.0,0.0,0.0,0,0,0,
2026-09-29T17:06:18,24.0,24.0,25.0,0.0,0.0,0.0,0.0,0.0,0.0,0,0,0,
2026-09-29T17:06:20,24.0,24.0,25.0,0.0,0.0,0.0,0.0,0.0,0.0,0,0,0,
2026-09-29T17:06:22,24.0,24.0,25.0,0.0,0.0,0.0,0.0,0.0,0.0,0,0,0,
2026-09-29T17:06:24,24.0,24.0,25.0,0.0,0.0,0.0,0.0,0.0,0.0,0,0,0,
2026-09-29T17:06:26,24.0,24.0,25.0,0.0,0.0,0.0,0.0,0.0,0.0,0,0,0,
2026-09-29T17:06:29,24.0,24.0,25.0,0.0,0.0,0.0,0.0,0.0,0.0,0,0,0,
2026-09-29T17:06:31,24.0,24.0,25.0,0.0,0.0,0.0,0.0,0.0,0.0,0,0,0,
2026-09-29T17:06:33,24.0,24.0,25.0,0.0,0.0,0.0,0.0,0.0,0.0,0,0,0,
2026-09-29T17:06:35,24.0,24.0,25.0,0.0,0.0,0.0,0.0,0.0,0.0,0,0,0,
2026-09-29T17:06:37,24.0,24.0,25.0,0.0,0.0,0.0,0.0,0.0,0.0,0,0,0,
2026-09-29T17:06:39,24.0,24.0,25.0,0.0,0.0,0.0,0.0,0.0,0.0,0,0,0,
2026-09-29T17:06:41,24.0,24.0,25.0,0.0,0.0,0.0,0.0,0.0,0.0,0,0,0,
2026-09-29T17:06:43,24.0,24.0,25.0,0.0,0.0,0.0,0.0,0.0,0.0,0,0,0,
2026-09-29T17:06:45,24.0,24.0,25.0,0.0,0.0,0.0,0.0,0.0,0.0,0,0,0,
2026-09-29T17:06:47,24.0,24.0,25.0,0.0,0.0,0.0,0.0,0.0,0.0,0,0,0,
2026-09-29T17:06:49,24.0,24.0,25.0,0.0,0.0,0.0,0.0,0.0,0.0,0,0,0,
2026-09-29T17:06:51,24.0,24.0,25.0,0.0,0.0,0.0,0.0,0.0,0.0,0,0,0,
2026-09-29T17:06:53,24.0,24.0,25.0,0.0,0.0,0.0,0.0,0.0,0.0,0,0,0,
2026-09-29T17:06:55,24.0,24.0,25.0,0.0,0.0,0.0,0.0,0.0,0.0,0,0,0,
2026-09-29T17:06:57,24.0,24.0,25.0,0.0,0.0,0.0,0.0,0.0,0.0,0,0,0,
2026-09-29T17:06:59,24.0,24.0,25.0,0.0,0.0,0.0,0.0,0.0,0.0,0,0,0,
2026-09-29T17:07:01,24.0,24.0,25.0,0.0,0.0,0.0,0.0,0.0,0.0,0,0,0,
2026-09-29T17:07:03,24.0,24.0,25.0,0.0,0.0,0.0,0.0,0.0,0.0,0,0,0,
2026-09-29T17:07:05,24.0,24.0,25.0,0.0,0.0,0.0,0.0,0.0,0.0,0,0,0,
2026-09-29T17:07:07,24.0,24.0,25.0,0.0,0.0,0.0,0.0,0.0,0.0,0,0,0,
2026-09-29T17:07:09,24.0,24.0,25.0,0.0,0.0,0.0,0.0,0.0,0.0,0,0,0,
2026-09-29T17:07:11,24.0,24.0,25.0,0.0,0.0,0.0,0.0,0.0,0.0,0,0,0,
2026-09-29T17:07:13,24.0,24.0,25.0,0.0,0.0,0.0,0.0,0.0,0.0,0,0,0,
2026-09-29T17:07:15,24.0,24.0,25.0,0.0,0.0,0.0,0.0,0.0,0.0,0,0,0,
2026-09-29T17:07:17,24.0,24.0,25.0,0.0,0.0,0.0,0.0,0.0,0.0,0,0,0,
2026-09-29T17:07:19,24.0,24.0,25.0,0.0,0.0,0.0,0.0,0.0,0.0,0,0,0,
2026-09-29T17:07:21,24.0,24.0,25.0,0.0,0.0,0.0,0.0,0.0,0.0,0,0,0,
2026-09-29T17:07:23,24.0,24.0,25.0,0.0,0.0,0.0,0.0,0.0,0.0,0,0,0,
2026-09-29T17:07:25,24.0,24.0,25.0,0.0,0.0,0.0,0.0,0.0,0.0,0,0,0,
2026-09-29T17:07:27,24.0,24.0,25.0,0.0,0.0,0.0,0.0,0.0,0.0,0,0,0,
2026-09-29T17:07:29,24.0,24.0,25.0,0.0,0.0,0.0,0.0,0.0,0.0,0,0,0,
2026-09-29T17:07:31,24.0,24.0,25.0,0.0,0.0,0.0,0.0,0.0,0.0,0,0,0,
2026-09-29T17:07:33,24.0,24.0,25.0,0.0,0.0,0.0,0.0,0.0,0.0,0,0,0,
2026-09-29T17:07:35,24.0,24.0,25.0,0.0,0.0,0.0,0.0,0.0,0.0,0,0,0,
2026-09-29T17:07:37,24.0,24.0,25.0,0.0,0.0,0.0,0.0,0.0,0.0,0,0,0,
2026-09-29T17:07:39,24.0,24.0,25.0,0.0,0.0,0.0,0.0,0.0,0.0,0,0,0,
2026-09-29T17:07:41,24.0,24.0,25.0,0.0,0.0,0.0,0.0,0.0,0.0,0,0,0,
2026-09-29T17:07:43,24.0,24.0,25.0,0.0,0.0,0.0,0.0,0.0,0.0,0,0,0,
2026-09-29T17:07:45,24.0,24.0,25.0,0.0,0.0,0.0,0.0,0.0,0.0,0,0,0,
2026-09-29T17:07:47,24.0,24.0,25.0,0.0,0.0,0.0,0.0,0.0,0.0,0,0,0,
2026-09-29T17:07:49,24.0,24.0,25.0,0.0,0.0,0.0,0.0,0.0,0.0,0,0,0,
2026-09-29T17:07:51,24.0,24.0,25.0,0.0,0.0,0.0,0.0,0.0,0.0,0,0,0,
2026-09-29T17:07:53,24.0,24.0,25.0,0.0,0.0,0.0,0.0,0.0,0.0,0,0,0,
2026-09-29T17:07:55,24.0,24.0,25.0,0.0,0.0,0.0,0.0,0.0,0.0,0,0,0,
2026-09-29T17:07:57,24.0,24.0,25.0,0.0,0.0,0.0,0.0,0.0,0.0,0,0,0,
2026-09-29T17:07:59,24.0,24.0,25.0,0.0,0.0,0.0,0.0,0.0,0.0,0,0,0,
2026-09-29T17:08:01,24.0,24.0,25.0,0.0,0.0,0.0,0.0,0.0,0.0,0,0,0,
2026-09-29T17:08:03,24.0,24.0,25.0,0.0,0.0,0.0,0.0,0.0,0.0,0,0,0,
2026-09-29T17:08:05,24.0,24.0,25.0,0.0,0.0,0.0,0.0,0.0,0.0,0,0,0,
2026-09-29T17:08:07,24.0,24.0,25.0,0.0,0.0,0.0,0.0,0.0,0.0,0,0,0,
2026-09-29T17:08:09,24.0,24.0,25.0,0.0,0.0,0.0,0.0,0.0,0.0,0,0,0,
2026-09-29T17:08:11,24.0,24.0,25.0,0.0,0.0,0.0,0.0,0.0,0.0,0,0,0,
2026-09-29T17:08:13,24.0,24.0,25.0,0.0,0.0,0.0,0.0,0.0,0.0,0,0,0,
2026-09-29T17:08:15,24.0,24.0,25.0,0.0,0.0,0.0,0.0,0.0,0.0,0,0,0,
2026-09-29T17:08:17,24.0,24.0,25.0,0.0,0.0,0.0,0.0,0.0,0.0,0,0,0,
2026-09-29T17:08:19,24.0,24.0,25.0,0.0,0.0,0.0,0.0,0.0,0.0,0,0,0,
2026-09-29T17:08:21,24.0,24.0,25.0,0.0,0.0,0.0,0.0,0.0,0.0,0,0,0,
2026-09-29T17:08:23,24.0,24.0,25.0,0.0,0.0,0.0,0.0,0.0,0.0,0,0,0,
2026-09-29T17:08:25,24.0,24.0,25.0,0.0,0.0,0.0,0.0,0.0,0.0,0,0,0,
2026-09-29T17:08:27,24.0,24.0,25.0,0.0,0.0,0.0,0.0,0.0,0.0,0,0,0,
2026-09-29T17:08:29,24.0,24.0,25.0,0.0,0.0,0.0,0.0,0.0,0.0,0,0,0,
2026-09-29T17:08:31,24.0,24.0,25.0,0.0,0.0,0.0,0.0,0.0,0.0,0,0,0,
2026-09-29T17:08:33,24.0,24.0,25.0,0.0,0.0,0.0,0.0,0.0,0.0,0,0,0,
2026-09-29T17:08:35,24.0,24.0,25.0,0.0,0.0,0.0,0.0,0.0,0.0,0,0,0,
2026-09-29T17:08:37,24.0,24.0,25.0,0.0,0.0,0.0,0.0,0.0,0.0,0,0,0,
2026-09-29T17:08:39,24.0,24.0,25.0,0.0,0.0,0.0,0.0,0.0,0.0,0,0,0,
2026-09-29T17:08:41,24.0,24.0,25.0,0.0,0.0,0.0,0.0,0.0,0.0,0,0,0,
2026-09-29T17:08:43,24.0,24.0,25.0,0.0,0.0,0.0,0.0,0.0,0.0,0,0,0,
2026-09-29T17:08:45,24.0,24.0,25.0,0.0,0.0,0.0,0.0,0.0,0.0,0,0,0,
2026-09-29T17:08:47,24.0,24.0,25.0,0.0,0.0,0.0,0.0,0.0,0.0,0,0,0,
2026-09-29T17:08:49,24.0,24.0,25.0,0.0,0.0,0.0,0.0,0.0,0.0,0,0,0,
2026-09-29T17:08:51,24.0,24.0,25.0,0.0,0.0,0.0,0.0,0.0,0.0,0,0,0,
2026-09-29T17:08:53,24.0,24.0,25.0,0.0,0.0,0.0,0.0,0.0,0.0,0,0,0,
2026-09-29T17:08:55,24.0,24.0,25.0,0.0,0.0,0.0,0.0,0.0,0.0,0,0,0,
2026-09-29T17:08:57,24.0,24.0,25.0,0.0,0.0,0.0,0.0,0.0,0.0,0,0,0,
2026-09-29T17:08:59,24.0,24.0,25.0,0.0,0.0,0.0,0.0,0.0,0.0,0,0,0,
2026-09-29T17:09:01,24.0,24.0,25.0,0.0,0.0,0.0,0.0,0.0,0.0,0,0,0,
2026-09-29T17:09:03,24.0,24.0,25.0,0.0,0.0,0.0,0.0,0.0,0.0,0,0,0,
2026-09-29T17:09:05,24.0,24.0,25.0,0.0,0.0,0.0,0.0,0.0,0.0,0,0,0,
2026-09-29T17:09:07,24.0,24.0,25.0,0.0,0.0,0.0,0.0,0.0,0.0,0,0,0,
2026-09-29T17:09:09,24.0,24.0,25.0,0.0,0.0,0.0,0.0,0.0,0.0,0,0,0,
2026-09-29T17:09:11,24.0,24.0,25.0,0.0,0.0,0.0,0.0,0.0,0.0,0,0,0,
2026-09-29T17:09:13,24.0,24.0,25.0,0.0,0.0,0.0,0.0,0.0,0.0,0,0,0,
2026-09-29T17:09:15,24.0,24.0,25.0,0.0,0.0,0.0,0.0,0.0,0.0,0,0,0,
2026-09-29T17:09:17,24.0,24.0,25.0,0.0,0.0,0.0,0.0,0.0,0.0,0,0,0,
2026-09-29T17:09:19,24.0,24.0,25.0,0.0,0.0,0.0,0.0,0.0,0.0,0,0,0,
2026-09-29T17:09:21,24.0,24.0,25.0,0.0,0.0,0.0,0.0,0.0,0.0,0,0,0,
2026-09-29T17:09:23,24.0,24.0,25.0,0.0,0.0,0.0,0.0,0.0,0.0,0,0,0,
2026-09-29T17:09:25,24.0,24.0,25.0,0.0,0.0,0.0,0.0,0.0,0.0,0,0,0,
2026-09-29T17:09:27,24.0,24.0,25.0,0.0,0.0,0.0,0.0,0.0,0.0,0,0,0,
2026-09-29T17:09:29,24.0,24.0,25.0,0.0,0.0,0.0,0.0,0.0,0.0,0,0,0,
2026-09-29T17:09:31,24.0,24.0,25.0,0.0,0.0,0.0,0.0,0.0,0.0,0,0,0,
2026-09-29T17:09:33,24.0,24.0,25.0,0.0,0.0,0.0,0.0,0.0,0.0,0,0,0,
2026-09-29T17:09:35,24.0,24.0,25.0,0.0,0.0,0.0,0.0,0.0,0.0,0,0,0,
2026-09-29T17:09:37,24.0,24.0,25.0,0.0,0.0,0.0,0.0,0.0,0.0,0,0,0,
2026-09-29T17:09:39,24.0,24.0,25.0,0.0,0.0,0.0,0.0,0.0,0.0,0,0,0,
2026-09-29T17:09:41,24.0,24.0,25.0,0.0,0.0,0.0,0.0,0.0,0.0,0,0,0,
2026-09-29T17:09:43,24.0,24.0,25.0,0.0,0.0,0.0,0.0,0.0,0.0,0,0,0,
2026-09-29T17:09:45,24.0,24.0,25.0,0.0,0.0,0.0,0.0,0.0,0.0,0,0,0,
2026-09-29T17:09:47,24.0,24.0,25.0,0.0,0.0,0.0,0.0,0.0,0.0,0,0,0,
2026-09-29T17:09:49,24.0,24.0,25.0,0.0,0.0,0.0,0.0,0.0,0.0,0,0,0,
2026-09-29T17:09:51,24.0,24.0,25.0,0.0,0.0,0.0,0.0,0.0,0.0,0,0,0,
2026-09-29T17:09:53,24.0,24.0,25.0,0.0,0.0,0.0,0.0,0.0,0.0,0,0,0,
2026-09-29T17:09:55,24.0,24.0,25.0,0.0,0.0,0.0,0.0,0.0,0.0,0,0,0,
2026-09-29T17:09:57,24.0,24.0,25.0,0.0,0.0,0.0,0.0,0.0,0.0,0,0,0,
2026-09-29T17:10:00,24.0,24.0,25.0,0.0,0.0,0.0,0.0,0.0,0.0,0,0,0,
2026-09-29T17:10:01,24.0,24.0,25.0,0.0,0.0,0.0,0.0,0.0,0.0,0,0,0,
2026-09-29T17:10:04,24.0,24.0,25.0,0.0,0.0,0.0,0.0,0.0,0.0,0,0,0,
2026-09-29T17:10:06,24.0,24.0,25.0,0.0,0.0,0.0,0.0,0.0,0.0,0,0,0,
2026-09-29T17:10:08,24.0,24.0,25.0,0.0,0.0,0.0,0.0,0.0,0.0,0,0,0,
2026-09-29T17:10:10,24.0,24.0,25.0,0.0,0.0,0.0,0.0,0.0,0.0,0,0,0,
2026-09-29T17:10:12,24.0,24.0,25.0,0.0,0.0,0.0,0.0,0.0,0.0,0,0,0,
2026-09-29T17:10:14,24.0,24.0,25.0,0.0,0.0,0.0,0.0,0.0,0.0,0,0,0,
2026-09-29T17:10:16,24.0,24.0,25.0,0.0,0.0,0.0,0.0,0.0,0.0,0,0,0,
2026-09-29T17:10:18,24.0,24.0,25.0,0.0,0.0,0.0,0.0,0.0,0.0,0,0,0,
2026-09-29T17:10:20,24.0,24.0,25.0,0.0,0.0,0.0,0.0,0.0,0.0,0,0,0,
2026-09-29T17:10:22,24.0,24.0,25.0,0.0,0.0,0.0,0.0,0.0,0.0,0,0,0,
2026-09-29T17:10:24,24.0,24.0,25.0,0.0,0.0,0.0,0.0,0.0,0.0,0,0,0,
2026-09-29T17:10:26,24.0,24.0,25.0,0.0,0.0,0.0,0.0,0.0,0.0,0,0,0,
2026-09-29T17:10:28,24.0,24.0,25.0,0.0,0.0,0.0,0.0,0.0,0.0,0,0,0,
2026-09-29T17:10:30,24.0,24.0,25.0,0.0,0.0,0.0,0.0,0.0,0.0,0,0,0,
2026-09-29T17:10:32,24.0,24.0,25.0,0.0,0.0,0.0,0.0,0.0,0.0,0,0,0,
2026-09-29T17:10:34,24.0,24.0,25.0,0.0,0.0,0.0,0.0,0.0,0.0,0,0,0,
2026-09-29T17:10:36,24.0,24.0,25.0,0.0,0.0,0.0,0.0,0.0,0.0,0,0,0,
2026-09-29T17:10:38,24.0,24.0,25.0,0.0,0.0,0.0,0.0,0.0,0.0,0,0,0,
2026-09-29T17:10:40,24.0,24.0,25.0,0.0,0.0,0.0,0.0,0.0,0.0,0,0,0,
2026-09-29T17:10:42,24.0,24.0,25.0,0.0,0.0,0.0,0.0,0.0,0.0,0,0,0,
2026-09-29T17:10:44,24.0,24.0,25.0,0.0,0.0,0.0,0.0,0.0,0.0,0,0,0,
2026-09-29T17:10:46,24.0,24.0,25.0,0.0,0.0,0.0,0.0,0.0,0.0,0,0,0,
2026-09-29T17:10:48,24.0,24.0,25.0,0.0,0.0,0.0,0.0,0.0,0.0,0,0,0,
2026-09-29T17:10:50,24.0,24.0,25.0,0.0,0.0,0.0,0.0,0.0,0.0,0,0,0,
2026-09-29T17:10:52,24.0,24.0,25.0,0.0,0.0,0.0,0.0,0.0,0.0,0,0,0,
2026-09-29T17:10:54,24.0,24.0,25.0,0.0,0.0,0.0,0.0,0.0,0.0,0,0,0,
2026-09-29T17:10:56,24.0,24.0,25.0,0.0,0.0,0.0,0.0,0.0,0.0,0,0,0,
2026-09-29T17:10:58,24.0,24.0,25.0,0.0,0.0,0.0,0.0,0.0,0.0,0,0,0,
2026-09-29T17:11:00,24.0,24.0,25.0,0.0,0.0,0.0,0.0,0.0,0.0,0,0,0,
2026-09-29T17:11:02,24.0,24.0,25.0,0.0,0.0,0.0,0.0,0.0,0.0,0,0,0,
2026-09-29T17:11:04,24.0,24.0,25.0,0.0,0.0,0.0,0.0,0.0,0.0,0,0,0,
2026-09-29T17:11:06,24.0,24.0,25.0,0.0,0.0,0.0,0.0,0.0,0.0,0,0,0,
2026-09-29T17:11:08,24.0,24.0,25.0,0.0,0.0,0.0,0.0,0.0,0.0,0,0,0,
2026-09-29T17:11:10,24.0,24.0,25.0,0.0,0.0,0.0,0.0,0.0,0.0,0,0,0,
2026-09-29T17:11:12,24.0,24.0,25.0,0.0,0.0,0.0,0.0,0.0,0.0,0,0,0,
2026-09-29T17:11:14,24.0,24.0,25.0,0.0,0.0,0.0,0.0,0.0,0.0,0,0,0,
2026-09-29T17:11:16,24.0,24.0,25.0,0.0,0.0,0.0,0.0,0.0,0.0,0,0,0,
2026-09-29T17:11:18,24.0,24.0,25.0,0.0,0.0,0.0,0.0,0.0,0.0,0,0,0,
2026-09-29T17:11:20,24.0,24.0,25.0,0.0,0.0,0.0,0.0,0.0,0.0,0,0,0,
2026-09-29T17:11:22,24.0,24.0,25.0,0.0,0.0,0.0,0.0,0.0,0.0,0,0,0,
2026-09-29T17:11:24,24.0,24.0,25.0,0.0,0.0,0.0,0.0,0.0,0.0,0,0,0,
2026-09-29T17:11:26,24.0,24.0,25.0,0.0,0.0,0.0,0.0,0.0,0.0,0,0,0,
2026-09-29T17:11:28,24.0,24.0,25.0,0.0,0.0,0.0,0.0,0.0,0.0,0,0,0,
2026-09-29T17:11:30,24.0,24.0,25.0,0.0,0.0,0.0,0.0,0.0,0.0,0,0,0,
2026-09-29T17:11:32,24.0,24.0,25.0,0.0,0.0,0.0,0.0,0.0,0.0,0,0,0,
2026-09-29T17:11:34,24.0,24.0,25.0,0.0,0.0,0.0,0.0,0.0,0.0,0,0,0,
2026-09-29T17:11:36,24.0,24.0,25.0,0.0,0.0,0.0,0.0,0.0,0.0,0,0,0,
2026-09-29T17:11:38,24.0,24.0,25.0,0.0,0.0,0.0,0.0,0.0,0.0,0,0,0,
2026-09-29T17:11:40,24.0,24.0,25.0,0.0,0.0,0.0,0.0,0.0,0.0,0,0,0,
2026-09-29T17:11:42,24.0,24.0,25.0,0.0,0.0,0.0,0.0,0.0,0.0,0,0,0,
2026-09-29T17:11:44,24.0,24.0,25.0,0.0,0.0,0.0,0.0,0.0,0.0,0,0,0,
2026-09-29T17:11:46,24.0,24.0,25.0,0.0,0.0,0.0,0.0,0.0,0.0,0,0,0,
2026-09-29T17:11:48,24.0,24.0,25.0,0.0,0.0,0.0,0.0,0.0,0.0,0,0,0,
2026-09-29T17:11:50,24.0,24.0,25.0,0.0,0.0,0.0,0.0,0.0,0.0,0,0,0,
2026-09-29T17:11:52,24.0,24.0,25.0,0.0,0.0,0.0,0.0,0.0,0.0,0,0,0,
2026-09-29T17:11:54,24.0,24.0,25.0,0.0,0.0,0.0,0.0,0.0,0.0,0,0,0,
2026-09-29T17:11:56,24.0,24.0,25.0,0.0,0.0,0.0,0.0,0.0,0.0,0,0,0,
2026-09-29T17:11:58,24.0,24.0,25.0,0.0,0.0,0.0,0.0,0.0,0.0,0,0,0,
2026-09-29T17:12:00,24.0,24.0,25.0,0.0,0.0,0.0,0.0,0.0,0.0,0,0,0,
2026-09-29T17:12:02,24.0,24.0,25.0,0.0,0.0,0.0,0.0,0.0,0.0,0,0,0,
2026-09-29T17:12:04,24.0,24.0,25.0,0.0,0.0,0.0,0.0,0.0,0.0,0,0,0,
2026-09-29T17:12:06,24.0,24.0,25.0,0.0,0.0,0.0,0.0,0.0,0.0,0,0,0,
2026-09-29T17:12:08,24.0,24.0,25.0,0.0,0.0,0.0,0.0,0.0,0.0,0,0,0,
2026-09-29T17:12:10,24.0,24.0,25.0,0.0,0.0,0.0,0.0,0.0,0.0,0,0,0,
2026-09-29T17:12:12,24.0,24.0,25.0,0.0,0.0,0.0,0.0,0.0,0.0,0,0,0,
2026-09-29T17:12:14,24.0,24.0,25.0,0.0,0.0,0.0,0.0,0.0,0.0,0,0,0,
2026-09-29T17:12:16,24.0,24.0,25.0,0.0,0.0,0.0,0.0,0.0,0.0,0,0,0,
2026-09-29T17:12:18,24.0,24.0,25.0,0.0,0.0,0.0,0.0,0.0,0.0,0,0,0,
2026-09-29T17:12:20,24.0,24.0,25.0,0.0,0.0,0.0,0.0,0.0,0.0,0,0,0,
2026-09-29T17:12:22,24.0,24.0,25.0,0.0,0.0,0.0,0.0,0.0,0.0,0,0,0,
2026-09-29T17:12:24,24.0,24.0,25.0,0.0,0.0,0.0,0.0,0.0,0.0,0,0,0,
2026-09-29T17:12:26,24.0,24.0,25.0,0.0,0.0,0.0,0.0,0.0,0.0,0,0,0,
2026-09-29T17:12:28,24.0,24.0,25.0,0.0,0.0,0.0,0.0,0.0,0.0,0,0,0,
2026-09-29T17:12:30,24.0,24.0,25.0,0.0,0.0,0.0,0.0,0.0,0.0,0,0,0,
2026-09-29T17:12:32,24.0,24.0,25.0,0.0,0.0,0.0,0.0,0.0,0.0,0,0,0,
2026-09-29T17:12:34,24.0,24.0,25.0,0.0,0.0,0.0,0.0,0.0,0.0,0,0,0,
2026-09-29T17:12:36,24.0,24.0,25.0,0.0,0.0,0.0,0.0,0.0,0.0,0,0,0,
2026-09-29T17:12:38,24.0,24.0,25.0,0.0,0.0,0.0,0.0,0.0,0.0,0,0,0,
2026-09-29T17:12:40,24.0,24.0,25.0,0.0,0.0,0.0,0.0,0.0,0.0,0,0,0,
2026-09-29T17:12:42,24.0,24.0,25.0,0.0,0.0,0.0,0.0,0.0,0.0,0,0,0,
2026-09-29T17:12:44,24.0,24.0,25.0,0.0,0.0,0.0,0.0,0.0,0.0,0,0,0,
2026-09-29T17:12:46,24.0,24.0,25.0,0.0,0.0,0.0,0.0,0.0,0.0,0,0,0,
2026-09-29T17:12:48,24.0,24.0,25.0,0.0,0.0,0.0,0.0,0.0,0.0,0,0,0,
2026-09-29T17:12:50,24.0,24.0,25.0,0.0,0.0,0.0,0.0,0.0,0.0,0,0,0,
2026-09-29T17:12:52,24.0,24.0,25.0,0.0,0.0,0.0,0.0,0.0,0.0,0,0,0,
2026-09-29T17:12:54,24.0,24.0,25.0,0.0,0.0,0.0,0.0,0.0,0.0,0,0,0,
2026-09-29T17:12:56,24.0,24.0,25.0,0.0,0.0,0.0,0.0,0.0,0.0,0,0,0,
2026-09-29T17:12:58,24.0,24.0,25.0,0.0,0.0,0.0,0.0,0.0,0.0,0,0,0,
2026-09-29T17:13:00,24.0,24.0,25.0,0.0,0.0,0.0,0.0,0.0,0.0,0,0,0,
2026-09-29T17:13:02,24.0,24.0,25.0,0.0,0.0,0.0,0.0,0.0,0.0,0,0,0,
2026-09-29T17:13:04,24.0,24.0,25.0,0.0,0.0,0.0,0.0,0.0,0.0,0,0,0,
2026-09-29T17:13:06,24.0,24.0,25.0,0.0,0.0,0.0,0.0,0.0,0.0,0,0,0,
2026-09-29T17:13:08,24.0,24.0,25.0,0.0,0.0,0.0,0.0,0.0,0.0,0,0,0,
2026-09-29T17:13:10,24.0,24.0,25.0,0.0,0.0,0.0,0.0,0.0,0.0,0,0,0,
2026-09-29T17:13:12,24.0,24.0,25.0,0.0,0.0,0.0,0.0,0.0,0.0,0,0,0,
2026-09-29T17:13:14,24.0,24.0,25.0,0.0,0.0,0.0,0.0,0.0,0.0,0,0,0,
2026-09-29T17:13:16,24.0,24.0,25.0,0.0,0.0,0.0,0.0,0.0,0.0,0,0,0,
2026-09-29T17:13:18,24.0,24.0,25.0,0.0,0.0,0.0,0.0,0.0,0.0,0,0,0,
2026-09-29T17:13:20,24.0,24.0,25.0,0.0,0.0,0.0,0.0,0.0,0.0,0,0,0,
2026-09-29T17:13:22,24.0,24.0,25.0,0.0,0.0,0.0,0.0,0.0,0.0,0,0,0,
2026-09-29T17:13:24,24.0,24.0,25.0,0.0,0.0,0.0,0.0,0.0,0.0,0,0,0,
2026-09-29T17:13:26,24.0,24.0,25.0,0.0,0.0,0.0,0.0,0.0,0.0,0,0,0,
2026-09-29T17:13:28,24.0,24.0,25.0,0.0,0.0,0.0,0.0,0.0,0.0,0,0,0,
2026-09-29T17:13:30,24.0,24.0,25.0,0.0,0.0,0.0,0.0,0.0,0.0,0,0,0,
2026-09-29T17:13:32,24.0,24.0,25.0,0.0,0.0,0.0,0.0,0.0,0.0,0,0,0,
2026-09-29T17:13:34,24.0,24.0,25.0,0.0,0.0,0.0,0.0,0.0,0.0,0,0,0,
2026-09-29T17:13:36,24.0,24.0,25.0,0.0,0.0,0.0,0.0,0.0,0.0,0,0,0,
2026-09-29T17:13:38,24.0,24.0,25.0,0.0,0.0,0.0,0.0,0.0,0.0,0,0,0,
2026-09-29T17:13:40,24.0,24.0,25.0,0.0,0.0,0.0,0.0,0.0,0.0,0,0,0,
2026-09-29T17:13:42,24.0,24.0,25.0,0.0,0.0,0.0,0.0,0.0,0.0,0,0,0,
2026-09-29T17:13:44,24.0,24.0,25.0,0.0,0.0,0.0,0.0,0.0,0.0,0,0,0,
2026-09-29T17:13:46,24.0,24.0,25.0,0.0,0.0,0.0,0.0,0.0,0.0,0,0,0,
2026-09-29T17:13:48,24.0,24.0,25.0,0.0,0.0,0.0,0.0,0.0,0.0,0,0,0,
2026-09-29T17:13:50,24.0,24.0,25.0,0.0,0.0,0.0,0.0,0.0,0.0,0,0,0,
2026-09-29T17:13:52,24.0,24.0,25.0,0.0,0.0,0.0,0.0,0.0,0.0,0,0,0,
2026-09-29T17:13:54,24.0,24.0,25.0,0.0,0.0,0.0,0.0,0.0,0.0,0,0,0,
2026-09-29T17:13:56,24.0,24.0,25.0,0.0,0.0,0.0,0.0,0.0,0.0,0,0,0,
2026-09-29T17:13:58,24.0,24.0,25.0,0.0,0.0,0.0,0.0,0.0,0.0,0,0,0,
2026-09-29T17:14:00,24.0,24.0,25.0,0.0,0.0,0.0,0.0,0.0,0.0,0,0,0,
2026-09-29T17:14:02,24.0,24.0,25.0,0.0,0.0,0.0,0.0,0.0,0.0,0,0,0,
2026-09-29T17:14:04,24.0,24.0,25.0,0.0,0.0,0.0,0.0,0.0,0.0,0,0,0,
2026-09-29T17:14:06,24.0,24.0,25.0,0.0,0.0,0.0,0.0,0.0,0.0,0,0,0,
2026-09-29T17:14:08,24.0,24.0,25.0,0.0,0.0,0.0,0.0,0.0,0.0,0,0,0,
2026-09-29T17:14:10,24.0,24.0,25.0,0.0,0.0,0.0,0.0,0.0,0.0,0,0,0,
2026-09-29T17:14:12,24.0,24.0,25.0,0.0,0.0,0.0,0.0,0.0,0.0,0,0,0,
2026-09-29T17:14:15,24.0,24.0,25.0,0.0,0.0,0.0,0.0,0.0,0.0,0,0,0,
2026-09-29T17:14:17,24.0,24.0,25.0,0.0,0.0,0.0,0.0,0.0,0.0,0,0,0,
2026-09-29T17:14:19,24.0,24.0,25.0,0.0,0.0,0.0,0.0,0.0,0.0,0,0,0,
2026-09-29T17:14:21,24.0,24.0,25.0,0.0,0.0,0.0,0.0,0.0,0.0,0,0,0,
2026-09-29T17:14:23,24.0,24.0,25.0,0.0,0.0,0.0,0.0,0.0,0.0,0,0,0,
2026-09-29T17:14:25,24.0,24.0,25.0,0.0,0.0,0.0,0.0,0.0,0.0,0,0,0,
2026-09-29T17:14:27,24.0,24.0,25.0,0.0,0.0,0.0,0.0,0.0,0.0,0,0,0,
2026-09-29T17:14:29,24.0,24.0,25.0,0.0,0.0,0.0,0.0,0.0,0.0,0,0,0,
2026-09-29T17:14:31,24.0,24.0,25.0,0.0,0.0,0.0,0.0,0.0,0.0,0,0,0,
2026-09-29T17:14:33,24.0,24.0,25.0,0.0,0.0,0.0,0.0,0.0,0.0,0,0,0,
2026-09-29T17:14:35,24.0,24.0,25.0,0.0,0.0,0.0,0.0,0.0,0.0,0,0,0,
2026-09-29T17:14:37,24.0,24.0,25.0,0.0,0.0,0.0,0.0,0.0,0.0,0,0,0,
2026-09-29T17:14:39,24.0,24.0,25.0,0.0,0.0,0.0,0.0,0.0,0.0,0,0,0,
2026-09-29T17:14:41,24.0,24.0,25.0,0.0,0.0,0.0,0.0,0.0,0.0,0,0,0,
2026-09-29T17:14:43,24.0,24.0,25.0,0.0,0.0,0.0,0.0,0.0,0.0,0,0,0,
2026-09-29T17:14:45,24.0,24.0,25.0,0.0,0.0,0.0,0.0,0.0,0.0,0,0,0,
2026-09-29T17:14:47,24.0,24.0,25.0,0.0,0.0,0.0,0.0,0.0,0.0,0,0,0,
2026-09-29T17:14:49,24.0,24.0,25.0,0.0,0.0,0.0,0.0,0.0,0.0,0,0,0,
2026-09-29T17:14:51,24.0,24.0,25.0,0.0,0.0,0.0,0.0,0.0,0.0,0,0,0,
2026-09-29T17:14:53,24.0,24.0,25.0,0.0,0.0,0.0,0.0,0.0,0.0,0,0,0,
2026-09-29T17:14:55,24.0,24.0,25.0,0.0,0.0,0.0,0.0,0.0,0.0,0,0,0,
2026-09-29T17:14:57,24.0,24.0,25.0,0.0,0.0,0.0,0.0,0.0,0.0,0,0,0,
2026-09-29T17:14:59,24.0,24.0,25.0,0.0,0.0,0.0,0.0,0.0,0.0,0,0,0,
2026-09-29T17:15:01,24.0,24.0,25.0,0.0,0.0,0.0,0.0,0.0,0.0,0,0,0,
2026-09-29T17:15:03,24.0,24.0,25.0,0.0,0.0,0.0,0.0,0.0,0.0,0,0,0,
2026-09-29T17:15:05,24.0,24.0,25.0,0.0,0.0,0.0,0.0,0.0,0.0,0,0,0,
2026-09-29T17:15:07,24.0,24.0,25.0,0.0,0.0,0.0,0.0,0.0,0.0,0,0,0,
2026-09-29T17:15:09,24.0,24.0,25.0,0.0,0.0,0.0,0.0,0.0,0.0,0,0,0,
2026-09-29T17:15:11,24.0,24.0,25.0,0.0,0.0,0.0,0.0,0.0,0.0,0,0,0,
2026-09-29T17:15:13,24.0,24.0,25.0,0.0,0.0,0.0,0.0,0.0,0.0,0,0,0,
2026-09-29T17:15:15,24.0,24.0,25.0,0.0,0.0,0.0,0.0,0.0,0.0,0,0,0,
2026-09-29T17:15:17,24.0,24.0,25.0,0.0,0.0,0.0,0.0,0.0,0.0,0,0,0,
2026-09-29T17:15:19,24.0,24.0,25.0,0.0,0.0,0.0,0.0,0.0,0.0,0,0,0,
2026-09-29T17:15:21,24.0,24.0,25.0,0.0,0.0,0.0,0.0,0.0,0.0,0,0,0,
2026-09-29T17:15:23,24.0,24.0,25.0,0.0,0.0,0.0,0.0,0.0,0.0,0,0,0,
2026-09-29T17:15:25,24.0,24.0,25.0,0.0,0.0,0.0,0.0,0.0,0.0,0,0,0,
2026-09-29T17:15:27,24.0,24.0,25.0,0.0,0.0,0.0,0.0,0.0,0.0,0,0,0,
2026-09-29T17:15:29,24.0,24.0,25.0,0.0,0.0,0.0,0.0,0.0,0.0,0,0,0,
2026-09-29T17:15:31,24.0,24.0,25.0,0.0,0.0,0.0,0.0,0.0,0.0,0,0,0,
2026-09-29T17:15:33,24.0,24.0,25.0,0.0,0.0,0.0,0.0,0.0,0.0,0,0,0,
2026-09-29T17:15:35,24.0,24.0,25.0,0.0,0.0,0.0,0.0,0.0,0.0,0,0,0,
2026-09-29T17:15:37,24.0,24.0,25.0,0.0,0.0,0.0,0.0,0.0,0.0,0,0,0,
2026-09-29T17:15:39,24.0,24.0,25.0,0.0,0.0,0.0,0.0,0.0,0.0,0,0,0,
2026-09-29T17:15:41,24.0,24.0,25.0,0.0,0.0,0.0,0.0,0.0,0.0,0,0,0,
2026-09-29T17:15:43,24.0,24.0,25.0,0.0,0.0,0.0,0.0,0.0,0.0,0,0,0,
2026-09-29T17:15:45,24.0,24.0,25.0,0.0,0.0,0.0,0.0,0.0,0.0,0,0,0,
2026-09-29T17:15:47,24.0,24.0,25.0,0.0,0.0,0.0,0.0,0.0,0.0,0,0,0,
2026-09-29T17:15:49,24.0,24.0,25.0,0.0,0.0,0.0,0.0,0.0,0.0,0,0,0,
2026-09-29T17:15:51,24.0,24.0,25.0,0.0,0.0,0.0,0.0,0.0,0.0,0,0,0,
2026-09-29T17:15:53,24.0,24.0,25.0,0.0,0.0,0.0,0.0,0.0,0.0,0,0,0,
2026-09-29T17:15:55,24.0,24.0,25.0,0.0,0.0,0.0,0.0,0.0,0.0,0,0,0,
2026-09-29T17:15:57,24.0,24.0,25.0,0.0,0.0,0.0,0.0,0.0,0.0,0,0,0,
2026-09-29T17:15:59,24.0,24.0,25.0,0.0,0.0,0.0,0.0,0.0,0.0,0,0,0,
2026-09-29T17:16:01,24.0,24.0,25.0,0.0,0.0,0.0,0.0,0.0,0.0,0,0,0,
2026-09-29T17:16:03,24.0,24.0,25.0,0.0,0.0,0.0,0.0,0.0,0.0,0,0,0,
2026-09-29T17:16:05,24.0,24.0,25.0,0.0,0.0,0.0,0.0,0.0,0.0,0,0,0,
2026-09-29T17:16:07,24.0,24.0,25.0,0.0,0.0,0.0,0.0,0.0,0.0,0,0,0,
2026-09-29T17:16:09,24.0,24.0,25.0,0.0,0.0,0.0,0.0,0.0,0.0,0,0,0,
2026-09-29T17:16:11,24.0,24.0,25.0,0.0,0.0,0.0,0.0,0.0,0.0,0,0,0,
2026-09-29T17:16:13,24.0,24.0,25.0,0.0,0.0,0.0,0.0,0.0,0.0,0,0,0,
2026-09-29T17:16:15,24.0,24.0,25.0,0.0,0.0,0.0,0.0,0.0,0.0,0,0,0,
2026-09-29T17:16:17,24.0,24.0,25.0,0.0,0.0,0.0,0.0,0.0,0.0,0,0,0,
2026-09-29T17:16:19,24.0,24.0,25.0,0.0,0.0,0.0,0.0,0.0,0.0,0,0,0,
2026-09-29T17:16:21,24.0,24.0,25.0,0.0,0.0,0.0,0.0,0.0,0.0,0,0,0,
2026-09-29T17:16:23,24.0,24.0,25.0,0.0,0.0,0.0,0.0,0.0,0.0,0,0,0,
2026-09-29T17:16:25,24.0,24.0,25.0,0.0,0.0,0.0,0.0,0.0,0.0,0,0,0,
2026-09-29T17:16:27,24.0,24.0,25.0,0.0,0.0,0.0,0.0,0.0,0.0,0,0,0,
2026-09-29T17:16:29,24.0,24.0,25.0,0.0,0.0,0.0,0.0,0.0,0.0,0,0,0,
2026-09-29T17:16:31,24.0,24.0,25.0,0.0,0.0,0.0,0.0,0.0,0.0,0,0,0,
2026-09-29T17:16:33,24.0,24.0,25.0,0.0,0.0,0.0,0.0,0.0,0.0,0,0,0,
2026-09-29T17:16:35,24.0,24.0,25.0,0.0,0.0,0.0,0.0,0.0,0.0,0,0,0,
2026-09-29T17:16:37,24.0,24.0,25.0,0.0,0.0,0.0,0.0,0.0,0.0,0,0,0,
2026-09-29T17:16:39,24.0,24.0,25.0,0.0,0.0,0.0,0.0,0.0,0.0,0,0,0,
2026-09-29T17:16:41,24.0,24.0,25.0,0.0,0.0,0.0,0.0,0.0,0.0,0,0,0,
2026-09-29T17:16:43,24.0,24.0,25.0,0.0,0.0,0.0,0.0,0.0,0.0,0,0,0,
2026-09-29T17:16:45,24.0,24.0,25.0,0.0,0.0,0.0,0.0,0.0,0.0,0,0,0,
2026-09-29T17:16:47,24.0,24.0,25.0,0.0,0.0,0.0,0.0,0.0,0.0,0,0,0,
2026-09-29T17:16:49,24.0,24.0,25.0,0.0,0.0,0.0,0.0,0.0,0.0,0,0,0,
2026-09-29T17:16:51,24.0,24.0,25.0,0.0,0.0,0.0,0.0,0.0,0.0,0,0,0,
2026-09-29T17:16:53,24.0,24.0,25.0,0.0,0.0,0.0,0.0,0.0,0.0,0,0,0,
2026-09-29T17:16:55,24.0,24.0,25.0,0.0,0.0,0.0,0.0,0.0,0.0,0,0,0,
2026-09-29T17:16:57,24.0,24.0,25.0,0.0,0.0,0.0,0.0,0.0,0.0,0,0,0,
2026-09-29T17:16:59,24.0,24.0,25.0,0.0,0.0,0.0,0.0,0.0,0.0,0,0,0,
2026-09-29T17:17:01,24.0,24.0,25.0,0.0,0.0,0.0,0.0,0.0,0.0,0,0,0,
2026-09-29T17:17:03,24.0,24.0,25.0,0.0,0.0,0.0,0.0,0.0,0.0,0,0,0,
2026-09-29T17:17:05,24.0,24.0,25.0,0.0,0.0,0.0,0.0,0.0,0.0,0,0,0,
2026-09-29T17:17:07,24.0,24.0,25.0,0.0,0.0,0.0,0.0,0.0,0.0,0,0,0,
2026-09-29T17:17:09,24.0,24.0,25.0,0.0,0.0,0.0,0.0,0.0,0.0,0,0,0,
2026-09-29T17:17:11,24.0,24.0,25.0,0.0,0.0,0.0,0.0,0.0,0.0,0,0,0,
2026-09-29T17:17:13,24.0,24.0,25.0,0.0,0.0,0.0,0.0,0.0,0.0,0,0,0,
2026-09-29T17:17:15,24.0,24.0,25.0,0.0,0.0,0.0,0.0,0.0,0.0,0,0,0,
2026-09-29T17:17:17,24.0,24.0,25.0,0.0,0.0,0.0,0.0,0.0,0.0,0,0,0,
2026-09-29T17:17:19,24.0,24.0,25.0,0.0,0.0,0.0,0.0,0.0,0.0,0,0,0,
2026-09-29T17:17:21,24.0,24.0,25.0,0.0,0.0,0.0,0.0,0.0,0.0,0,0,0,
2026-09-29T17:17:23,24.0,24.0,25.0,0.0,0.0,0.0,0.0,0.0,0.0,0,0,0,
2026-09-29T17:17:25,24.0,24.0,25.0,0.0,0.0,0.0,0.0,0.0,0.0,0,0,0,
2026-09-29T17:17:27,24.0,24.0,25.0,0.0,0.0,0.0,0.0,0.0,0.0,0,0,0,
2026-09-29T17:17:29,24.0,24.0,25.0,0.0,0.0,0.0,0.0,0.0,0.0,0,0,0,
2026-09-29T17:17:31,24.0,24.0,25.0,0.0,0.0,0.0,0.0,0.0,0.0,0,0,0,
2026-09-29T17:17:33,24.0,24.0,25.0,0.0,0.0,0.0,0.0,0.0,0.0,0,0,0,
2026-09-29T17:17:35,24.0,24.0,25.0,0.0,0.0,0.0,0.0,0.0,0.0,0,0,0,
2026-09-29T17:17:37,24.0,24.0,25.0,0.0,0.0,0.0,0.0,0.0,0.0,0,0,0,
2026-09-29T17:17:39,24.0,24.0,25.0,0.0,0.0,0.0,0.0,0.0,0.0,0,0,0,
2026-09-29T17:17:41,24.0,24.0,25.0,0.0,0.0,0.0,0.0,0.0,0.0,0,0,0,
2026-09-29T17:17:43,24.0,24.0,25.0,0.0,0.0,0.0,0.0,0.0,0.0,0,0,0,
2026-09-29T17:17:45,24.0,24.0,25.0,0.0,0.0,0.0,0.0,0.0,0.0,0,0,0,
2026-09-29T17:17:47,24.0,24.0,25.0,0.0,0.0,0.0,0.0,0.0,0.0,0,0,0,
2026-09-29T17:17:49,24.0,24.0,25.0,0.0,0.0,0.0,0.0,0.0,0.0,0,0,0,
2026-09-29T17:17:51,24.0,24.0,25.0,0.0,0.0,0.0,0.0,0.0,0.0,0,0,0,
2026-09-29T17:17:53,24.0,24.0,25.0,0.0,0.0,0.0,0.0,0.0,0.0,0,0,0,
2026-09-29T17:17:55,24.0,24.0,25.0,0.0,0.0,0.0,0.0,0.0,0.0,0,0,0,
2026-09-29T17:17:57,24.0,24.0,25.0,0.0,0.0,0.0,0.0,0.0,0.0,0,0,0,
2026-09-29T17:17:59,24.0,24.0,25.0,0.0,0.0,0.0,0.0,0.0,0.0,0,0,0,
2026-09-29T17:18:01,24.0,24.0,25.0,0.0,0.0,0.0,0.0,0.0,0.0,0,0,0,
2026-09-29T17:18:03,24.0,24.0,25.0,0.0,0.0,0.0,0.0,0.0,0.0,0,0,0,
2026-09-29T17:18:05,24.0,24.0,25.0,0.0,0.0,0.0,0.0,0.0,0.0,0,0,0,
2026-09-29T17:18:07,24.0,24.0,25.0,0.0,0.0,0.0,0.0,0.0,0.0,0,0,0,
2026-09-29T17:18:09,24.0,24.0,25.0,0.0,0.0,0.0,0.0,0.0,0.0,0,0,0,
2026-09-29T17:18:11,24.0,24.0,25.0,0.0,0.0,0.0,0.0,0.0,0.0,0,0,0,
2026-09-29T17:18:13,24.0,24.0,25.0,0.0,0.0,0.0,0.0,0.0,0.0,0,0,0,
2026-09-29T17:18:15,24.0,24.0,25.0,0.0,0.0,0.0,0.0,0.0,0.0,0,0,0,
2026-09-29T17:18:17,24.0,24.0,25.0,0.0,0.0,0.0,0.0,0.0,0.0,0,0,0,
2026-09-29T17:18:19,24.0,24.0,25.0,0.0,0.0,0.0,0.0,0.0,0.0,0,0,0,
2026-09-29T17:18:21,24.0,24.0,25.0,0.0,0.0,0.0,0.0,0.0,0.0,0,0,0,
2026-09-29T17:18:23,24.0,24.0,25.0,0.0,0.0,0.0,0.0,0.0,0.0,0,0,0,
2026-09-29T17:18:25,24.0,24.0,25.0,0.0,0.0,0.0,0.0,0.0,0.0,0,0,0,
2026-09-29T17:18:27,24.0,24.0,25.0,0.0,0.0,0.0,0.0,0.0,0.0,0,0,0,
2026-09-29T17:18:29,24.0,24.0,25.0,0.0,0.0,0.0,0.0,0.0,0.0,0,0,0,
2026-09-29T17:18:31,24.0,24.0,25.0,0.0,0.0,0.0,0.0,0.0,0.0,0,0,0,
2026-09-29T17:18:33,24.0,24.0,25.0,0.0,0.0,0.0,0.0,0.0,0.0,0,0,0,
2026-09-29T17:18:35,24.0,24.0,25.0,0.0,0.0,0.0,0.0,0.0,0.0,0,0,0,
2026-09-29T17:18:37,24.0,24.0,25.0,0.0,0.0,0.0,0.0,0.0,0.0,0,0,0,
2026-09-29T17:18:39,24.0,24.0,25.0,0.0,0.0,0.0,0.0,0.0,0.0,0,0,0,
2026-09-29T17:18:42,24.0,24.0,25.0,0.0,0.0,0.0,0.0,0.0,0.0,0,0,0,
2026-09-29T17:18:44,24.0,24.0,25.0,0.0,0.0,0.0,0.0,0.0,0.0,0,0,0,
2026-09-29T17:18:46,24.0,24.0,25.0,0.0,0.0,0.0,0.0,0.0,0.0,0,0,0,
2026-09-29T17:18:48,24.0,24.0,25.0,0.0,0.0,0.0,0.0,0.0,0.0,0,0,0,
2026-09-29T17:18:50,24.0,24.0,25.0,0.0,0.0,0.0,0.0,0.0,0.0,0,0,0,
2026-09-29T17:18:52,24.0,24.0,25.0,0.0,0.0,0.0,0.0,0.0,0.0,0,0,0,
2026-09-29T17:18:54,24.0,24.0,25.0,0.0,0.0,0.0,0.0,0.0,0.0,0,0,0,
2026-09-29T17:18:56,24.0,24.0,25.0,0.0,0.0,0.0,0.0,0.0,0.0,0,0,0,
2026-09-29T17:18:58,24.0,24.0,25.0,0.0,0.0,0.0,0.0,0.0,0.0,0,0,0,
2026-09-29T17:19:00,24.0,24.0,25.0,0.0,0.0,0.0,0.0,0.0,0.0,0,0,0,
2026-09-29T17:19:02,24.0,24.0,25.0,0.0,0.0,0.0,0.0,0.0,0.0,0,0,0,
2026-09-29T17:19:04,24.0,24.0,25.0,0.0,0.0,0.0,0.0,0.0,0.0,0,0,0,
2026-09-29T17:19:06,24.0,24.0,25.0,0.0,0.0,0.0,0.0,0.0,0.0,0,0,0,
2026-09-29T17:19:08,24.0,24.0,25.0,0.0,0.0,0.0,0.0,0.0,0.0,0,0,0,
2026-09-29T17:19:10,24.0,24.0,25.0,0.0,0.0,0.0,0.0,0.0,0.0,0,0,0,
2026-09-29T17:19:12,24.0,24.0,25.0,0.0,0.0,0.0,0.0,0.0,0.0,0,0,0,
2026-09-29T17:19:14,24.0,24.0,25.0,0.0,0.0,0.0,0.0,0.0,0.0,0,0,0,
2026-09-29T17:19:16,24.0,24.0,25.0,0.0,0.0,0.0,0.0,0.0,0.0,0,0,0,
2026-09-29T17:19:18,24.0,24.0,25.0,0.0,0.0,0.0,0.0,0.0,0.0,0,0,0,
2026-09-29T17:19:20,24.0,24.0,25.0,0.0,0.0,0.0,0.0,0.0,0.0,0,0,0,
2026-09-29T17:19:22,24.0,24.0,25.0,0.0,0.0,0.0,0.0,0.0,0.0,0,0,0,
2026-09-29T17:19:24,24.0,24.0,25.0,0.0,0.0,0.0,0.0,0.0,0.0,0,0,0,
2026-09-29T17:19:26,24.0,24.0,25.0,0.0,0.0,0.0,0.0,0.0,0.0,0,0,0,
2026-09-29T17:19:28,24.0,24.0,25.0,0.0,0.0,0.0,0.0,0.0,0.0,0,0,0,
2026-09-29T17:19:30,24.0,24.0,25.0,0.0,0.0,0.0,0.0,0.0,0.0,0,0,0,
2026-09-29T17:19:32,24.0,24.0,25.0,0.0,0.0,0.0,0.0,0.0,0.0,0,0,0,
2026-09-29T17:19:34,24.0,24.0,25.0,0.0,0.0,0.0,0.0,0.0,0.0,0,0,0,
2026-09-29T17:19:36,24.0,24.0,25.0,0.0,0.0,0.0,0.0,0.0,0.0,0,0,0,
2026-09-29T17:19:38,24.0,24.0,25.0,0.0,0.0,0.0,0.0,0.0,0.0,0,0,0,
2026-09-29T17:19:40,24.0,24.0,25.0,0.0,0.0,0.0,0.0,0.0,0.0,0,0,0,
2026-09-29T17:19:42,24.0,24.0,25.0,0.0,0.0,0.0,0.0,0.0,0.0,0,0,0,
2026-09-29T17:19:44,24.0,24.0,25.0,0.0,0.0,0.0,0.0,0.0,0.0,0,0,0,
2026-09-29T17:19:46,24.0,24.0,25.0,0.0,0.0,0.0,0.0,0.0,0.0,0,0,0,
2026-09-29T17:19:48,24.0,24.0,25.0,0.0,0.0,0.0,0.0,0.0,0.0,0,0,0,
2026-09-29T17:19:50,24.0,24.0,25.0,0.0,0.0,0.0,0.0,0.0,0.0,0,0,0,
2026-09-29T17:19:52,24.0,24.0,25.0,0.0,0.0,0.0,0.0,0.0,0.0,0,0,0,
2026-09-29T17:19:54,24.0,24.0,25.0,0.0,0.0,0.0,0.0,0.0,0.0,0,0,0,
2026-09-29T17:19:56,24.0,24.0,25.0,0.0,0.0,0.0,0.0,0.0,0.0,0,0,0,
2026-09-29T17:19:58,24.0,24.0,25.0,0.0,0.0,0.0,0.0,0.0,0.0,0,0,0,
2026-09-29T17:20:00,24.0,24.0,25.0,0.0,0.0,0.0,0.0,0.0,0.0,0,0,0,
2026-09-29T17:20:02,24.0,24.0,25.0,0.0,0.0,0.0,0.0,0.0,0.0,0,0,0,
2026-09-29T17:20:04,24.0,24.0,25.0,0.0,0.0,0.0,0.0,0.0,0.0,0,0,0,
2026-09-29T17:20:06,24.0,24.0,25.0,0.0,0.0,0.0,0.0,0.0,0.0,0,0,0,
2026-09-29T17:20:08,24.0,24.0,25.0,0.0,0.0,0.0,0.0,0.0,0.0,0,0,0,
2026-09-29T17:20:10,24.0,24.0,25.0,0.0,0.0,0.0,0.0,0.0,0.0,0,0,0,
2026-09-29T17:20:12,24.0,24.0,25.0,0.0,0.0,0.0,0.0,0.0,0.0,0,0,0,
2026-09-29T17:20:14,24.0,24.0,25.0,0.0,0.0,0.0,0.0,0.0,0.0,0,0,0,
2026-09-29T17:20:16,24.0,24.0,25.0,0.0,0.0,0.0,0.0,0.0,0.0,0,0,0,
2026-09-29T17:20:18,24.0,24.0,25.0,0.0,0.0,0.0,0.0,0.0,0.0,0,0,0,
2026-09-29T17:20:20,24.0,24.0,25.0,0.0,0.0,0.0,0.0,0.0,0.0,0,0,0,
2026-09-29T17:20:22,24.0,24.0,25.0,0.0,0.0,0.0,0.0,0.0,0.0,0,0,0,
2026-09-29T17:20:24,24.0,24.0,25.0,0.0,0.0,0.0,0.0,0.0,0.0,0,0,0,
2026-09-29T17:20:26,24.0,24.0,25.0,0.0,0.0,0.0,0.0,0.0,0.0,0,0,0,
2026-09-29T17:20:28,24.0,24.0,25.0,0.0,0.0,0.0,0.0,0.0,0.0,0,0,0,
2026-09-29T17:20:30,24.0,24.0,25.0,0.0,0.0,0.0,0.0,0.0,0.0,0,0,0,
2026-09-29T17:20:32,24.0,24.0,25.0,0.0,0.0,0.0,0.0,0.0,0.0,0,0,0,
2026-09-29T17:20:34,24.0,24.0,25.0,0.0,0.0,0.0,0.0,0.0,0.0,0,0,0,
2026-09-29T17:20:36,24.0,24.0,25.0,0.0,0.0,0.0,0.0,0.0,0.0,0,0,0,
2026-09-29T17:20:38,24.0,24.0,25.0,0.0,0.0,0.0,0.0,0.0,0.0,0,0,0,
2026-09-29T17:20:40,24.0,24.0,25.0,0.0,0.0,0.0,0.0,0.0,0.0,0,0,0,
2026-09-29T17:20:42,24.0,24.0,25.0,0.0,0.0,0.0,0.0,0.0,0.0,0,0,0,
2026-09-29T17:20:44,24.0,24.0,25.0,0.0,0.0,0.0,0.0,0.0,0.0,0,0,0,
2026-09-29T17:20:46,24.0,24.0,25.0,0.0,0.0,0.0,0.0,0.0,0.0,0,0,0,
2026-09-29T17:20:48,24.0,24.0,25.0,0.0,0.0,0.0,0.0,0.0,0.0,0,0,0,
2026-09-29T17:20:50,24.0,24.0,25.0,0.0,0.0,0.0,0.0,0.0,0.0,0,0,0,
2026-09-29T17:20:52,24.0,24.0,25.0,0.0,0.0,0.0,0.0,0.0,0.0,0,0,0,
2026-09-29T17:20:54,24.0,24.0,25.0,0.0,0.0,0.0,0.0,0.0,0.0,0,0,0,
2026-09-29T17:20:56,24.0,24.0,25.0,0.0,0.0,0.0,0.0,0.0,0.0,0,0,0,
2026-09-29T17:20:58,24.0,24.0,25.0,0.0,0.0,0.0,0.0,0.0,0.0,0,0,0,
2026-09-29T17:21:00,24.0,24.0,25.0,0.0,0.0,0.0,0.0,0.0,0.0,0,0,0,
2026-09-29T17:21:02,24.0,24.0,25.0,0.0,0.0,0.0,0.0,0.0,0.0,0,0,0,
2026-09-29T17:21:04,24.0,24.0,25.0,0.0,0.0,0.0,0.0,0.0,0.0,0,0,0,
2026-09-29T17:21:06,24.0,24.0,25.0,0.0,0.0,0.0,0.0,0.0,0.0,0,0,0,
2026-09-29T17:21:08,24.0,24.0,25.0,0.0,0.0,0.0,0.0,0.0,0.0,0,0,0,
2026-09-29T17:21:10,24.0,24.0,25.0,0.0,0.0,0.0,0.0,0.0,0.0,0,0,0,
2026-09-29T17:21:12,24.0,24.0,25.0,0.0,0.0,0.0,0.0,0.0,0.0,0,0,0,
2026-09-29T17:21:14,24.0,24.0,25.0,0.0,0.0,0.0,0.0,0.0,0.0,0,0,0,
2026-09-29T17:21:16,24.0,24.0,25.0,0.0,0.0,0.0,0.0,0.0,0.0,0,0,0,
2026-09-29T17:21:18,24.0,24.0,25.0,0.0,0.0,0.0,0.0,0.0,0.0,0,0,0,
2026-09-29T17:21:20,24.0,24.0,25.0,0.0,0.0,0.0,0.0,0.0,0.0,0,0,0,
2026-09-29T17:21:22,24.0,24.0,25.0,0.0,0.0,0.0,0.0,0.0,0.0,0,0,0,
2026-09-29T17:21:24,24.0,24.0,25.0,0.0,0.0,0.0,0.0,0.0,0.0,0,0,0,
2026-09-29T17:21:26,24.0,24.0,25.0,0.0,0.0,0.0,0.0,0.0,0.0,0,0,0,
2026-09-29T17:21:28,24.0,24.0,25.0,0.0,0.0,0.0,0.0,0.0,0.0,0,0,0,
2026-09-29T17:21:30,24.0,24.0,25.0,0.0,0.0,0.0,0.0,0.0,0.0,0,0,0,
2026-09-29T17:21:32,24.0,24.0,25.0,0.0,0.0,0.0,0.0,0.0,0.0,0,0,0,
2026-09-29T17:21:34,24.0,24.0,25.0,0.0,0.0,0.0,0.0,0.0,0.0,0,0,0,
2026-09-29T17:21:36,24.0,24.0,25.0,0.0,0.0,0.0,0.0,0.0,0.0,0,0,0,
2026-09-29T17:21:38,24.0,24.0,25.0,0.0,0.0,0.0,0.0,0.0,0.0,0,0,0,
2026-09-29T17:21:40,24.0,24.0,25.0,0.0,0.0,0.0,0.0,0.0,0.0,0,0,0,
2026-09-29T17:21:42,24.0,24.0,25.0,0.0,0.0,0.0,0.0,0.0,0.0,0,0,0,
2026-09-29T17:21:44,24.0,24.0,25.0,0.0,0.0,0.0,0.0,0.0,0.0,0,0,0,
2026-09-29T17:21:46,24.0,24.0,25.0,0.0,0.0,0.0,0.0,0.0,0.0,0,0,0,
2026-09-29T17:21:48,24.0,24.0,25.0,0.0,0.0,0.0,0.0,0.0,0.0,0,0,0,
2026-09-29T17:21:50,24.0,24.0,25.0,0.0,0.0,0.0,0.0,0.0,0.0,0,0,0,
2026-09-29T17:21:52,24.0,24.0,25.0,0.0,0.0,0.0,0.0,0.0,0.0,0,0,0,
2026-09-29T17:21:54,24.0,24.0,25.0,0.0,0.0,0.0,0.0,0.0,0.0,0,0,0,
2026-09-29T17:21:56,24.0,24.0,25.0,0.0,0.0,0.0,0.0,0.0,0.0,0,0,0,
2026-09-29T17:21:58,24.0,24.0,25.0,0.0,0.0,0.0,0.0,0.0,0.0,0,0,0,
2026-09-29T17:22:00,24.0,24.0,25.0,0.0,0.0,0.0,0.0,0.0,0.0,0,0,0,
2026-09-29T17:22:02,24.0,24.0,25.0,0.0,0.0,0.0,0.0,0.0,0.0,0,0,0,
2026-09-29T17:22:04,24.0,24.0,25.0,0.0,0.0,0.0,0.0,0.0,0.0,0,0,0,
2026-09-29T17:22:06,24.0,24.0,25.0,0.0,0.0,0.0,0.0,0.0,0.0,0,0,0,
2026-09-29T17:22:08,24.0,24.0,25.0,0.0,0.0,0.0,0.0,0.0,0.0,0,0,0,
2026-09-29T17:22:10,24.0,24.0,25.0,0.0,0.0,0.0,0.0,0.0,0.0,0,0,0,
2026-09-29T17:22:12,24.0,24.0,25.0,0.0,0.0,0.0,0.0,0.0,0.0,0,0,0,
2026-09-29T17:22:14,24.0,24.0,25.0,0.0,0.0,0.0,0.0,0.0,0.0,0,0,0,
2026-09-29T17:22:16,24.0,24.0,25.0,0.0,0.0,0.0,0.0,0.0,0.0,0,0,0,
2026-09-29T17:22:18,24.0,24.0,25.0,0.0,0.0,0.0,0.0,0.0,0.0,0,0,0,
2026-09-29T17:22:20,24.0,24.0,25.0,0.0,0.0,0.0,0.0,0.0,0.0,0,0,0,
2026-09-29T17:22:22,24.0,24.0,25.0,0.0,0.0,0.0,0.0,0.0,0.0,0,0,0,
2026-09-29T17:22:24,24.0,24.0,25.0,0.0,0.0,0.0,0.0,0.0,0.0,0,0,0,
2026-09-29T17:22:26,24.0,24.0,25.0,0.0,0.0,0.0,0.0,0.0,0.0,0,0,0,
2026-09-29T17:22:29,24.0,24.0,25.0,0.0,0.0,0.0,0.0,0.0,0.0,0,0,0,
2026-09-29T17:22:31,24.0,24.0,25.0,0.0,0.0,0.0,0.0,0.0,0.0,0,0,0,
2026-09-29T17:22:33,24.0,24.0,25.0,0.0,0.0,0.0,0.0,0.0,0.0,0,0,0,
2026-09-29T17:22:35,24.0,24.0,25.0,0.0,0.0,0.0,0.0,0.0,0.0,0,0,0,
2026-09-29T17:22:37,24.0,24.0,25.0,0.0,0.0,0.0,0.0,0.0,0.0,0,0,0,
2026-09-29T17:22:39,24.0,24.0,25.0,0.0,0.0,0.0,0.0,0.0,0.0,0,0,0,
2026-09-29T17:22:41,24.0,24.0,25.0,0.0,0.0,0.0,0.0,0.0,0.0,0,0,0,
2026-09-29T17:22:43,24.0,24.0,25.0,0.0,0.0,0.0,0.0,0.0,0.0,0,0,0,
2026-09-29T17:22:45,24.0,24.0,25.0,0.0,0.0,0.0,0.0,0.0,0.0,0,0,0,
2026-09-29T17:22:47,24.0,24.0,25.0,0.0,0.0,0.0,0.0,0.0,0.0,0,0,0,
2026-09-29T17:22:49,24.0,24.0,25.0,0.0,0.0,0.0,0.0,0.0,0.0,0,0,0,
2026-09-29T17:22:51,24.0,24.0,25.0,0.0,0.0,0.0,0.0,0.0,0.0,0,0,0,
2026-09-29T17:22:53,24.0,24.0,25.0,0.0,0.0,0.0,0.0,0.0,0.0,0,0,0,
2026-09-29T17:22:55,24.0,24.0,25.0,0.0,0.0,0.0,0.0,0.0,0.0,0,0,0,
2026-09-29T17:22:57,24.0,24.0,25.0,0.0,0.0,0.0,0.0,0.0,0.0,0,0,0,
2026-09-29T17:22:59,24.0,24.0,25.0,0.0,0.0,0.0,0.0,0.0,0.0,0,0,0,
2026-09-29T17:23:01,24.0,24.0,25.0,0.0,0.0,0.0,0.0,0.0,0.0,0,0,0,
2026-09-29T17:23:03,24.0,24.0,25.0,0.0,0.0,0.0,0.0,0.0,0.0,0,0,0,
2026-09-29T17:23:05,24.0,24.0,25.0,0.0,0.0,0.0,0.0,0.0,0.0,0,0,0,
2026-09-29T17:23:07,24.0,24.0,25.0,0.0,0.0,0.0,0.0,0.0,0.0,0,0,0,
2026-09-29T17:23:09,24.0,24.0,25.0,0.0,0.0,0.0,0.0,0.0,0.0,0,0,0,
2026-09-29T17:23:11,24.0,24.0,25.0,0.0,0.0,0.0,0.0,0.0,0.0,0,0,0,
2026-09-29T17:23:13,24.0,24.0,25.0,0.0,0.0,0.0,0.0,0.0,0.0,0,0,0,
2026-09-29T17:23:15,24.0,24.0,25.0,0.0,0.0,0.0,0.0,0.0,0.0,0,0,0,
2026-09-29T17:23:17,24.0,24.0,25.0,0.0,0.0,0.0,0.0,0.0,0.0,0,0,0,
2026-09-29T17:23:19,24.0,24.0,25.0,0.0,0.0,0.0,0.0,0.0,0.0,0,0,0,
2026-09-29T17:23:21,24.0,24.0,25.0,0.0,0.0,0.0,0.0,0.0,0.0,0,0,0,
2026-09-29T17:23:23,24.0,24.0,25.0,0.0,0.0,0.0,0.0,0.0,0.0,0,0,0,
2026-09-29T17:23:25,24.0,24.0,25.0,0.0,0.0,0.0,0.0,0.0,0.0,0,0,0,
2026-09-29T17:23:27,24.0,24.0,25.0,0.0,0.0,0.0,0.0,0.0,0.0,0,0,0,
2026-09-29T17:23:29,24.0,24.0,25.0,0.0,0.0,0.0,0.0,0.0,0.0,0,0,0,
2026-09-29T17:23:31,24.0,24.0,25.0,0.0,0.0,0.0,0.0,0.0,0.0,0,0,0,
2026-09-29T17:23:33,24.0,24.0,25.0,0.0,0.0,0.0,0.0,0.0,0.0,0,0,0,
2026-09-29T17:23:35,24.0,24.0,25.0,0.0,0.0,0.0,0.0,0.0,0.0,0,0,0,
2026-09-29T17:23:37,24.0,24.0,25.0,0.0,0.0,0.0,0.0,0.0,0.0,0,0,0,
2026-09-29T17:23:39,24.0,24.0,25.0,0.0,0.0,0.0,0.0,0.0,0.0,0,0,0,
2026-09-29T17:23:41,24.0,24.0,25.0,0.0,0.0,0.0,0.0,0.0,0.0,0,0,0,
2026-09-29T17:23:43,24.0,24.0,25.0,0.0,0.0,0.0,0.0,0.0,0.0,0,0,0,
2026-09-29T17:23:45,24.0,24.0,25.0,0.0,0.0,0.0,0.0,0.0,0.0,0,0,0,
2026-09-29T17:23:47,24.0,24.0,25.0,0.0,0.0,0.0,0.0,0.0,0.0,0,0,0,
2026-09-29T17:23:49,24.0,24.0,25.0,0.0,0.0,0.0,0.0,0.0,0.0,0,0,0,
2026-09-29T17:23:51,24.0,24.0,25.0,0.0,0.0,0.0,0.0,0.0,0.0,0,0,0,
2026-09-29T17:23:53,24.0,24.0,25.0,0.0,0.0,0.0,0.0,0.0,0.0,0,0,0,
2026-09-29T17:23:55,24.0,24.0,25.0,0.0,0.0,0.0,0.0,0.0,0.0,0,0,0,
2026-09-29T17:23:57,24.0,24.0,25.0,0.0,0.0,0.0,0.0,0.0,0.0,0,0,0,
2026-09-29T17:23:59,24.0,24.0,25.0,0.0,0.0,0.0,0.0,0.0,0.0,0,0,0,
2026-09-29T17:24:01,24.0,24.0,25.0,0.0,0.0,0.0,0.0,0.0,0.0,0,0,0,
2026-09-29T17:24:03,24.0,24.0,25.0,0.0,0.0,0.0,0.0,0.0,0.0,0,0,0,
2026-09-29T17:24:05,24.0,24.0,25.0,0.0,0.0,0.0,0.0,0.0,0.0,0,0,0,
2026-09-29T17:24:07,24.0,24.0,25.0,0.0,0.0,0.0,0.0,0.0,0.0,0,0,0,
2026-09-29T17:24:09,24.0,24.0,25.0,0.0,0.0,0.0,0.0,0.0,0.0,0,0,0,
2026-09-29T17:24:11,24.0,24.0,25.0,0.0,0.0,0.0,0.0,0.0,0.0,0,0,0,
2026-09-29T17:24:13,24.0,24.0,25.0,0.0,0.0,0.0,0.0,0.0,0.0,0,0,0,
2026-09-29T17:24:15,24.0,24.0,25.0,0.0,0.0,0.0,0.0,0.0,0.0,0,0,0,
2026-09-29T17:24:17,24.0,24.0,25.0,0.0,0.0,0.0,0.0,0.0,0.0,0,0,0,
2026-09-29T17:24:19,24.0,24.0,25.0,0.0,0.0,0.0,0.0,0.0,0.0,0,0,0,
2026-09-29T17:24:21,24.0,24.0,25.0,0.0,0.0,0.0,0.0,0.0,0.0,0,0,0,
2026-09-29T17:24:23,24.0,24.0,25.0,0.0,0.0,0.0,0.0,0.0,0.0,0,0,0,
2026-09-29T17:24:25,24.0,24.0,25.0,0.0,0.0,0.0,0.0,0.0,0.0,0,0,0,
2026-09-29T17:24:27,24.0,24.0,25.0,0.0,0.0,0.0,0.0,0.0,0.0,0,0,0,
2026-09-29T17:24:29,24.0,24.0,25.0,0.0,0.0,0.0,0.0,0.0,0.0,0,0,0,
2026-09-29T17:24:31,24.0,24.0,25.0,0.0,0.0,0.0,0.0,0.0,0.0,0,0,0,
2026-09-29T17:24:33,24.0,24.0,25.0,0.0,0.0,0.0,0.0,0.0,0.0,0,0,0,
2026-09-29T17:24:35,24.0,24.0,25.0,0.0,0.0,0.0,0.0,0.0,0.0,0,0,0,
2026-09-29T17:24:37,24.0,24.0,25.0,0.0,0.0,0.0,0.0,0.0,0.0,0,0,0,
2026-09-29T17:24:39,24.0,24.0,25.0,0.0,0.0,0.0,0.0,0.0,0.0,0,0,0,
2026-09-29T17:24:41,24.0,24.0,25.0,0.0,0.0,0.0,0.0,0.0,0.0,0,0,0,
2026-09-29T17:24:43,24.0,24.0,25.0,0.0,0.0,0.0,0.0,0.0,0.0,0,0,0,
2026-09-29T17:24:45,24.0,24.0,25.0,0.0,0.0,0.0,0.0,0.0,0.0,0,0,0,
2026-09-29T17:24:47,24.0,24.0,25.0,0.0,0.0,0.0,0.0,0.0,0.0,0,0,0,
2026-09-29T17:24:49,24.0,24.0,25.0,0.0,0.0,0.0,0.0,0.0,0.0,0,0,0,
2026-09-29T17:24:51,24.0,24.0,25.0,0.0,0.0,0.0,0.0,0.0,0.0,0,0,0,
2026-09-29T17:24:53,24.0,24.0,25.0,0.0,0.0,0.0,0.0,0.0,0.0,0,0,0,
2026-09-29T17:24:55,24.0,24.0,25.0,0.0,0.0,0.0,0.0,0.0,0.0,0,0,0,
2026-09-29T17:24:57,24.0,24.0,25.0,0.0,0.0,0.0,0.0,0.0,0.0,0,0,0,
2026-09-29T17:24:59,24.0,24.0,25.0,0.0,0.0,0.0,0.0,0.0,0.0,0,0,0,
2026-09-29T17:25:01,24.0,24.0,25.0,0.0,0.0,0.0,0.0,0.0,0.0,0,0,0,
2026-09-29T17:25:03,24.0,24.0,25.0,0.0,0.0,0.0,0.0,0.0,0.0,0,0,0,
2026-09-29T17:25:05,24.0,24.0,25.0,0.0,0.0,0.0,0.0,0.0,0.0,0,0,0,
2026-09-29T17:25:07,24.0,24.0,25.0,0.0,0.0,0.0,0.0,0.0,0.0,0,0,0,
2026-09-29T17:25:09,24.0,24.0,25.0,0.0,0.0,0.0,0.0,0.0,0.0,0,0,0,
2026-09-29T17:25:11,24.0,24.0,25.0,0.0,0.0,0.0,0.0,0.0,0.0,0,0,0,
2026-09-29T17:25:13,24.0,24.0,25.0,0.0,0.0,0.0,0.0,0.0,0.0,0,0,0,
2026-09-29T17:25:15,24.0,24.0,25.0,0.0,0.0,0.0,0.0,0.0,0.0,0,0,0,
2026-09-29T17:25:17,24.0,24.0,25.0,0.0,0.0,0.0,0.0,0.0,0.0,0,0,0,
2026-09-29T17:25:19,24.0,24.0,25.0,0.0,0.0,0.0,0.0,0.0,0.0,0,0,0,
2026-09-29T17:25:21,24.0,24.0,25.0,0.0,0.0,0.0,0.0,0.0,0.0,0,0,0,
2026-09-29T17:25:23,24.0,24.0,25.0,0.0,0.0,0.0,0.0,0.0,0.0,0,0,0,
2026-09-29T17:25:25,24.0,24.0,25.0,0.0,0.0,0.0,0.0,0.0,0.0,0,0,0,
2026-09-29T17:25:27,24.0,24.0,25.0,0.0,0.0,0.0,0.0,0.0,0.0,0,0,0,
2026-09-29T17:25:29,24.0,24.0,25.0,0.0,0.0,0.0,0.0,0.0,0.0,0,0,0,
2026-09-29T17:25:31,24.0,24.0,25.0,0.0,0.0,0.0,0.0,0.0,0.0,0,0,0,
2026-09-29T17:25:33,24.0,24.0,25.0,0.0,0.0,0.0,0.0,0.0,0.0,0,0,0,
2026-09-29T17:25:35,24.0,24.0,25.0,0.0,0.0,0.0,0.0,0.0,0.0,0,0,0,
2026-09-29T17:25:37,24.0,24.0,25.0,0.0,0.0,0.0,0.0,0.0,0.0,0,0,0,
2026-09-29T17:25:39,24.0,24.0,25.0,0.0,0.0,0.0,0.0,0.0,0.0,0,0,0,
2026-09-29T17:25:41,24.0,24.0,25.0,0.0,0.0,0.0,0.0,0.0,0.0,0,0,0,
2026-09-29T17:25:43,24.0,24.0,25.0,0.0,0.0,0.0,0.0,0.0,0.0,0,0,0,
2026-09-29T17:25:45,24.0,24.0,25.0,0.0,0.0,0.0,0.0,0.0,0.0,0,0,0,
2026-09-29T17:25:47,24.0,24.0,25.0,0.0,0.0,0.0,0.0,0.0,0.0,0,0,0,
2026-09-29T17:25:49,24.0,24.0,25.0,0.0,0.0,0.0,0.0,0.0,0.0,0,0,0,
2026-09-29T17:25:51,24.0,24.0,25.0,0.0,0.0,0.0,0.0,0.0,0.0,0,0,0,
2026-09-29T17:25:53,24.0,24.0,25.0,0.0,0.0,0.0,0.0,0.0,0.0,0,0,0,
2026-09-29T17:25:55,24.0,24.0,25.0,0.0,0.0,0.0,0.0,0.0,0.0,0,0,0,
2026-09-29T17:25:57,24.0,24.0,25.0,0.0,0.0,0.0,0.0,0.0,0.0,0,0,0,
2026-09-29T17:25:59,24.0,24.0,25.0,0.0,0.0,0.0,0.0,0.0,0.0,0,0,0,
2026-09-29T17:26:01,24.0,24.0,25.0,0.0,0.0,0.0,0.0,0.0,0.0,0,0,0,
2026-09-29T17:26:03,24.0,24.0,25.0,0.0,0.0,0.0,0.0,0.0,0.0,0,0,0,
2026-09-29T17:26:05,24.0,24.0,25.0,0.0,0.0,0.0,0.0,0.0,0.0,0,0,0,
2026-09-29T17:26:07,24.0,24.0,25.0,0.0,0.0,0.0,0.0,0.0,0.0,0,0,0,
2026-09-29T17:26:09,24.0,24.0,25.0,0.0,0.0,0.0,0.0,0.0,0.0,0,0,0,
2026-09-29T17:26:11,24.0,24.0,25.0,0.0,0.0,0.0,0.0,0.0,0.0,0,0,0,
2026-09-29T17:26:13,24.0,24.0,25.0,0.0,0.0,0.0,0.0,0.0,0.0,0,0,0,
2026-09-29T17:26:15,24.0,24.0,25.0,0.0,0.0,0.0,0.0,0.0,0.0,0,0,0,
2026-09-29T17:26:17,24.0,24.0,25.0,0.0,0.0,0.0,0.0,0.0,0.0,0,0,0,
2026-09-29T17:26:19,24.0,24.0,25.0,0.0,0.0,0.0,0.0,0.0,0.0,0,0,0,
2026-09-29T17:26:21,24.0,24.0,25.0,0.0,0.0,0.0,0.0,0.0,0.0,0,0,0,
2026-09-29T17:26:23,24.0,24.0,25.0,0.0,0.0,0.0,0.0,0.0,0.0,0,0,0,
2026-09-29T17:26:25,24.0,24.0,25.0,0.0,0.0,0.0,0.0,0.0,0.0,0,0,0,
2026-09-29T17:26:27,24.0,24.0,25.0,0.0,0.0,0.0,0.0,0.0,0.0,0,0,0,
2026-09-29T17:26:29,24.0,24.0,25.0,0.0,0.0,0.0,0.0,0.0,0.0,0,0,0,
2026-09-29T17:26:31,24.0,24.0,25.0,0.0,0.0,0.0,0.0,0.0,0.0,0,0,0,
2026-09-29T17:26:33,24.0,24.0,25.0,0.0,0.0,0.0,0.0,0.0,0.0,0,0,0,
2026-09-29T17:26:35,24.0,24.0,25.0,0.0,0.0,0.0,0.0,0.0,0.0,0,0,0,
2026-09-29T17:26:37,24.0,24.0,25.0,0.0,0.0,0.0,0.0,0.0,0.0,0,0,0,
2026-09-29T17:26:39,24.0,24.0,25.0,0.0,0.0,0.0,0.0,0.0,0.0,0,0,0,
2026-09-29T17:26:41,24.0,24.0,25.0,0.0,0.0,0.0,0.0,0.0,0.0,0,0,0,
2026-09-29T17:26:43,24.0,24.0,25.0,0.0,0.0,0.0,0.0,0.0,0.0,0,0,0,
2026-09-29T17:26:45,24.0,24.0,25.0,0.0,0.0,0.0,0.0,0.0,0.0,0,0,0,
2026-09-29T17:26:47,24.0,24.0,25.0,0.0,0.0,0.0,0.0,0.0,0.0,0,0,0,
2026-09-29T17:26:49,24.0,24.0,25.0,0.0,0.0,0.0,0.0,0.0,0.0,0,0,0,
2026-09-29T17:26:51,24.0,24.0,25.0,0.0,0.0,0.0,0.0,0.0,0.0,0,0,0,
2026-09-29T17:26:53,24.0,24.0,25.0,0.0,0.0,0.0,0.0,0.0,0.0,0,0,0,
2026-09-29T17:26:55,24.0,24.0,25.0,0.0,0.0,0.0,0.0,0.0,0.0,0,0,0,
2026-09-29T17:26:57,24.0,24.0,25.0,0.0,0.0,0.0,0.0,0.0,0.0,0,0,0,
2026-09-29T17:26:59,24.0,24.0,25.0,0.0,0.0,0.0,0.0,0.0,0.0,0,0,0,
2026-09-29T17:27:01,24.0,24.0,25.0,0.0,0.0,0.0,0.0,0.0,0.0,0,0,0,
2026-09-29T17:27:03,24.0,24.0,25.0,0.0,0.0,0.0,0.0,0.0,0.0,0,0,0,
2026-09-29T17:27:06,24.0,24.0,25.0,0.0,0.0,0.0,0.0,0.0,0.0,0,0,0,
2026-09-29T17:27:08,24.0,24.0,25.0,0.0,0.0,0.0,0.0,0.0,0.0,0,0,0,
2026-09-29T17:27:10,24.0,24.0,25.0,0.0,0.0,0.0,0.0,0.0,0.0,0,0,0,
2026-09-29T17:27:12,24.0,24.0,25.0,0.0,0.0,0.0,0.0,0.0,0.0,0,0,0,
2026-09-29T17:27:14,24.0,24.0,25.0,0.0,0.0,0.0,0.0,0.0,0.0,0,0,0,
2026-09-29T17:27:16,24.0,24.0,25.0,0.0,0.0,0.0,0.0,0.0,0.0,0,0,0,
2026-09-29T17:27:18,24.0,24.0,25.0,0.0,0.0,0.0,0.0,0.0,0.0,0,0,0,
2026-09-29T17:27:20,24.0,24.0,25.0,0.0,0.0,0.0,0.0,0.0,0.0,0,0,0,
2026-09-29T17:27:22,24.0,24.0,25.0,0.0,0.0,0.0,0.0,0.0,0.0,0,0,0,
2026-09-29T17:27:24,24.0,24.0,25.0,0.0,0.0,0.0,0.0,0.0,0.0,0,0,0,
2026-09-29T17:27:26,24.0,24.0,25.0,0.0,0.0,0.0,0.0,0.0,0.0,0,0,0,
2026-09-29T17:27:28,24.0,24.0,25.0,0.0,0.0,0.0,0.0,0.0,0.0,0,0,0,
2026-09-29T17:27:30,24.0,24.0,25.0,0.0,0.0,0.0,0.0,0.0,0.0,0,0,0,
2026-09-29T17:27:32,24.0,24.0,25.0,0.0,0.0,0.0,0.0,0.0,0.0,0,0,0,
2026-09-29T17:27:34,24.0,24.0,25.0,0.0,0.0,0.0,0.0,0.0,0.0,0,0,0,
2026-09-29T17:27:36,24.0,24.0,25.0,0.0,0.0,0.0,0.0,0.0,0.0,0,0,0,
2026-09-29T17:27:38,24.0,24.0,25.0,0.0,0.0,0.0,0.0,0.0,0.0,0,0,0,
2026-09-29T17:27:40,24.0,24.0,25.0,0.0,0.0,0.0,0.0,0.0,0.0,0,0,0,
2026-09-29T17:27:42,24.0,24.0,25.0,0.0,0.0,0.0,0.0,0.0,0.0,0,0,0,
2026-09-29T17:27:44,24.0,24.0,25.0,0.0,0.0,0.0,0.0,0.0,0.0,0,0,0,
2026-09-29T17:27:46,24.0,24.0,25.0,0.0,0.0,0.0,0.0,0.0,0.0,0,0,0,
2026-09-29T17:27:48,24.0,24.0,25.0,0.0,0.0,0.0,0.0,0.0,0.0,0,0,0,
2026-09-29T17:27:50,24.0,24.0,25.0,0.0,0.0,0.0,0.0,0.0,0.0,0,0,0,
2026-09-29T17:27:52,24.0,24.0,25.0,0.0,0.0,0.0,0.0,0.0,0.0,0,0,0,
2026-09-29T17:27:54,24.0,24.0,25.0,0.0,0.0,0.0,0.0,0.0,0.0,0,0,0,
2026-09-29T17:27:56,24.0,24.0,25.0,0.0,0.0,0.0,0.0,0.0,0.0,0,0,0,
2026-09-29T17:27:58,24.0,24.0,25.0,0.0,0.0,0.0,0.0,0.0,0.0,0,0,0,
2026-09-29T17:28:00,24.0,24.0,25.0,0.0,0.0,0.0,0.0,0.0,0.0,0,0,0,
2026-09-29T17:28:02,24.0,24.0,25.0,0.0,0.0,0.0,0.0,0.0,0.0,0,0,0,
2026-09-29T17:28:04,24.0,24.0,25.0,0.0,0.0,0.0,0.0,0.0,0.0,0,0,0,
2026-09-29T17:28:06,24.0,24.0,25.0,0.0,0.0,0.0,0.0,0.0,0.0,0,0,0,
2026-09-29T17:28:08,24.0,24.0,25.0,0.0,0.0,0.0,0.0,0.0,0.0,0,0,0,
2026-09-29T17:28:10,24.0,24.0,25.0,0.0,0.0,0.0,0.0,0.0,0.0,0,0,0,
2026-09-29T17:28:12,24.0,24.0,25.0,0.0,0.0,0.0,0.0,0.0,0.0,0,0,0,
2026-09-29T17:28:14,24.0,24.0,25.0,0.0,0.0,0.0,0.0,0.0,0.0,0,0,0,
2026-09-29T17:28:16,24.0,24.0,25.0,0.0,0.0,0.0,0.0,0.0,0.0,0,0,0,
2026-09-29T17:28:18,24.0,24.0,25.0,0.0,0.0,0.0,0.0,0.0,0.0,0,0,0,
2026-09-29T17:28:20,24.0,24.0,25.0,0.0,0.0,0.0,0.0,0.0,0.0,0,0,0,
2026-09-29T17:28:22,24.0,24.0,25.0,0.0,0.0,0.0,0.0,0.0,0.0,0,0,0,
2026-09-29T17:28:24,24.0,24.0,25.0,0.0,0.0,0.0,0.0,0.0,0.0,0,0,0,
2026-09-29T17:28:26,24.0,24.0,25.0,0.0,0.0,0.0,0.0,0.0,0.0,0,0,0,
2026-09-29T17:28:28,24.0,24.0,25.0,0.0,0.0,0.0,0.0,0.0,0.0,0,0,0,
2026-09-29T17:28:30,24.0,24.0,25.0,0.0,0.0,0.0,0.0,0.0,0.0,0,0,0,
2026-09-29T17:28:32,24.0,24.0,25.0,0.0,0.0,0.0,0.0,0.0,0.0,0,0,0,
2026-09-29T17:28:34,24.0,24.0,25.0,0.0,0.0,0.0,0.0,0.0,0.0,0,0,0,
2026-09-29T17:28:36,24.0,24.0,25.0,0.0,0.0,0.0,0.0,0.0,0.0,0,0,0,
2026-09-29T17:28:38,24.0,24.0,25.0,0.0,0.0,0.0,0.0,0.0,0.0,0,0,0,
2026-09-29T17:28:40,24.0,24.0,25.0,0.0,0.0,0.0,0.0,0.0,0.0,0,0,0,
2026-09-29T17:28:42,24.0,24.0,25.0,0.0,0.0,0.0,0.0,0.0,0.0,0,0,0,
2026-09-29T17:28:44,24.0,24.0,25.0,0.0,0.0,0.0,0.0,0.0,0.0,0,0,0,
2026-09-29T17:28:46,24.0,24.0,25.0,0.0,0.0,0.0,0.0,0.0,0.0,0,0,0,
2026-09-29T17:28:48,24.0,24.0,25.0,0.0,0.0,0.0,0.0,0.0,0.0,0,0,0,
2026-09-29T17:28:50,24.0,24.0,25.0,0.0,0.0,0.0,0.0,0.0,0.0,0,0,0,
2026-09-29T17:28:52,24.0,24.0,25.0,0.0,0.0,0.0,0.0,0.0,0.0,0,0,0,
2026-09-29T17:28:54,24.0,24.0,25.0,0.0,0.0,0.0,0.0,0.0,0.0,0,0,0,
2026-09-29T17:28:56,24.0,24.0,25.0,0.0,0.0,0.0,0.0,0.0,0.0,0,0,0,
2026-09-29T17:28:58,24.0,24.0,25.0,0.0,0.0,0.0,0.0,0.0,0.0,0,0,0,
2026-09-29T17:29:00,24.0,24.0,25.0,0.0,0.0,0.0,0.0,0.0,0.0,0,0,0,
2026-09-29T17:29:02,24.0,24.0,25.0,0.0,0.0,0.0,0.0,0.0,0.0,0,0,0,
2026-09-29T17:29:04,24.0,24.0,25.0,0.0,0.0,0.0,0.0,0.0,0.0,0,0,0,
2026-09-29T17:29:06,24.0,24.0,25.0,0.0,0.0,0.0,0.0,0.0,0.0,0,0,0,
2026-09-29T17:29:08,24.0,24.0,25.0,0.0,0.0,0.0,0.0,0.0,0.0,0,0,0,
2026-09-29T17:29:10,24.0,24.0,25.0,0.0,0.0,0.0,0.0,0.0,0.0,0,0,0,
2026-09-29T17:29:12,24.0,24.0,25.0,0.0,0.0,0.0,0.0,0.0,0.0,0,0,0,
2026-09-29T17:29:14,24.0,24.0,25.0,0.0,0.0,0.0,0.0,0.0,0.0,0,0,0,
2026-09-29T17:29:16,24.0,24.0,25.0,0.0,0.0,0.0,0.0,0.0,0.0,0,0,0,
2026-09-29T17:29:18,24.0,24.0,25.0,0.0,0.0,0.0,0.0,0.0,0.0,0,0,0,
2026-09-29T17:29:20,24.0,24.0,25.0,0.0,0.0,0.0,0.0,0.0,0.0,0,0,0,
2026-09-29T17:29:22,24.0,24.0,25.0,0.0,0.0,0.0,0.0,0.0,0.0,0,0,0,
2026-09-29T17:29:24,24.0,24.0,25.0,0.0,0.0,0.0,0.0,0.0,0.0,0,0,0,
2026-09-29T17:29:26,24.0,24.0,25.0,0.0,0.0,0.0,0.0,0.0,0.0,0,0,0,
2026-09-29T17:29:28,24.0,24.0,25.0,0.0,0.0,0.0,0.0,0.0,0.0,0,0,0,
2026-09-29T17:29:30,24.0,24.0,25.0,0.0,0.0,0.0,0.0,0.0,0.0,0,0,0,
2026-09-29T17:29:32,24.0,24.0,25.0,0.0,0.0,0.0,0.0,0.0,0.0,0,0,0,
2026-09-29T17:29:34,24.0,24.0,25.0,0.0,0.0,0.0,0.0,0.0,0.0,0,0,0,
2026-09-29T17:29:36,24.0,24.0,25.0,0.0,0.0,0.0,0.0,0.0,0.0,0,0,0,
2026-09-29T17:29:38,24.0,24.0,25.0,0.0,0.0,0.0,0.0,0.0,0.0,0,0,0,
2026-09-29T17:29:40,24.0,24.0,25.0,0.0,0.0,0.0,0.0,0.0,0.0,0,0,0,
2026-09-29T17:29:42,24.0,24.0,25.0,0.0,0.0,0.0,0.0,0.0,0.0,0,0,0,
2026-09-29T17:29:44,24.0,24.0,25.0,0.0,0.0,0.0,0.0,0.0,0.0,0,0,0,
2026-09-29T17:29:46,24.0,24.0,25.0,0.0,0.0,0.0,0.0,0.0,0.0,0,0,0,
2026-09-29T17:29:48,24.0,24.0,25.0,0.0,0.0,0.0,0.0,0.0,0.0,0,0,0,
2026-09-29T17:29:50,24.0,24.0,25.0,0.0,0.0,0.0,0.0,0.0,0.0,0,0,0,
2026-09-29T17:29:52,24.0,24.0,25.0,0.0,0.0,0.0,0.0,0.0,0.0,0,0,0,
2026-09-29T17:29:54,24.0,24.0,25.0,0.0,0.0,0.0,0.0,0.0,0.0,0,0,0,
2026-09-29T17:29:56,24.0,24.0,25.0,0.0,0.0,0.0,0.0,0.0,0.0,0,0,0,
2026-09-29T17:29:58,24.0,24.0,25.0,0.0,0.0,0.0,0.0,0.0,0.0,0,0,0,
2026-09-29T17:30:00,24.0,24.0,25.0,0.0,0.0,0.0,0.0,0.0,0.0,0,0,0,
2026-09-29T17:30:02,24.0,24.0,25.0,0.0,0.0,0.0,0.0,0.0,0.0,0,0,0,
2026-09-29T17:30:04,24.0,24.0,25.0,0.0,0.0,0.0,0.0,0.0,0.0,0,0,0,
2026-09-29T17:30:06,24.0,24.0,25.0,0.0,0.0,0.0,0.0,0.0,0.0,0,0,0,
2026-09-29T17:30:08,24.0,24.0,25.0,0.0,0.0,0.0,0.0,0.0,0.0,0,0,0,
2026-09-29T17:30:10,24.0,24.0,25.0,0.0,0.0,0.0,0.0,0.0,0.0,0,0,0,
2026-09-29T17:30:12,24.0,24.0,25.0,0.0,0.0,0.0,0.0,0.0,0.0,0,0,0,
2026-09-29T17:30:14,24.0,24.0,25.0,0.0,0.0,0.0,0.0,0.0,0.0,0,0,0,
2026-09-29T17:30:16,24.0,24.0,25.0,0.0,0.0,0.0,0.0,0.0,0.0,0,0,0,
2026-09-29T17:30:18,24.0,24.0,25.0,0.0,0.0,0.0,0.0,0.0,0.0,0,0,0,
2026-09-29T17:30:20,24.0,24.0,25.0,0.0,0.0,0.0,0.0,0.0,0.0,0,0,0,
2026-09-29T17:30:22,24.0,24.0,25.0,0.0,0.0,0.0,0.0,0.0,0.0,0,0,0,
2026-09-29T17:30:24,24.0,24.0,25.0,0.0,0.0,0.0,0.0,0.0,0.0,0,0,0,
2026-09-29T17:30:26,24.0,24.0,25.0,0.0,0.0,0.0,0.0,0.0,0.0,0,0,0,
2026-09-29T17:30:28,24.0,24.0,25.0,0.0,0.0,0.0,0.0,0.0,0.0,0,0,0,
2026-09-29T17:30:30,24.0,24.0,25.0,0.0,0.0,0.0,0.0,0.0,0.0,0,0,0,
2026-09-29T17:30:32,24.0,24.0,25.0,0.0,0.0,0.0,0.0,0.0,0.0,0,0,0,
2026-09-29T17:30:34,24.0,24.0,25.0,0.0,0.0,0.0,0.0,0.0,0.0,0,0,0,
2026-09-29T17:30:36,24.0,24.0,25.0,0.0,0.0,0.0,0.0,0.0,0.0,0,0,0,
2026-09-29T17:30:38,24.0,24.0,25.0,0.0,0.0,0.0,0.0,0.0,0.0,0,0,0,
2026-09-29T17:30:41,24.0,24.0,25.0,0.0,0.0,0.0,0.0,0.0,0.0,0,0,0,
2026-09-29T17:30:43,24.0,24.0,25.0,0.0,0.0,0.0,0.0,0.0,0.0,0,0,0,
2026-09-29T17:30:45,24.0,24.0,25.0,0.0,0.0,0.0,0.0,0.0,0.0,0,0,0,
2026-09-29T17:30:47,24.0,24.0,25.0,0.0,0.0,0.0,0.0,0.0,0.0,0,0,0,
2026-09-29T17:30:49,24.0,24.0,25.0,0.0,0.0,0.0,0.0,0.0,0.0,0,0,0,
2026-09-29T17:30:51,24.0,24.0,25.0,0.0,0.0,0.0,0.0,0.0,0.0,0,0,0,
2026-09-29T17:30:53,24.0,24.0,25.0,0.0,0.0,0.0,0.0,0.0,0.0,0,0,0,
2026-09-29T17:30:55,24.0,24.0,25.0,0.0,0.0,0.0,0.0,0.0,0.0,0,0,0,
2026-09-29T17:30:57,24.0,24.0,25.0,0.0,0.0,0.0,0.0,0.0,0.0,0,0,0,
2026-09-29T17:30:59,24.0,24.0,25.0,0.0,0.0,0.0,0.0,0.0,0.0,0,0,0,
2026-09-29T17:31:01,24.0,24.0,25.0,0.0,0.0,0.0,0.0,0.0,0.0,0,0,0,
2026-09-29T17:31:03,24.0,24.0,25.0,0.0,0.0,0.0,0.0,0.0,0.0,0,0,0,
2026-09-29T17:31:05,24.0,24.0,25.0,0.0,0.0,0.0,0.0,0.0,0.0,0,0,0,
2026-09-29T17:31:07,24.0,24.0,25.0,0.0,0.0,0.0,0.0,0.0,0.0,0,0,0,
2026-09-29T17:31:09,24.0,24.0,25.0,0.0,0.0,0.0,0.0,0.0,0.0,0,0,0,
2026-09-29T17:31:11,24.0,24.0,25.0,0.0,0.0,0.0,0.0,0.0,0.0,0,0,0,
2026-09-29T17:31:13,24.0,24.0,25.0,0.0,0.0,0.0,0.0,0.0,0.0,0,0,0,
2026-09-29T17:31:15,24.0,24.0,25.0,0.0,0.0,0.0,0.0,0.0,0.0,0,0,0,
2026-09-29T17:31:17,24.0,24.0,25.0,0.0,0.0,0.0,0.0,0.0,0.0,0,0,0,
2026-09-29T17:31:19,24.0,24.0,25.0,0.0,0.0,0.0,0.0,0.0,0.0,0,0,0,
2026-09-29T17:31:21,24.0,24.0,25.0,0.0,0.0,0.0,0.0,0.0,0.0,0,0,0,
2026-09-29T17:31:23,24.0,24.0,25.0,0.0,0.0,0.0,0.0,0.0,0.0,0,0,0,
2026-09-29T17:31:25,24.0,24.0,25.0,0.0,0.0,0.0,0.0,0.0,0.0,0,0,0,
2026-09-29T17:31:27,24.0,24.0,25.0,0.0,0.0,0.0,0.0,0.0,0.0,0,0,0,
2026-09-29T17:31:29,24.0,24.0,25.0,0.0,0.0,0.0,0.0,0.0,0.0,0,0,0,
2026-09-29T17:31:31,24.0,24.0,25.0,0.0,0.0,0.0,0.0,0.0,0.0,0,0,0,
2026-09-29T17:31:33,24.0,24.0,25.0,0.0,0.0,0.0,0.0,0.0,0.0,0,0,0,
2026-09-29T17:31:35,24.0,24.0,25.0,0.0,0.0,0.0,0.0,0.0,0.0,0,0,0,
2026-09-29T17:31:37,24.0,24.0,25.0,0.0,0.0,0.0,0.0,0.0,0.0,0,0,0,
2026-09-29T17:31:39,24.0,24.0,25.0,0.0,0.0,0.0,0.0,0.0,0.0,0,0,0,
2026-09-29T17:31:41,24.0,24.0,25.0,0.0,0.0,0.0,0.0,0.0,0.0,0,0,0,
2026-09-29T17:31:43,24.0,24.0,25.0,0.0,0.0,0.0,0.0,0.0,0.0,0,0,0,
2026-09-29T17:31:45,24.0,24.0,25.0,0.0,0.0,0.0,0.0,0.0,0.0,0,0,0,
2026-09-29T17:31:47,24.0,24.0,25.0,0.0,0.0,0.0,0.0,0.0,0.0,0,0,0,
2026-09-29T17:31:49,24.0,24.0,25.0,0.0,0.0,0.0,0.0,0.0,0.0,0,0,0,
2026-09-29T17:31:51,24.0,24.0,25.0,0.0,0.0,0.0,0.0,0.0,0.0,0,0,0,
2026-09-29T17:31:53,24.0,24.0,25.0,0.0,0.0,0.0,0.0,0.0,0.0,0,0,0,
2026-09-29T17:31:55,24.0,24.0,25.0,0.0,0.0,0.0,0.0,0.0,0.0,0,0,0,
2026-09-29T17:31:57,24.0,24.0,25.0,0.0,0.0,0.0,0.0,0.0,0.0,0,0,0,
2026-09-29T17:31:59,24.0,24.0,25.0,0.0,0.0,0.0,0.0,0.0,0.0,0,0,0,
2026-09-29T17:32:01,24.0,24.0,25.0,0.0,0.0,0.0,0.0,0.0,0.0,0,0,0,
2026-09-29T17:32:03,24.0,24.0,25.0,0.0,0.0,0.0,0.0,0.0,0.0,0,0,0,
2026-09-29T17:32:05,24.0,24.0,25.0,0.0,0.0,0.0,0.0,0.0,0.0,0,0,0,
2026-09-29T17:32:07,24.0,24.0,25.0,0.0,0.0,0.0,0.0,0.0,0.0,0,0,0,
2026-09-29T17:32:09,24.0,24.0,25.0,0.0,0.0,0.0,0.0,0.0,0.0,0,0,0,
2026-09-29T17:32:11,24.0,24.0,25.0,0.0,0.0,0.0,0.0,0.0,0.0,0,0,0,
2026-09-29T17:32:13,24.0,24.0,25.0,0.0,0.0,0.0,0.0,0.0,0.0,0,0,0,
2026-09-29T17:32:15,24.0,24.0,25.0,0.0,0.0,0.0,0.0,0.0,0.0,0,0,0,
2026-09-29T17:32:17,24.0,24.0,25.0,0.0,0.0,0.0,0.0,0.0,0.0,0,0,0,
2026-09-29T17:32:19,24.0,24.0,25.0,0.0,0.0,0.0,0.0,0.0,0.0,0,0,0,
2026-09-29T17:32:21,24.0,24.0,25.0,0.0,0.0,0.0,0.0,0.0,0.0,0,0,0,
2026-09-29T17:32:23,24.0,24.0,25.0,0.0,0.0,0.0,0.0,0.0,0.0,0,0,0,
2026-09-29T17:32:25,24.0,24.0,25.0,0.0,0.0,0.0,0.0,0.0,0.0,0,0,0,
2026-09-29T17:32:27,24.0,24.0,25.0,0.0,0.0,0.0,0.0,0.0,0.0,0,0,0,
2026-09-29T17:32:29,24.0,24.0,25.0,0.0,0.0,0.0,0.0,0.0,0.0,0,0,0,
2026-09-29T17:32:31,24.0,24.0,25.0,0.0,0.0,0.0,0.0,0.0,0.0,0,0,0,
2026-09-29T17:32:33,24.0,24.0,25.0,0.0,0.0,0.0,0.0,0.0,0.0,0,0,0,
2026-09-29T17:32:35,24.0,24.0,25.0,0.0,0.0,0.0,0.0,0.0,0.0,0,0,0,
2026-09-29T17:32:37,24.0,24.0,25.0,0.0,0.0,0.0,0.0,0.0,0.0,0,0,0,
2026-09-29T17:32:39,24.0,24.0,25.0,0.0,0.0,0.0,0.0,0.0,0.0,0,0,0,
2026-09-29T17:32:41,24.0,24.0,25.0,0.0,0.0,0.0,0.0,0.0,0.0,0,0,0,
2026-09-29T17:32:43,24.0,24.0,25.0,0.0,0.0,0.0,0.0,0.0,0.0,0,0,0,
2026-09-29T17:32:45,24.0,24.0,25.0,0.0,0.0,0.0,0.0,0.0,0.0,0,0,0,
2026-09-29T17:32:47,24.0,24.0,25.0,0.0,0.0,0.0,0.0,0.0,0.0,0,0,0,
2026-09-29T17:32:49,24.0,24.0,25.0,0.0,0.0,0.0,0.0,0.0,0.0,0,0,0,
2026-09-29T17:32:51,24.0,24.0,25.0,0.0,0.0,0.0,0.0,0.0,0.0,0,0,0,
2026-09-29T17:32:53,24.0,24.0,25.0,0.0,0.0,0.0,0.0,0.0,0.0,0,0,0,
2026-09-29T17:32:55,24.0,24.0,25.0,0.0,0.0,0.0,0.0,0.0,0.0,0,0,0,
2026-09-29T17:32:57,24.0,24.0,25.0,0.0,0.0,0.0,0.0,0.0,0.0,0,0,0,
2026-09-29T17:32:59,24.0,24.0,25.0,0.0,0.0,0.0,0.0,0.0,0.0,0,0,0,
2026-09-29T17:33:01,24.0,24.0,25.0,0.0,0.0,0.0,0.0,0.0,0.0,0,0,0,
2026-09-29T17:33:03,24.0,24.0,25.0,0.0,0.0,0.0,0.0,0.0,0.0,0,0,0,
2026-09-29T17:33:05,24.0,24.0,25.0,0.0,0.0,0.0,0.0,0.0,0.0,0,0,0,
2026-09-29T17:33:07,24.0,24.0,25.0,0.0,0.0,0.0,0.0,0.0,0.0,0,0,0,
2026-09-29T17:33:09,24.0,24.0,25.0,0.0,0.0,0.0,0.0,0.0,0.0,0,0,0,
2026-09-29T17:33:11,24.0,24.0,25.0,0.0,0.0,0.0,0.0,0.0,0.0,0,0,0,
2026-09-29T17:33:13,24.0,24.0,25.0,0.0,0.0,0.0,0.0,0.0,0.0,0,0,0,
2026-09-29T17:33:15,24.0,24.0,25.0,0.0,0.0,0.0,0.0,0.0,0.0,0,0,0,
2026-09-29T17:33:17,24.0,24.0,25.0,0.0,0.0,0.0,0.0,0.0,0.0,0,0,0,
2026-09-29T17:33:19,24.0,24.0,25.0,0.0,0.0,0.0,0.0,0.0,0.0,0,0,0,
2026-09-29T17:33:21,24.0,24.0,25.0,0.0,0.0,0.0,0.0,0.0,0.0,0,0,0,
2026-09-29T17:33:23,24.0,24.0,25.0,0.0,0.0,0.0,0.0,0.0,0.0,0,0,0,
2026-09-29T17:33:26,24.0,24.0,25.0,0.0,0.0,0.0,0.0,0.0,0.0,0,0,0,
2026-09-29T17:33:28,24.0,24.0,25.0,0.0,0.0,0.0,0.0,0.0,0.0,0,0,0,
2026-09-29T17:33:30,24.0,24.0,25.0,0.0,0.0,0.0,0.0,0.0,0.0,0,0,0,
2026-09-29T17:33:32,24.0,24.0,25.0,0.0,0.0,0.0,0.0,0.0,0.0,0,0,0,
2026-09-29T17:33:34,24.0,24.0,25.0,0.0,0.0,0.0,0.0,0.0,0.0,0,0,0,
2026-09-29T17:33:36,24.0,24.0,25.0,0.0,0.0,0.0,0.0,0.0,0.0,0,0,0,
2026-09-29T17:33:38,24.0,24.0,25.0,0.0,0.0,0.0,0.0,0.0,0.0,0,0,0,
2026-09-29T17:33:40,24.0,24.0,25.0,0.0,0.0,0.0,0.0,0.0,0.0,0,0,0,
2026-09-29T17:33:42,24.0,24.0,25.0,0.0,0.0,0.0,0.0,0.0,0.0,0,0,0,
2026-09-29T17:33:44,24.0,24.0,25.0,0.0,0.0,0.0,0.0,0.0,0.0,0,0,0,
2026-09-29T17:33:46,24.0,24.0,25.0,0.0,0.0,0.0,0.0,0.0,0.0,0,0,0,
2026-09-29T17:33:48,24.0,24.0,25.0,0.0,0.0,0.0,0.0,0.0,0.0,0,0,0,
2026-09-29T17:33:50,24.0,24.0,25.0,0.0,0.0,0.0,0.0,0.0,0.0,0,0,0,
2026-09-29T17:33:52,24.0,24.0,25.0,0.0,0.0,0.0,0.0,0.0,0.0,0,0,0,
2026-09-29T17:33:54,24.0,24.0,25.0,0.0,0.0,0.0,0.0,0.0,0.0,0,0,0,
2026-09-29T17:33:56,24.0,24.0,25.0,0.0,0.0,0.0,0.0,0.0,0.0,0,0,0,
2026-09-29T17:33:58,24.0,24.0,25.0,0.0,0.0,0.0,0.0,0.0,0.0,0,0,0,
2026-09-29T17:34:00,24.0,24.0,25.0,0.0,0.0,0.0,0.0,0.0,0.0,0,0,0,
2026-09-29T17:34:02,24.0,24.0,25.0,0.0,0.0,0.0,0.0,0.0,0.0,0,0,0,
2026-09-29T17:34:04,24.0,24.0,25.0,0.0,0.0,0.0,0.0,0.0,0.0,0,0,0,
2026-09-29T17:34:06,24.0,24.0,25.0,0.0,0.0,0.0,0.0,0.0,0.0,0,0,0,
2026-09-29T17:34:08,24.0,24.0,25.0,0.0,0.0,0.0,0.0,0.0,0.0,0,0,0,
2026-09-29T17:34:10,24.0,24.0,25.0,0.0,0.0,0.0,0.0,0.0,0.0,0,0,0,
2026-09-29T17:34:12,24.0,24.0,25.0,0.0,0.0,0.0,0.0,0.0,0.0,0,0,0,
2026-09-29T17:34:14,24.0,24.0,25.0,0.0,0.0,0.0,0.0,0.0,0.0,0,0,0,
2026-09-29T17:34:16,24.0,24.0,25.0,0.0,0.0,0.0,0.0,0.0,0.0,0,0,0,
2026-09-29T17:34:18,24.0,24.0,25.0,0.0,0.0,0.0,0.0,0.0,0.0,0,0,0,
2026-09-29T17:34:20,24.0,24.0,25.0,0.0,0.0,0.0,0.0,0.0,0.0,0,0,0,
2026-09-29T17:34:22,24.0,24.0,25.0,0.0,0.0,0.0,0.0,0.0,0.0,0,0,0,
2026-09-29T17:34:24,24.0,24.0,25.0,0.0,0.0,0.0,0.0,0.0,0.0,0,0,0,
2026-09-29T17:34:26,24.0,24.0,25.0,0.0,0.0,0.0,0.0,0.0,0.0,0,0,0,
2026-09-29T17:34:28,24.0,24.0,25.0,0.0,0.0,0.0,0.0,0.0,0.0,0,0,0,
2026-09-29T17:34:30,24.0,24.0,25.0,0.0,0.0,0.0,0.0,0.0,0.0,0,0,0,
2026-09-29T17:34:32,24.0,24.0,25.0,0.0,0.0,0.0,0.0,0.0,0.0,0,0,0,
2026-09-29T17:34:34,24.0,24.0,25.0,0.0,0.0,0.0,0.0,0.0,0.0,0,0,0,
2026-09-29T17:34:36,24.0,24.0,25.0,0.0,0.0,0.0,0.0,0.0,0.0,0,0,0,
2026-09-29T17:34:38,24.0,24.0,25.0,0.0,0.0,0.0,0.0,0.0,0.0,0,0,0,
2026-09-29T17:34:40,24.0,24.0,25.0,0.0,0.0,0.0,0.0,0.0,0.0,0,0,0,
2026-09-29T17:34:42,24.0,24.0,25.0,0.0,0.0,0.0,0.0,0.0,0.0,0,0,0,
2026-09-29T17:34:44,24.0,24.0,25.0,0.0,0.0,0.0,0.0,0.0,0.0,0,0,0,
2026-09-29T17:34:46,24.0,24.0,25.0,0.0,0.0,0.0,0.0,0.0,0.0,0,0,0,
2026-09-29T17:34:48,24.0,24.0,25.0,0.0,0.0,0.0,0.0,0.0,0.0,0,0,0,
2026-09-29T17:34:50,24.0,24.0,25.0,0.0,0.0,0.0,0.0,0.0,0.0,0,0,0,
2026-09-29T17:34:52,24.0,24.0,25.0,0.0,0.0,0.0,0.0,0.0,0.0,0,0,0,
2026-09-29T17:34:54,24.0,24.0,25.0,0.0,0.0,0.0,0.0,0.0,0.0,0,0,0,
2026-09-29T17:34:56,24.0,24.0,25.0,0.0,0.0,0.0,0.0,0.0,0.0,0,0,0,
2026-09-29T17:34:58,24.0,24.0,25.0,0.0,0.0,0.0,0.0,0.0,0.0,0,0,0,
2026-09-29T17:35:00,24.0,24.0,25.0,0.0,0.0,0.0,0.0,0.0,0.0,0,0,0,
2026-09-29T17:35:02,24.0,24.0,25.0,0.0,0.0,0.0,0.0,0.0,0.0,0,0,0,
2026-09-29T17:35:04,24.0,24.0,25.0,0.0,0.0,0.0,0.0,0.0,0.0,0,0,0,
2026-09-29T17:35:06,24.0,24.0,25.0,0.0,0.0,0.0,0.0,0.0,0.0,0,0,0,
2026-09-29T17:35:08,24.0,24.0,25.0,0.0,0.0,0.0,0.0,0.0,0.0,0,0,0,
2026-09-29T17:35:10,24.0,24.0,25.0,0.0,0.0,0.0,0.0,0.0,0.0,0,0,0,
2026-09-29T17:35:12,24.0,24.0,25.0,0.0,0.0,0.0,0.0,0.0,0.0,0,0,0,
2026-09-29T17:35:14,24.0,24.0,25.0,0.0,0.0,0.0,0.0,0.0,0.0,0,0,0,
2026-09-29T17:35:16,24.0,24.0,25.0,0.0,0.0,0.0,0.0,0.0,0.0,0,0,0,
2026-09-29T17:35:18,24.0,24.0,25.0,0.0,0.0,0.0,0.0,0.0,0.0,0,0,0,
2026-09-29T17:35:20,24.0,24.0,25.0,0.0,0.0,0.0,0.0,0.0,0.0,0,0,0,
2026-09-29T17:35:22,24.0,24.0,25.0,0.0,0.0,0.0,0.0,0.0,0.0,0,0,0,
2026-09-29T17:35:24,24.0,24.0,25.0,0.0,0.0,0.0,0.0,0.0,0.0,0,0,0,
2026-09-29T17:35:26,24.0,24.0,25.0,0.0,0.0,0.0,0.0,0.0,0.0,0,0,0,
2026-09-29T17:35:28,24.0,24.0,25.0,0.0,0.0,0.0,0.0,0.0,0.0,0,0,0,
2026-09-29T17:35:30,24.0,24.0,25.0,0.0,0.0,0.0,0.0,0.0,0.0,0,0,0,
2026-09-29T17:35:32,24.0,24.0,25.0,0.0,0.0,0.0,0.0,0.0,0.0,0,0,0,
2026-09-29T17:35:34,24.0,24.0,25.0,0.0,0.0,0.0,0.0,0.0,0.0,0,0,0,
2026-09-29T17:35:36,24.0,24.0,25.0,0.0,0.0,0.0,0.0,0.0,0.0,0,0,0,
2026-09-29T17:35:38,24.0,24.0,25.0,0.0,0.0,0.0,0.0,0.0,0.0,0,0,0,
2026-09-29T17:35:40,24.0,24.0,25.0,0.0,0.0,0.0,0.0,0.0,0.0,0,0,0,
2026-09-29T17:35:42,24.0,24.0,25.0,0.0,0.0,0.0,0.0,0.0,0.0,0,0,0,
2026-09-29T17:35:44,24.0,24.0,25.0,0.0,0.0,0.0,0.0,0.0,0.0,0,0,0,
2026-09-29T17:35:46,24.0,24.0,25.0,0.0,0.0,0.0,0.0,0.0,0.0,0,0,0,
2026-09-29T17:35:48,24.0,24.0,25.0,0.0,0.0,0.0,0.0,0.0,0.0,0,0,0,
2026-09-29T17:35:50,24.0,24.0,25.0,0.0,0.0,0.0,0.0,0.0,0.0,0,0,0,
2026-09-29T17:35:52,24.0,24.0,25.0,0.0,0.0,0.0,0.0,0.0,0.0,0,0,0,
2026-09-29T17:35:54,24.0,24.0,25.0,0.0,0.0,0.0,0.0,0.0,0.0,0,0,0,
2026-09-29T17:35:56,24.0,24.0,25.0,0.0,0.0,0.0,0.0,0.0,0.0,0,0,0,
2026-09-29T17:35:59,24.0,24.0,25.0,0.0,0.0,0.0,0.0,0.0,0.0,0,0,0,
2026-09-29T17:36:01,24.0,24.0,25.0,0.0,0.0,0.0,0.0,0.0,0.0,0,0,0,
2026-09-29T17:36:03,24.0,24.0,25.0,0.0,0.0,0.0,0.0,0.0,0.0,0,0,0,
2026-09-29T17:36:05,24.0,24.0,25.0,0.0,0.0,0.0,0.0,0.0,0.0,0,0,0,
2026-09-29T17:36:07,24.0,24.0,25.0,0.0,0.0,0.0,0.0,0.0,0.0,0,0,0,
2026-09-29T17:36:09,24.0,24.0,25.0,0.0,0.0,0.0,0.0,0.0,0.0,0,0,0,
2026-09-29T17:36:11,24.0,24.0,25.0,0.0,0.0,0.0,0.0,0.0,0.0,0,0,0,
2026-09-29T17:36:13,24.0,24.0,25.0,0.0,0.0,0.0,0.0,0.0,0.0,0,0,0,
2026-09-29T17:36:15,24.0,24.0,25.0,0.0,0.0,0.0,0.0,0.0,0.0,0,0,0,
2026-09-29T17:36:17,24.0,24.0,25.0,0.0,0.0,0.0,0.0,0.0,0.0,0,0,0,
2026-09-29T17:36:19,24.0,24.0,25.0,0.0,0.0,0.0,0.0,0.0,0.0,0,0,0,
2026-09-29T17:36:21,24.0,24.0,25.0,0.0,0.0,0.0,0.0,0.0,0.0,0,0,0,
2026-09-29T17:36:23,24.0,24.0,25.0,0.0,0.0,0.0,0.0,0.0,0.0,0,0,0,
2026-09-29T17:36:25,24.0,24.0,25.0,0.0,0.0,0.0,0.0,0.0,0.0,0,0,0,
2026-09-29T17:36:27,24.0,24.0,25.0,0.0,0.0,0.0,0.0,0.0,0.0,0,0,0,
2026-09-29T17:36:29,24.0,24.0,25.0,0.0,0.0,0.0,0.0,0.0,0.0,0,0,0,
2026-09-29T17:36:31,24.0,24.0,25.0,0.0,0.0,0.0,0.0,0.0,0.0,0,0,0,
2026-09-29T17:36:33,24.0,24.0,25.0,0.0,0.0,0.0,0.0,0.0,0.0,0,0,0,
2026-09-29T17:36:35,24.0,24.0,25.0,0.0,0.0,0.0,0.0,0.0,0.0,0,0,0,
2026-09-29T17:36:37,24.0,24.0,25.0,0.0,0.0,0.0,0.0,0.0,0.0,0,0,0,
2026-09-29T17:36:39,24.0,24.0,25.0,0.0,0.0,0.0,0.0,0.0,0.0,0,0,0,
2026-09-29T17:36:41,24.0,24.0,25.0,0.0,0.0,0.0,0.0,0.0,0.0,0,0,0,
2026-09-29T17:36:43,24.0,24.0,25.0,0.0,0.0,0.0,0.0,0.0,0.0,0,0,0,
2026-09-29T17:36:45,24.0,24.0,25.0,0.0,0.0,0.0,0.0,0.0,0.0,0,0,0,
2026-09-29T17:36:47,24.0,24.0,25.0,0.0,0.0,0.0,0.0,0.0,0.0,0,0,0,
2026-09-29T17:36:49,24.0,24.0,25.0,0.0,0.0,0.0,0.0,0.0,0.0,0,0,0,
2026-09-29T17:36:51,24.0,24.0,25.0,0.0,0.0,0.0,0.0,0.0,0.0,0,0,0,
2026-09-29T17:36:53,24.0,24.0,25.0,0.0,0.0,0.0,0.0,0.0,0.0,0,0,0,
2026-09-29T17:36:55,24.0,24.0,25.0,0.0,0.0,0.0,0.0,0.0,0.0,0,0,0,
2026-09-29T17:36:57,24.0,24.0,25.0,0.0,0.0,0.0,0.0,0.0,0.0,0,0,0,
2026-09-29T17:36:59,24.0,24.0,25.0,0.0,0.0,0.0,0.0,0.0,0.0,0,0,0,
2026-09-29T17:37:01,24.0,24.0,25.0,0.0,0.0,0.0,0.0,0.0,0.0,0,0,0,
2026-09-29T17:37:03,24.0,24.0,25.0,0.0,0.0,0.0,0.0,0.0,0.0,0,0,0,
2026-09-29T17:37:05,24.0,24.0,25.0,0.0,0.0,0.0,0.0,0.0,0.0,0,0,0,
2026-09-29T17:37:07,24.0,24.0,25.0,0.0,0.0,0.0,0.0,0.0,0.0,0,0,0,
2026-09-29T17:37:09,24.0,24.0,25.0,0.0,0.0,0.0,0.0,0.0,0.0,0,0,0,
2026-09-29T17:37:11,24.0,24.0,25.0,0.0,0.0,0.0,0.0,0.0,0.0,0,0,0,
2026-09-29T17:37:13,24.0,24.0,25.0,0.0,0.0,0.0,0.0,0.0,0.0,0,0,0,
2026-09-29T17:37:15,24.0,24.0,25.0,0.0,0.0,0.0,0.0,0.0,0.0,0,0,0,
2026-09-29T17:37:17,24.0,24.0,25.0,0.0,0.0,0.0,0.0,0.0,0.0,0,0,0,
2026-09-29T17:37:19,24.0,24.0,25.0,0.0,0.0,0.0,0.0,0.0,0.0,0,0,0,
2026-09-29T17:37:21,24.0,24.0,25.0,0.0,0.0,0.0,0.0,0.0,0.0,0,0,0,
2026-09-29T17:37:23,24.0,24.0,25.0,0.0,0.0,0.0,0.0,0.0,0.0,0,0,0,
2026-09-29T17:37:25,24.0,24.0,25.0,0.0,0.0,0.0,0.0,0.0,0.0,0,0,0,
2026-09-29T17:37:27,24.0,24.0,25.0,0.0,0.0,0.0,0.0,0.0,0.0,0,0,0,
2026-09-29T17:37:29,24.0,24.0,25.0,0.0,0.0,0.0,0.0,0.0,0.0,0,0,0,
2026-09-29T17:37:31,24.0,24.0,25.0,0.0,0.0,0.0,0.0,0.0,0.0,0,0,0,
2026-09-29T17:37:33,24.0,24.0,25.0,0.0,0.0,0.0,0.0,0.0,0.0,0,0,0,
2026-09-29T17:37:35,24.0,24.0,25.0,0.0,0.0,0.0,0.0,0.0,0.0,0,0,0,
2026-09-29T17:37:37,24.0,24.0,25.0,0.0,0.0,0.0,0.0,0.0,0.0,0,0,0,
2026-09-29T17:37:39,24.0,24.0,25.0,0.0,0.0,0.0,0.0,0.0,0.0,0,0,0,
2026-09-29T17:37:41,24.0,24.0,25.0,0.0,0.0,0.0,0.0,0.0,0.0,0,0,0,
2026-09-29T17:37:43,24.0,24.0,25.0,0.0,0.0,0.0,0.0,0.0,0.0,0,0,0,
2026-09-29T17:37:45,24.0,24.0,25.0,0.0,0.0,0.0,0.0,0.0,0.0,0,0,0,
2026-09-29T17:37:47,24.0,24.0,25.0,0.0,0.0,0.0,0.0,0.0,0.0,0,0,0,
2026-09-29T17:37:49,24.0,24.0,25.0,0.0,0.0,0.0,0.0,0.0,0.0,0,0,0,
2026-09-29T17:37:51,24.0,24.0,25.0,0.0,0.0,0.0,0.0,0.0,0.0,0,0,0,
2026-09-29T17:37:53,24.0,24.0,25.0,0.0,0.0,0.0,0.0,0.0,0.0,0,0,0,
2026-09-29T17:37:55,24.0,24.0,25.0,0.0,0.0,0.0,0.0,0.0,0.0,0,0,0,
2026-09-29T17:37:57,24.0,24.0,25.0,0.0,0.0,0.0,0.0,0.0,0.0,0,0,0,
2026-09-29T17:37:59,24.0,24.0,25.0,0.0,0.0,0.0,0.0,0.0,0.0,0,0,0,
2026-09-29T17:38:01,24.0,24.0,25.0,0.0,0.0,0.0,0.0,0.0,0.0,0,0,0,
2026-09-29T17:38:03,24.0,24.0,25.0,0.0,0.0,0.0,0.0,0.0,0.0,0,0,0,
2026-09-29T17:38:05,24.0,24.0,25.0,0.0,0.0,0.0,0.0,0.0,0.0,0,0,0,
2026-09-29T17:38:07,24.0,24.0,25.0,0.0,0.0,0.0,0.0,0.0,0.0,0,0,0,
2026-09-29T17:38:09,24.0,24.0,25.0,0.0,0.0,0.0,0.0,0.0,0.0,0,0,0,
2026-09-29T17:38:11,24.0,24.0,25.0,0.0,0.0,0.0,0.0,0.0,0.0,0,0,0,
2026-09-29T17:38:13,24.0,24.0,25.0,0.0,0.0,0.0,0.0,0.0,0.0,0,0,0,
2026-09-29T17:38:15,24.0,24.0,25.0,0.0,0.0,0.0,0.0,0.0,0.0,0,0,0,
2026-09-29T17:38:17,24.0,24.0,25.0,0.0,0.0,0.0,0.0,0.0,0.0,0,0,0,
2026-09-29T17:38:19,24.0,24.0,25.0,0.0,0.0,0.0,0.0,0.0,0.0,0,0,0,
2026-09-29T17:38:22,24.0,24.0,25.0,0.0,0.0,0.0,0.0,0.0,0.0,0,0,0,
2026-09-29T17:38:24,24.0,24.0,25.0,0.0,0.0,0.0,0.0,0.0,0.0,0,0,0,
2026-09-29T17:38:26,24.0,24.0,25.0,0.0,0.0,0.0,0.0,0.0,0.0,0,0,0,
2026-09-29T17:38:28,24.0,24.0,25.0,0.0,0.0,0.0,0.0,0.0,0.0,0,0,0,
2026-09-29T17:38:30,24.0,24.0,25.0,0.0,0.0,0.0,0.0,0.0,0.0,0,0,0,
2026-09-29T17:38:32,24.0,24.0,25.0,0.0,0.0,0.0,0.0,0.0,0.0,0,0,0,
2026-09-29T17:38:34,24.0,24.0,25.0,0.0,0.0,0.0,0.0,0.0,0.0,0,0,0,
2026-09-29T17:38:36,24.0,24.0,25.0,0.0,0.0,0.0,0.0,0.0,0.0,0,0,0,
2026-09-29T17:38:38,24.0,24.0,25.0,0.0,0.0,0.0,0.0,0.0,0.0,0,0,0,
2026-09-29T17:38:40,24.0,24.0,25.0,0.0,0.0,0.0,0.0,0.0,0.0,0,0,0,
2026-09-29T17:38:42,24.0,24.0,25.0,0.0,0.0,0.0,0.0,0.0,0.0,0,0,0,
2026-09-29T17:38:44,24.0,24.0,25.0,0.0,0.0,0.0,0.0,0.0,0.0,0,0,0,
2026-09-29T17:38:46,24.0,24.0,25.0,0.0,0.0,0.0,0.0,0.0,0.0,0,0,0,
2026-09-29T17:38:48,24.0,24.0,25.0,0.0,0.0,0.0,0.0,0.0,0.0,0,0,0,
2026-09-29T17:38:50,24.0,24.0,25.0,0.0,0.0,0.0,0.0,0.0,0.0,0,0,0,
2026-09-29T17:38:52,24.0,24.0,25.0,0.0,0.0,0.0,0.0,0.0,0.0,0,0,0,
2026-09-29T17:38:54,24.0,24.0,25.0,0.0,0.0,0.0,0.0,0.0,0.0,0,0,0,
2026-09-29T17:38:56,24.0,24.0,25.0,0.0,0.0,0.0,0.0,0.0,0.0,0,0,0,
2026-09-29T17:38:58,24.0,24.0,25.0,0.0,0.0,0.0,0.0,0.0,0.0,0,0,0,
2026-09-29T17:39:00,24.0,24.0,25.0,0.0,0.0,0.0,0.0,0.0,0.0,0,0,0,
2026-09-29T17:39:02,24.0,24.0,25.0,0.0,0.0,0.0,0.0,0.0,0.0,0,0,0,
2026-09-29T17:39:04,24.0,24.0,25.0,0.0,0.0,0.0,0.0,0.0,0.0,0,0,0,
2026-09-29T17:39:06,24.0,24.0,25.0,0.0,0.0,0.0,0.0,0.0,0.0,0,0,0,
2026-09-29T17:39:08,24.0,24.0,25.0,0.0,0.0,0.0,0.0,0.0,0.0,0,0,0,
2026-09-29T17:39:10,24.0,24.0,25.0,0.0,0.0,0.0,0.0,0.0,0.0,0,0,0,
2026-09-29T17:39:12,24.0,24.0,25.0,0.0,0.0,0.0,0.0,0.0,0.0,0,0,0,
2026-09-29T17:39:14,24.0,24.0,25.0,0.0,0.0,0.0,0.0,0.0,0.0,0,0,0,
2026-09-29T17:39:16,24.0,24.0,25.0,0.0,0.0,0.0,0.0,0.0,0.0,0,0,0,
2026-09-29T17:39:18,24.0,24.0,25.0,0.0,0.0,0.0,0.0,0.0,0.0,0,0,0,
2026-09-29T17:39:20,24.0,24.0,25.0,0.0,0.0,0.0,0.0,0.0,0.0,0,0,0,
2026-09-29T17:39:22,24.0,24.0,25.0,0.0,0.0,0.0,0.0,0.0,0.0,0,0,0,
2026-09-29T17:39:24,24.0,24.0,25.0,0.0,0.0,0.0,0.0,0.0,0.0,0,0,0,
2026-09-29T17:39:26,24.0,24.0,25.0,0.0,0.0,0.0,0.0,0.0,0.0,0,0,0,
2026-09-29T17:39:28,24.0,24.0,25.0,0.0,0.0,0.0,0.0,0.0,0.0,0,0,0,
2026-09-29T17:39:30,24.0,24.0,25.0,0.0,0.0,0.0,0.0,0.0,0.0,0,0,0,
2026-09-29T17:39:32,24.0,24.0,25.0,0.0,0.0,0.0,0.0,0.0,0.0,0,0,0,
2026-09-29T17:39:34,24.0,24.0,25.0,0.0,0.0,0.0,0.0,0.0,0.0,0,0,0,
2026-09-29T17:39:36,24.0,24.0,25.0,0.0,0.0,0.0,0.0,0.0,0.0,0,0,0,
2026-09-29T17:39:38,24.0,24.0,25.0,0.0,0.0,0.0,0.0,0.0,0.0,0,0,0,
2026-09-29T17:39:40,24.0,24.0,25.0,0.0,0.0,0.0,0.0,0.0,0.0,0,0,0,
2026-09-29T17:39:42,24.0,24.0,25.0,0.0,0.0,0.0,0.0,0.0,0.0,0,0,0,
2026-09-29T17:39:44,24.0,24.0,25.0,0.0,0.0,0.0,0.0,0.0,0.0,0,0,0,
2026-09-29T17:39:46,24.0,24.0,25.0,0.0,0.0,0.0,0.0,0.0,0.0,0,0,0,
2026-09-29T17:39:48,24.0,24.0,25.0,0.0,0.0,0.0,0.0,0.0,0.0,0,0,0,
2026-09-29T17:39:50,24.0,24.0,25.0,0.0,0.0,0.0,0.0,0.0,0.0,0,0,0,
2026-09-29T17:39:52,24.0,24.0,25.0,0.0,0.0,0.0,0.0,0.0,0.0,0,0,0,
2026-09-29T17:39:54,24.0,24.0,25.0,0.0,0.0,0.0,0.0,0.0,0.0,0,0,0,
2026-09-29T17:39:56,24.0,24.0,25.0,0.0,0.0,0.0,0.0,0.0,0.0,0,0,0,
2026-09-29T17:39:58,24.0,24.0,25.0,0.0,0.0,0.0,0.0,0.0,0.0,0,0,0,
2026-09-29T17:40:00,24.0,24.0,25.0,0.0,0.0,0.0,0.0,0.0,0.0,0,0,0,
2026-09-29T17:40:02,24.0,24.0,25.0,0.0,0.0,0.0,0.0,0.0,0.0,0,0,0,
2026-09-29T17:40:04,24.0,24.0,25.0,0.0,0.0,0.0,0.0,0.0,0.0,0,0,0,
2026-09-29T17:40:06,24.0,24.0,25.0,0.0,0.0,0.0,0.0,0.0,0.0,0,0,0,
2026-09-29T17:40:12,24.0,24.0,25.0,0.0,0.0,0.0,0.0,0.0,0.0,0,0,0,
